window_id,session_id,source_file,start_s,end_s,scheduled_label,quality_status,quality_reason,confidence_status,final_label,sample_count,max_gap_ms,clip_fraction,psd_resp_band,psd_total,snr_resp,variance_filtered,zero_crossings,spectral_entropy,peak_freq_hz,peak_power,pc1_var_explained,activity_log,breathing_activity_threshold
session_20260812_092121_breathing_off_breathing_off_w00000,session_20260812_092121_breathing_off_breathing_off,/Users/jandonyggarofalo/Documents/Desa/UNI/Semestre7/embebidos/esp-csi/examples/get-started/csi_send/data/raw/session_20260812_092121_breathing_off_breathing_off.csv,10.0,18.0,breathing_off,rejected,insufficient_samples,not_evaluated,,32,,,,,,,,,,,,,
session_20260812_092121_breathing_off_breathing_off_w00001,session_20260812_092121_breathing_off_breathing_off,/Users/jandonyggarofalo/Documents/Desa/UNI/Semestre7/embebidos/esp-csi/examples/get-started/csi_send/data/raw/session_20260812_092121_breathing_off_breathing_off.csv,12.0,20.0,breathing_off,rejected,insufficient_samples,not_evaluated,,64,,,,,,,,,,,,,
session_20260812_092121_breathing_off_breathing_off_w00002,session_20260812_092121_breathing_off_breathing_off,/Users/jandonyggarofalo/Documents/Desa/UNI/Semestre7/embebidos/esp-csi/examples/get-started/csi_send/data/raw/session_20260812_092121_breathing_off_breathing_off.csv,14.0,22.0,breathing_off,rejected,insufficient_samples,not_evaluated,,32,,,,,,,,,,,,,
session_20260812_092121_breathing_off_breathing_off_w00003,session_20260812_092121_breathing_off_breathing_off,/Users/jandonyggarofalo/Documents/Desa/UNI/Semestre7/embebidos/esp-csi/examples/get-started/csi_send/data/raw/session_20260812_092121_breathing_off_breathing_off.csv,16.0,24.0,breathing_off,rejected,insufficient_samples,not_evaluated,,64,,,,,,,,,,,,,
session_20260812_092121_breathing_off_breathing_off_w00004,session_20260812_092121_breathing_off_breathing_off,/Users/jandonyggarofalo/Documents/Desa/UNI/Semestre7/embebidos/esp-csi/examples/get-started/csi_send/data/raw/session_20260812_092121_breathing_off_breathing_off.csv,18.0,26.0,breathing_off,rejected,insufficient_samples,not_evaluated,,64,,,,,,,,,,,,,
session_20260812_092121_breathing_off_breathing_off_w00005,session_20260812_092121_breathing_off_breathing_off,/Users/jandonyggarofalo/Documents/Desa/UNI/Semestre7/embebidos/esp-csi/examples/get-started/csi_send/data/raw/session_20260812_092121_breathing_off_breathing_off.csv,20.0,28.0,breathing_off,rejected,insufficient_samples,not_evaluated,,32,,,,,,,,,,,,,
session_20260812_092121_breathing_off_breathing_off_w00006,session_20260812_092121_breathing_off_breathing_off,/Users/jandonyggarofalo/Documents/Desa/UNI/Semestre7/embebidos/esp-csi/examples/get-started/csi_send/data/raw/session_20260812_092121_breathing_off_breathing_off.csv,22.0,30.0,breathing_off,rejected,insufficient_samples,not_evaluated,,239,,,,,,,,,,,,,
session_20260812_092121_breathing_off_breathing_off_w00007,session_20260812_092121_breathing_off_breathing_off,/Users/jandonyggarofalo/Documents/Desa/UNI/Semestre7/embebidos/esp-csi/examples/get-started/csi_send/data/raw/session_20260812_092121_breathing_off_breathing_off.csv,24.0,32.0,breathing_off,accepted,,trusted_breathing,breathing,404,53.308,0.01753945,10.133774792963317,0.20529027032090022,49.36315187793999,2.9236818300771046,3,1.111852678603145,0.25,21.902809212296297,0.7704784274101257,1.0057712485574086,2.1297770758120897
session_20260812_092121_breathing_off_breathing_off_w00008,session_20260812_092121_breathing_off_breathing_off,/Users/jandonyggarofalo/Documents/Desa/UNI/Semestre7/embebidos/esp-csi/examples/get-started/csi_send/data/raw/session_20260812_092121_breathing_off_breathing_off.csv,26.0,34.0,breathing_off,accepted,,trusted_breathing,breathing,608,53.308,0.0142758,9.595564042024169,0.20642027002334268,46.48557063166609,4.403359447095876,5,1.490110285875493,0.375,14.342728536077589,0.7584617137908936,0.9820705083199925,2.1297770758120897
session_20260812_092121_breathing_off_breathing_off_w00009,session_20260812_092121_breathing_off_breathing_off,/Users/jandonyggarofalo/Documents/Desa/UNI/Semestre7/embebidos/esp-csi/examples/get-started/csi_send/data/raw/session_20260812_092121_breathing_off_breathing_off.csv,28.0,36.0,breathing_off,accepted,,trusted_breathing,breathing,806,85.288,0.01191261,42.22766912121732,0.9416599043805878,44.84386446181895,21.18327807666099,3,1.2802304861656977,0.125,102.40780949934087,0.772178590297699,1.6255971099418285,2.1297770758120897
session_20260812_092121_breathing_off_breathing_off_w00010,session_20260812_092121_breathing_off_breathing_off,/Users/jandonyggarofalo/Documents/Desa/UNI/Semestre7/embebidos/esp-csi/examples/get-started/csi_send/data/raw/session_20260812_092121_breathing_off_breathing_off.csv,30.0,38.0,breathing_off,accepted,,trusted_breathing,breathing,801,85.288,0.00530587,54.37972442748384,1.092414259671709,49.77939819622657,17.62993452780163,3,1.1964684610467233,0.25,106.3679446187869,0.8105023503303528,1.7354370024437222,2.1297770758120897
session_20260812_092121_breathing_off_breathing_off_w00011,session_20260812_092121_breathing_off_breathing_off,/Users/jandonyggarofalo/Documents/Desa/UNI/Semestre7/embebidos/esp-csi/examples/get-started/csi_send/data/raw/session_20260812_092121_breathing_off_breathing_off.csv,32.0,40.0,breathing_off,accepted,,trusted_breathing,breathing,805,85.288,0.0023486,156.61207422536373,3.433934108207675,45.60718676895667,52.40366742872249,2,1.1131688477662294,0.125,312.5833635435367,0.8294957280158997,2.1948252415489113,2.1297770758120897
session_20260812_092121_breathing_off_breathing_off_w00012,session_20260812_092121_breathing_off_breathing_off,/Users/jandonyggarofalo/Documents/Desa/UNI/Semestre7/embebidos/esp-csi/examples/get-started/csi_send/data/raw/session_20260812_092121_breathing_off_breathing_off.csv,34.0,42.0,breathing_off,accepted,,trusted_breathing,breathing,803,85.288,0.00371653,85.98786452021467,1.7660515320653263,48.68932925168193,61.462703364579156,3,1.1657118239748434,0.25,192.72508348876897,0.8382723927497864,1.934437163525053,2.1297770758120897
session_20260812_092121_breathing_off_breathing_off_w00013,session_20260812_092121_breathing_off_breathing_off,/Users/jandonyggarofalo/Documents/Desa/UNI/Semestre7/embebidos/esp-csi/examples/get-started/csi_send/data/raw/session_20260812_092121_breathing_off_breathing_off.csv,36.0,44.0,breathing_off,accepted,,trusted_breathing,breathing,804,33.817,0.00453786,343.2169190333728,7.651331403540043,44.85714981245378,135.0944110675634,3,1.2052791437710246,0.125,725.4324972894403,0.8390974402427673,2.535568688447422,2.1297770758120897
session_20260812_092121_breathing_off_breathing_off_w00014,session_20260812_092121_breathing_off_breathing_off,/Users/jandonyggarofalo/Documents/Desa/UNI/Semestre7/embebidos/esp-csi/examples/get-started/csi_send/data/raw/session_20260812_092121_breathing_off_breathing_off.csv,38.0,46.0,breathing_off,accepted,,trusted_breathing,breathing,803,41.244,0.00699525,184.52363528324543,4.692959923931634,39.31924377666903,274.1720869727885,6,1.4798696950755432,0.25,292.1355631071913,0.7962753176689148,2.4380232378686846,2.1297770758120897
session_20260812_092121_breathing_off_breathing_off_w00015,session_20260812_092121_breathing_off_breathing_off,/Users/jandonyggarofalo/Documents/Desa/UNI/Semestre7/embebidos/esp-csi/examples/get-started/csi_send/data/raw/session_20260812_092121_breathing_off_breathing_off.csv,40.0,48.0,breathing_off,accepted,,trusted_breathing,breathing,799,41.244,0.00839917,116.54123534621843,3.1427641198869987,37.08239972854587,234.90104895086407,4,1.5095975115116111,0.25,224.9172601008893,0.7651401162147522,2.3520227843771484,2.1297770758120897
session_20260812_092121_breathing_off_breathing_off_w00016,session_20260812_092121_breathing_off_breathing_off,/Users/jandonyggarofalo/Documents/Desa/UNI/Semestre7/embebidos/esp-csi/examples/get-started/csi_send/data/raw/session_20260812_092121_breathing_off_breathing_off.csv,42.0,50.0,breathing_off,rejected,time_gap,not_evaluated,,796,110.187,,,,,,,,,,,,
session_20260812_092121_breathing_off_breathing_off_w00017,session_20260812_092121_breathing_off_breathing_off,/Users/jandonyggarofalo/Documents/Desa/UNI/Semestre7/embebidos/esp-csi/examples/get-started/csi_send/data/raw/session_20260812_092121_breathing_off_breathing_off.csv,44.0,52.0,breathing_off,rejected,time_gap,not_evaluated,,803,110.187,,,,,,,,,,,,
session_20260812_092121_breathing_off_breathing_off_w00018,session_20260812_092121_breathing_off_breathing_off,/Users/jandonyggarofalo/Documents/Desa/UNI/Semestre7/embebidos/esp-csi/examples/get-started/csi_send/data/raw/session_20260812_092121_breathing_off_breathing_off.csv,46.0,54.0,breathing_off,rejected,time_gap,not_evaluated,,800,110.187,,,,,,,,,,,,
session_20260812_092121_breathing_off_breathing_off_w00019,session_20260812_092121_breathing_off_breathing_off,/Users/jandonyggarofalo/Documents/Desa/UNI/Semestre7/embebidos/esp-csi/examples/get-started/csi_send/data/raw/session_20260812_092121_breathing_off_breathing_off.csv,48.0,56.0,breathing_off,rejected,time_gap,not_evaluated,,797,110.187,,,,,,,,,,,,
session_20260812_092121_breathing_off_breathing_off_w00020,session_20260812_092121_breathing_off_breathing_off,/Users/jandonyggarofalo/Documents/Desa/UNI/Semestre7/embebidos/esp-csi/examples/get-started/csi_send/data/raw/session_20260812_092121_breathing_off_breathing_off.csv,50.0,58.0,breathing_off,rejected,time_gap,not_evaluated,,786,117.985,,,,,,,,,,,,
session_20260812_092121_breathing_off_breathing_off_w00021,session_20260812_092121_breathing_off_breathing_off,/Users/jandonyggarofalo/Documents/Desa/UNI/Semestre7/embebidos/esp-csi/examples/get-started/csi_send/data/raw/session_20260812_092121_breathing_off_breathing_off.csv,52.0,60.0,breathing_off,rejected,time_gap,not_evaluated,,779,275.83,,,,,,,,,,,,
session_20260812_092121_breathing_off_breathing_off_w00022,session_20260812_092121_breathing_off_breathing_off,/Users/jandonyggarofalo/Documents/Desa/UNI/Semestre7/embebidos/esp-csi/examples/get-started/csi_send/data/raw/session_20260812_092121_breathing_off_breathing_off.csv,54.0,62.0,breathing_off,rejected,time_gap,not_evaluated,,764,275.83,,,,,,,,,,,,
session_20260812_092121_breathing_off_breathing_off_w00023,session_20260812_092121_breathing_off_breathing_off,/Users/jandonyggarofalo/Documents/Desa/UNI/Semestre7/embebidos/esp-csi/examples/get-started/csi_send/data/raw/session_20260812_092121_breathing_off_breathing_off.csv,56.0,64.0,breathing_off,rejected,time_gap,not_evaluated,,760,275.83,,,,,,,,,,,,
session_20260812_092121_breathing_off_breathing_off_w00024,session_20260812_092121_breathing_off_breathing_off,/Users/jandonyggarofalo/Documents/Desa/UNI/Semestre7/embebidos/esp-csi/examples/get-started/csi_send/data/raw/session_20260812_092121_breathing_off_breathing_off.csv,58.0,66.0,breathing_off,rejected,time_gap,not_evaluated,,770,275.83,,,,,,,,,,,,
session_20260812_092121_breathing_off_breathing_off_w00025,session_20260812_092121_breathing_off_breathing_off,/Users/jandonyggarofalo/Documents/Desa/UNI/Semestre7/embebidos/esp-csi/examples/get-started/csi_send/data/raw/session_20260812_092121_breathing_off_breathing_off.csv,60.0,68.0,breathing_off,rejected,time_gap,not_evaluated,,768,186.413,,,,,,,,,,,,
session_20260812_092121_breathing_off_breathing_off_w00026,session_20260812_092121_breathing_off_breathing_off,/Users/jandonyggarofalo/Documents/Desa/UNI/Semestre7/embebidos/esp-csi/examples/get-started/csi_send/data/raw/session_20260812_092121_breathing_off_breathing_off.csv,62.0,70.0,breathing_off,accepted,,trusted_breathing,breathing,786,88.053,0.00813057,262.9040336198949,5.2907299844110875,49.69144794659354,82.07779213843678,5,1.1751847693681536,0.375,531.0890679614635,0.6434245109558105,2.4197972493449496,2.1297770758120897
session_20260812_092121_breathing_off_breathing_off_w00027,session_20260812_092121_breathing_off_breathing_off,/Users/jandonyggarofalo/Documents/Desa/UNI/Semestre7/embebidos/esp-csi/examples/get-started/csi_send/data/raw/session_20260812_092121_breathing_off_breathing_off.csv,64.0,72.0,breathing_off,accepted,,trusted_breathing,breathing,790,88.053,0.00650712,526.5734300171217,15.048026613256278,34.992856109997284,859.938664190098,4,1.2358881153850707,0.125,1229.8374652946547,0.6480841040611267,2.934467475948519,2.1297770758120897
session_20260812_092121_breathing_off_breathing_off_w00028,session_20260812_092121_breathing_off_breathing_off,/Users/jandonyggarofalo/Documents/Desa/UNI/Semestre7/embebidos/esp-csi/examples/get-started/csi_send/data/raw/session_20260812_092121_breathing_off_breathing_off.csv,66.0,74.0,breathing_off,accepted,,trusted_breathing,breathing,790,88.053,0.00779272,152.51487983209418,3.460367416876303,44.074764745567485,174.88465761392243,6,1.3534217531755754,0.375,323.1917807820556,0.619540810585022,2.242751711103167,2.1297770758120897
session_20260812_092121_breathing_off_breathing_off_w00029,session_20260812_092121_breathing_off_breathing_off,/Users/jandonyggarofalo/Documents/Desa/UNI/Semestre7/embebidos/esp-csi/examples/get-started/csi_send/data/raw/session_20260812_092121_breathing_off_breathing_off.csv,68.0,76.0,breathing_off,accepted,,trusted_breathing,breathing,797,65.076,0.00745961,93.50517343763777,2.195627815916335,42.586987083952216,81.84586335488808,6,1.555424392143964,0.125,131.73501380625433,0.583371102809906,1.9708356401052738,2.1297770758120897
session_20260812_092121_breathing_off_breathing_off_w00030,session_20260812_092121_breathing_off_breathing_off,/Users/jandonyggarofalo/Documents/Desa/UNI/Semestre7/embebidos/esp-csi/examples/get-started/csi_send/data/raw/session_20260812_092121_breathing_off_breathing_off.csv,70.0,78.0,breathing_off,accepted,,trusted_breathing,breathing,800,65.076,0.00519531,70.05751803593833,1.4797582172598855,47.343895251765304,45.21941373028711,5,1.3797082419939897,0.375,119.3923109036518,0.6601388454437256,1.8454547472781433,2.1297770758120897
session_20260812_092121_breathing_off_breathing_off_w00031,session_20260812_092121_breathing_off_breathing_off,/Users/jandonyggarofalo/Documents/Desa/UNI/Semestre7/embebidos/esp-csi/examples/get-started/csi_send/data/raw/session_20260812_092121_breathing_off_breathing_off.csv,72.0,80.0,breathing_off,accepted,,trusted_breathing,breathing,801,65.076,0.00899267,203.20910487984563,4.139936728989946,49.08507501016208,71.49451259799434,4,1.2646957227668219,0.25,422.03758172020656,0.7463292479515076,2.307943162817047,2.1297770758120897
session_20260812_092121_breathing_off_breathing_off_w00032,session_20260812_092121_breathing_off_breathing_off,/Users/jandonyggarofalo/Documents/Desa/UNI/Semestre7/embebidos/esp-csi/examples/get-started/csi_send/data/raw/session_20260812_092121_breathing_off_breathing_off.csv,74.0,82.0,breathing_off,accepted,,trusted_breathing,breathing,801,65.076,0.01258193,134.82706350460538,2.8051409195434958,48.06427461993562,51.30120065900499,4,1.336515353086426,0.375,222.62963429794712,0.788769543170929,2.1297770758120897,2.1297770758120897
session_20260812_092121_breathing_off_breathing_off_w00033,session_20260812_092121_breathing_off_breathing_off,/Users/jandonyggarofalo/Documents/Desa/UNI/Semestre7/embebidos/esp-csi/examples/get-started/csi_send/data/raw/session_20260812_092121_breathing_off_breathing_off.csv,76.0,84.0,breathing_off,accepted,,trusted_breathing,breathing,793,39.709,0.00682732,195.62040016874363,5.055476676838336,38.694748818630636,176.61118956161525,4,1.1712884370703138,0.125,594.7335212713022,0.818678617477417,2.291414142980908,2.1297770758120897
session_20260812_092121_breathing_off_breathing_off_w00034,session_20260812_092121_breathing_off_breathing_off,/Users/jandonyggarofalo/Documents/Desa/UNI/Semestre7/embebidos/esp-csi/examples/get-started/csi_send/data/raw/session_20260812_092121_breathing_off_breathing_off.csv,78.0,86.0,breathing_off,accepted,,trusted_breathing,breathing,792,33.865,0.00655974,254.1228429417891,5.232220215918496,48.56883549522585,89.02385273992644,4,1.29980268685946,0.375,404.1091332088059,0.7634510397911072,2.4050437052616243,2.1297770758120897
session_20260812_092121_breathing_off_breathing_off_w00035,session_20260812_092121_breathing_off_breathing_off,/Users/jandonyggarofalo/Documents/Desa/UNI/Semestre7/embebidos/esp-csi/examples/get-started/csi_send/data/raw/session_20260812_092121_breathing_off_breathing_off.csv,80.0,88.0,breathing_off,accepted,,trusted_breathing,breathing,785,40.169,0.00484674,275.3314429815748,5.735520738504181,48.004611182581655,81.92319435862133,4,1.4811316986537193,0.25,396.3032423033712,0.7489513754844666,2.4398558108616566,2.1297770758120897
session_20260812_092121_breathing_off_breathing_off_w00036,session_20260812_092121_breathing_off_breathing_off,/Users/jandonyggarofalo/Documents/Desa/UNI/Semestre7/embebidos/esp-csi/examples/get-started/csi_send/data/raw/session_20260812_092121_breathing_off_breathing_off.csv,82.0,90.0,breathing_off,accepted,,trusted_breathing,breathing,782,73.689,0.00649377,164.2980385033985,5.0212298901106855,32.720676427691714,384.9301530309995,4,1.2804031017522497,0.125,449.9354162751581,0.7410241961479187,2.5853819323522185,2.1297770758120897
session_20260812_092121_breathing_off_breathing_off_w00037,session_20260812_092121_breathing_off_breathing_off,/Users/jandonyggarofalo/Documents/Desa/UNI/Semestre7/embebidos/esp-csi/examples/get-started/csi_send/data/raw/session_20260812_092121_breathing_off_breathing_off.csv,84.0,92.0,breathing_off,accepted,,trusted_breathing,breathing,780,73.689,0.0077524,69.21666578470703,1.6034552884428774,43.167194173453055,50.60984798650066,3,1.3521063602420267,0.25,128.9544898969629,0.7358750700950623,1.840210675192455,2.1297770758120897
session_20260812_092121_breathing_off_breathing_off_w00038,session_20260812_092121_breathing_off_breathing_off,/Users/jandonyggarofalo/Documents/Desa/UNI/Semestre7/embebidos/esp-csi/examples/get-started/csi_send/data/raw/session_20260812_092121_breathing_off_breathing_off.csv,86.0,94.0,breathing_off,accepted,,trusted_breathing,breathing,772,73.689,0.00599093,112.03447148777734,2.7383961000599135,40.91244195289543,125.22776726899423,5,1.4236453155287159,0.25,201.6618465450337,0.7580810785293579,2.0977006374577845,2.1297770758120897
session_20260812_092121_breathing_off_breathing_off_w00039,session_20260812_092121_breathing_off_breathing_off,/Users/jandonyggarofalo/Documents/Desa/UNI/Semestre7/embebidos/esp-csi/examples/get-started/csi_send/data/raw/session_20260812_092121_breathing_off_breathing_off.csv,88.0,96.0,breathing_off,accepted,,trusted_breathing,breathing,783,73.689,0.00585688,394.3391691844914,11.077291225520888,35.598880733219396,433.9714805371877,3,1.1626783943293626,0.125,1159.9024029060008,0.7621744871139526,2.6374611897606686,2.1297770758120897
session_20260812_092121_breathing_off_breathing_off_w00040,session_20260812_092121_breathing_off_breathing_off,/Users/jandonyggarofalo/Documents/Desa/UNI/Semestre7/embebidos/esp-csi/examples/get-started/csi_send/data/raw/session_20260812_092121_breathing_off_breathing_off.csv,90.0,98.0,breathing_off,accepted,,trusted_breathing,breathing,781,39.555,0.00446143,23.157905544211864,0.703319777431379,32.92656667320633,44.45170387462267,7,1.4865921861163172,0.125,55.282110546918034,0.7916624546051025,1.6478884125315332,2.1297770758120897
session_20260812_092121_breathing_off_breathing_off_w00041,session_20260812_092121_breathing_off_breathing_off,/Users/jandonyggarofalo/Documents/Desa/UNI/Semestre7/embebidos/esp-csi/examples/get-started/csi_send/data/raw/session_20260812_092121_breathing_off_breathing_off.csv,92.0,100.0,breathing_off,accepted,,trusted_breathing,breathing,782,39.555,0.0027074,368.3545826957292,7.3526069994108925,50.09850012725997,177.75150948837654,4,1.3331647682307117,0.125,519.8554422029631,0.7831152677536011,2.566266077277879,2.1297770758120897
session_20260812_092121_breathing_off_breathing_off_w00042,session_20260812_092121_breathing_off_breathing_off,/Users/jandonyggarofalo/Documents/Desa/UNI/Semestre7/embebidos/esp-csi/examples/get-started/csi_send/data/raw/session_20260812_092121_breathing_off_breathing_off.csv,94.0,102.0,breathing_off,accepted,,trusted_breathing,breathing,788,39.555,0.00287516,627.1288303635724,13.052393837694575,48.04703552174558,215.23130190271388,6,1.4400335557406747,0.375,1012.3664184982373,0.8307086229324341,2.7973567666181216,2.1297770758120897
session_20260812_092121_breathing_off_breathing_off_w00043,session_20260812_092121_breathing_off_breathing_off,/Users/jandonyggarofalo/Documents/Desa/UNI/Semestre7/embebidos/esp-csi/examples/get-started/csi_send/data/raw/session_20260812_092121_breathing_off_breathing_off.csv,96.0,104.0,breathing_off,accepted,,trusted_breathing,breathing,788,69.093,0.0018639,448.3374803629552,9.15686715440578,48.96188541374556,155.99449718816965,6,1.2016833566567249,0.25,996.3344918317571,0.8227699398994446,2.651605046772114,2.1297770758120897
session_20260812_092121_breathing_off_breathing_off_w00044,session_20260812_092121_breathing_off_breathing_off,/Users/jandonyggarofalo/Documents/Desa/UNI/Semestre7/embebidos/esp-csi/examples/get-started/csi_send/data/raw/session_20260812_092121_breathing_off_breathing_off.csv,98.0,106.0,breathing_off,accepted,,trusted_breathing,breathing,797,69.093,0.00086261,245.3793989402318,4.986642711175001,49.20733510549905,79.57304026980047,3,1.2777067289361688,0.25,459.1221037338172,0.7927347421646118,2.3898380983170586,2.1297770758120897
session_20260812_092121_breathing_off_breathing_off_w00045,session_20260812_092121_breathing_off_breathing_off,/Users/jandonyggarofalo/Documents/Desa/UNI/Semestre7/embebidos/esp-csi/examples/get-started/csi_send/data/raw/session_20260812_092121_breathing_off_breathing_off.csv,100.0,108.0,breathing_off,accepted,,trusted_breathing,breathing,797,69.093,0.00211731,653.0573241293012,19.794878767391662,32.99122625621013,1048.9164654695016,2,1.086919760768972,0.125,2120.825785775089,0.8099814653396606,3.020740902845419,2.1297770758120897
session_20260812_092121_breathing_off_breathing_off_w00046,session_20260812_092121_breathing_off_breathing_off,/Users/jandonyggarofalo/Documents/Desa/UNI/Semestre7/embebidos/esp-csi/examples/get-started/csi_send/data/raw/session_20260812_092121_breathing_off_breathing_off.csv,102.0,110.0,breathing_off,accepted,,trusted_breathing,breathing,794,69.093,0.00360123,158.66928798888506,4.2994065367382355,36.90492783899969,158.23040937705983,5,1.3310265529027292,0.125,443.0492994498562,0.7895420789718628,2.2004928728939275,2.1297770758120897
session_20260812_092121_breathing_off_breathing_off_w00047,session_20260812_092121_breathing_off_breathing_off,/Users/jandonyggarofalo/Documents/Desa/UNI/Semestre7/embebidos/esp-csi/examples/get-started/csi_send/data/raw/session_20260812_092121_breathing_off_breathing_off.csv,104.0,112.0,breathing_off,accepted,,trusted_breathing,breathing,798,53.97,0.00392583,59.803367710730555,1.3077725103983628,45.72918243438839,22.074980838127008,5,1.5285429933730905,0.5,88.52670590276773,0.8183327317237854,1.7767256411289705,2.1297770758120897
session_20260812_092121_breathing_off_breathing_off_w00048,session_20260812_092121_breathing_off_breathing_off,/Users/jandonyggarofalo/Documents/Desa/UNI/Semestre7/embebidos/esp-csi/examples/get-started/csi_send/data/raw/session_20260812_092121_breathing_off_breathing_off.csv,106.0,114.0,breathing_off,accepted,,trusted_breathing,breathing,793,31.059,0.0053791,109.70318523507058,2.333918962296256,47.00385360727807,53.031165156168655,6,1.422634030046359,0.375,167.12849518202268,0.8053135871887207,2.0402192375102848,2.1297770758120897
session_20260812_092121_breathing_off_breathing_off_w00049,session_20260812_092121_breathing_off_breathing_off,/Users/jandonyggarofalo/Documents/Desa/UNI/Semestre7/embebidos/esp-csi/examples/get-started/csi_send/data/raw/session_20260812_092121_breathing_off_breathing_off.csv,108.0,116.0,breathing_off,accepted,,trusted_breathing,breathing,798,31.868,0.00486568,133.9468856070916,2.802149700142701,47.80147384710476,47.2736531390572,5,1.3871444884436523,0.375,236.89328768041116,0.7980688810348511,2.1269326203004932,2.1297770758120897
session_20260812_092121_breathing_off_breathing_off_w00050,session_20260812_092121_breathing_off_breathing_off,/Users/jandonyggarofalo/Documents/Desa/UNI/Semestre7/embebidos/esp-csi/examples/get-started/csi_send/data/raw/session_20260812_092121_breathing_off_breathing_off.csv,110.0,118.0,breathing_off,accepted,,trusted_breathing,breathing,802,87.331,0.00628312,84.87485860418235,1.7821965492109189,47.62373636157792,84.05073917691585,5,1.4473060067941876,0.25,141.18905651634566,0.7290891408920288,1.9287790637837088,2.1297770758120897
session_20260812_092121_breathing_off_breathing_off_w00051,session_20260812_092121_breathing_off_breathing_off,/Users/jandonyggarofalo/Documents/Desa/UNI/Semestre7/embebidos/esp-csi/examples/get-started/csi_send/data/raw/session_20260812_092121_breathing_off_breathing_off.csv,112.0,120.0,breathing_off,accepted,,trusted_breathing,breathing,800,87.331,0.00916992,45.17160728560976,1.1002928299064874,41.054168542939415,32.081791111376106,4,1.5151627663454732,0.125,84.76394238800691,0.6922837495803833,1.6548655438014381,2.1297770758120897
session_20260812_092121_breathing_off_breathing_off_w00052,session_20260812_092121_breathing_off_breathing_off,/Users/jandonyggarofalo/Documents/Desa/UNI/Semestre7/embebidos/esp-csi/examples/get-started/csi_send/data/raw/session_20260812_092121_breathing_off_breathing_off.csv,114.0,122.0,breathing_off,accepted,,trusted_breathing,breathing,806,87.331,0.00915982,23.2098583819294,0.4875055588923878,47.60942302814879,9.192259626834193,8,1.3197474472978716,0.5,42.64901116490695,0.7276363372802734,1.365672490557865,2.1297770758120897
session_20260812_092121_breathing_off_breathing_off_w00053,session_20260812_092121_breathing_off_breathing_off,/Users/jandonyggarofalo/Documents/Desa/UNI/Semestre7/embebidos/esp-csi/examples/get-started/csi_send/data/raw/session_20260812_092121_breathing_off_breathing_off.csv,116.0,124.0,breathing_off,accepted,,trusted_breathing,breathing,812,87.331,0.00904403,30.881628316033115,0.7084687427542158,43.58926012167495,14.500982460752725,3,1.5982963054327002,0.125,49.20884524029686,0.6897785067558289,1.4897001915997221,2.1297770758120897
session_20260812_092121_breathing_off_breathing_off_w00054,session_20260812_092121_breathing_off_breathing_off,/Users/jandonyggarofalo/Documents/Desa/UNI/Semestre7/embebidos/esp-csi/examples/get-started/csi_send/data/raw/session_20260812_092121_breathing_off_breathing_off.csv,118.0,126.0,breathing_off,accepted,,trusted_breathing,breathing,811,35.535,0.00704185,17.044691381085013,0.48129421359889346,35.41428693604553,29.59540033865337,6,1.657540532018057,0.125,27.428825713075675,0.7113577127456665,1.4382072149232454,2.1297770758120897
session_20260812_092121_breathing_off_breathing_off_w00055,session_20260812_092121_breathing_off_breathing_off,/Users/jandonyggarofalo/Documents/Desa/UNI/Semestre7/embebidos/esp-csi/examples/get-started/csi_send/data/raw/session_20260812_092121_breathing_off_breathing_off.csv,120.0,128.0,breathing_off,accepted,,trusted_breathing,breathing,811,35.535,0.01102035,13.138529966429495,0.28400860645707426,46.26102754519527,9.753578628138536,3,1.3876412278223291,0.25,23.190482715648585,0.7263445258140564,1.1185467759405008,2.1297770758120897
session_20260812_092121_breathing_off_breathing_off_w00056,session_20260812_092121_breathing_off_breathing_off,/Users/jandonyggarofalo/Documents/Desa/UNI/Semestre7/embebidos/esp-csi/examples/get-started/csi_send/data/raw/session_20260812_092121_breathing_off_breathing_off.csv,122.0,130.0,breathing_off,rejected,time_gap,not_evaluated,,744,634.495,,,,,,,,,,,,
session_20260812_092121_breathing_off_breathing_off_w00057,session_20260812_092121_breathing_off_breathing_off,/Users/jandonyggarofalo/Documents/Desa/UNI/Semestre7/embebidos/esp-csi/examples/get-started/csi_send/data/raw/session_20260812_092121_breathing_off_breathing_off.csv,124.0,132.0,breathing_off,rejected,time_gap,not_evaluated,,700,634.495,,,,,,,,,,,,
session_20260812_092121_breathing_off_breathing_off_w00058,session_20260812_092121_breathing_off_breathing_off,/Users/jandonyggarofalo/Documents/Desa/UNI/Semestre7/embebidos/esp-csi/examples/get-started/csi_send/data/raw/session_20260812_092121_breathing_off_breathing_off.csv,126.0,134.0,breathing_off,rejected,time_gap,not_evaluated,,567,634.495,,,,,,,,,,,,
session_20260812_092121_breathing_off_breathing_off_w00059,session_20260812_092121_breathing_off_breathing_off,/Users/jandonyggarofalo/Documents/Desa/UNI/Semestre7/embebidos/esp-csi/examples/get-started/csi_send/data/raw/session_20260812_092121_breathing_off_breathing_off.csv,128.0,136.0,breathing_off,rejected,time_gap,not_evaluated,,366,634.495,,,,,,,,,,,,
session_20260812_092121_breathing_off_breathing_off_w00060,session_20260812_092121_breathing_off_breathing_off,/Users/jandonyggarofalo/Documents/Desa/UNI/Semestre7/embebidos/esp-csi/examples/get-started/csi_send/data/raw/session_20260812_092121_breathing_off_breathing_off.csv,130.0,138.0,breathing_off,rejected,insufficient_samples,not_evaluated,,230,,,,,,,,,,,,,
session_20260812_092121_breathing_off_breathing_off_w00061,session_20260812_092121_breathing_off_breathing_off,/Users/jandonyggarofalo/Documents/Desa/UNI/Semestre7/embebidos/esp-csi/examples/get-started/csi_send/data/raw/session_20260812_092121_breathing_off_breathing_off.csv,132.0,140.0,breathing_off,rejected,insufficient_samples,not_evaluated,,68,,,,,,,,,,,,,
session_20260812_092121_breathing_off_breathing_off_w00062,session_20260812_092121_breathing_off_breathing_off,/Users/jandonyggarofalo/Documents/Desa/UNI/Semestre7/embebidos/esp-csi/examples/get-started/csi_send/data/raw/session_20260812_092121_breathing_off_breathing_off.csv,134.0,142.0,breathing_off,rejected,insufficient_samples,not_evaluated,,24,,,,,,,,,,,,,
session_20260812_092121_breathing_off_breathing_off_w00063,session_20260812_092121_breathing_off_breathing_off,/Users/jandonyggarofalo/Documents/Desa/UNI/Semestre7/embebidos/esp-csi/examples/get-started/csi_send/data/raw/session_20260812_092121_breathing_off_breathing_off.csv,136.0,144.0,breathing_off,rejected,insufficient_samples,not_evaluated,,214,,,,,,,,,,,,,
session_20260812_092121_breathing_off_breathing_off_w00064,session_20260812_092121_breathing_off_breathing_off,/Users/jandonyggarofalo/Documents/Desa/UNI/Semestre7/embebidos/esp-csi/examples/get-started/csi_send/data/raw/session_20260812_092121_breathing_off_breathing_off.csv,138.0,146.0,breathing_off,rejected,time_gap,not_evaluated,,417,156.817,,,,,,,,,,,,
session_20260812_092121_breathing_off_breathing_off_w00065,session_20260812_092121_breathing_off_breathing_off,/Users/jandonyggarofalo/Documents/Desa/UNI/Semestre7/embebidos/esp-csi/examples/get-started/csi_send/data/raw/session_20260812_092121_breathing_off_breathing_off.csv,140.0,148.0,breathing_off,rejected,time_gap,not_evaluated,,609,156.817,,,,,,,,,,,,
session_20260812_092121_breathing_off_breathing_off_w00066,session_20260812_092121_breathing_off_breathing_off,/Users/jandonyggarofalo/Documents/Desa/UNI/Semestre7/embebidos/esp-csi/examples/get-started/csi_send/data/raw/session_20260812_092121_breathing_off_breathing_off.csv,142.0,150.0,breathing_off,rejected,time_gap,not_evaluated,,741,192.114,,,,,,,,,,,,
session_20260812_092121_breathing_off_breathing_off_w00067,session_20260812_092121_breathing_off_breathing_off,/Users/jandonyggarofalo/Documents/Desa/UNI/Semestre7/embebidos/esp-csi/examples/get-started/csi_send/data/raw/session_20260812_092121_breathing_off_breathing_off.csv,144.0,152.0,breathing_off,rejected,time_gap,not_evaluated,,551,192.114,,,,,,,,,,,,
session_20260812_092928_breathing_off_breathing_off_w00000,session_20260812_092928_breathing_off_breathing_off,/Users/jandonyggarofalo/Documents/Desa/UNI/Semestre7/embebidos/esp-csi/examples/get-started/csi_send/data/raw/session_20260812_092928_breathing_off_breathing_off.csv,10.0,18.0,breathing_off,rejected,time_gap,not_evaluated,,753,289.643,,,,,,,,,,,,
session_20260812_092928_breathing_off_breathing_off_w00001,session_20260812_092928_breathing_off_breathing_off,/Users/jandonyggarofalo/Documents/Desa/UNI/Semestre7/embebidos/esp-csi/examples/get-started/csi_send/data/raw/session_20260812_092928_breathing_off_breathing_off.csv,12.0,20.0,breathing_off,rejected,time_gap,not_evaluated,,718,289.643,,,,,,,,,,,,
session_20260812_092928_breathing_off_breathing_off_w00002,session_20260812_092928_breathing_off_breathing_off,/Users/jandonyggarofalo/Documents/Desa/UNI/Semestre7/embebidos/esp-csi/examples/get-started/csi_send/data/raw/session_20260812_092928_breathing_off_breathing_off.csv,14.0,22.0,breathing_off,rejected,time_gap,not_evaluated,,640,320.835,,,,,,,,,,,,
session_20260812_092928_breathing_off_breathing_off_w00003,session_20260812_092928_breathing_off_breathing_off,/Users/jandonyggarofalo/Documents/Desa/UNI/Semestre7/embebidos/esp-csi/examples/get-started/csi_send/data/raw/session_20260812_092928_breathing_off_breathing_off.csv,16.0,24.0,breathing_off,rejected,time_gap,not_evaluated,,467,320.835,,,,,,,,,,,,
session_20260812_092928_breathing_off_breathing_off_w00004,session_20260812_092928_breathing_off_breathing_off,/Users/jandonyggarofalo/Documents/Desa/UNI/Semestre7/embebidos/esp-csi/examples/get-started/csi_send/data/raw/session_20260812_092928_breathing_off_breathing_off.csv,18.0,26.0,breathing_off,rejected,insufficient_samples,not_evaluated,,313,,,,,,,,,,,,,
session_20260812_092928_breathing_off_breathing_off_w00005,session_20260812_092928_breathing_off_breathing_off,/Users/jandonyggarofalo/Documents/Desa/UNI/Semestre7/embebidos/esp-csi/examples/get-started/csi_send/data/raw/session_20260812_092928_breathing_off_breathing_off.csv,20.0,28.0,breathing_off,rejected,insufficient_samples,not_evaluated,,149,,,,,,,,,,,,,
session_20260812_092928_breathing_off_breathing_off_w00006,session_20260812_092928_breathing_off_breathing_off,/Users/jandonyggarofalo/Documents/Desa/UNI/Semestre7/embebidos/esp-csi/examples/get-started/csi_send/data/raw/session_20260812_092928_breathing_off_breathing_off.csv,22.0,30.0,breathing_off,rejected,insufficient_samples,not_evaluated,,21,,,,,,,,,,,,,
session_20260812_092928_breathing_off_breathing_off_w00007,session_20260812_092928_breathing_off_breathing_off,/Users/jandonyggarofalo/Documents/Desa/UNI/Semestre7/embebidos/esp-csi/examples/get-started/csi_send/data/raw/session_20260812_092928_breathing_off_breathing_off.csv,24.0,32.0,breathing_off,rejected,insufficient_samples,not_evaluated,,112,,,,,,,,,,,,,
session_20260812_092928_breathing_off_breathing_off_w00008,session_20260812_092928_breathing_off_breathing_off,/Users/jandonyggarofalo/Documents/Desa/UNI/Semestre7/embebidos/esp-csi/examples/get-started/csi_send/data/raw/session_20260812_092928_breathing_off_breathing_off.csv,26.0,34.0,breathing_off,rejected,insufficient_samples,not_evaluated,,312,,,,,,,,,,,,,
session_20260812_092928_breathing_off_breathing_off_w00009,session_20260812_092928_breathing_off_breathing_off,/Users/jandonyggarofalo/Documents/Desa/UNI/Semestre7/embebidos/esp-csi/examples/get-started/csi_send/data/raw/session_20260812_092928_breathing_off_breathing_off.csv,28.0,36.0,breathing_off,accepted,,trusted_breathing,breathing,507,68.828,0.00080128,27.32282419870755,0.5768011458001271,47.36957337482141,11.678700564560076,2,1.318138294295199,0.125,54.6840883263194,0.7639292478561401,1.436525587781199,1.6917907751451735
session_20260812_092928_breathing_off_breathing_off_w00010,session_20260812_092928_breathing_off_breathing_off,/Users/jandonyggarofalo/Documents/Desa/UNI/Semestre7/embebidos/esp-csi/examples/get-started/csi_send/data/raw/session_20260812_092928_breathing_off_breathing_off.csv,30.0,38.0,breathing_off,accepted,,trusted_breathing,breathing,707,68.828,0.00058566,48.61460242773934,1.0038621764885685,48.42756661849836,16.397336825239933,5,1.4589352327810574,0.25,77.52936615937179,0.7401697635650635,1.6867667384239078,1.6917907751451735
session_20260812_092928_breathing_off_breathing_off_w00011,session_20260812_092928_breathing_off_breathing_off,/Users/jandonyggarofalo/Documents/Desa/UNI/Semestre7/embebidos/esp-csi/examples/get-started/csi_send/data/raw/session_20260812_092928_breathing_off_breathing_off.csv,32.0,40.0,breathing_off,accepted,,trusted_breathing,breathing,792,68.828,0.00054253,55.46038777350118,1.1269696095702373,49.21196392740478,24.574717054273997,6,1.3550836415038794,0.375,95.25397347429343,0.7379955649375916,1.743982901796179,1.6917907751451735
session_20260812_092928_breathing_off_breathing_off_w00012,session_20260812_092928_breathing_off_breathing_off,/Users/jandonyggarofalo/Documents/Desa/UNI/Semestre7/embebidos/esp-csi/examples/get-started/csi_send/data/raw/session_20260812_092928_breathing_off_breathing_off.csv,34.0,42.0,breathing_off,accepted,,trusted_breathing,breathing,794,68.828,0.00013775,200.03525645926743,5.692076208605869,35.14275795478604,331.82561769214095,3,1.3137920824800673,0.125,557.8126471799372,0.7396578192710876,2.520909911504085,1.6917907751451735
session_20260812_092928_breathing_off_breathing_off_w00013,session_20260812_092928_breathing_off_breathing_off,/Users/jandonyggarofalo/Documents/Desa/UNI/Semestre7/embebidos/esp-csi/examples/get-started/csi_send/data/raw/session_20260812_092928_breathing_off_breathing_off.csv,36.0,44.0,breathing_off,accepted,,trusted_breathing,breathing,802,42.751,9.741e-05,12.103681502910442,0.26270681468297197,46.07296357146575,6.457188559859395,5,1.3921504371642694,0.375,25.6462202991437,0.7377833724021912,1.0829174871113012,1.6917907751451735
session_20260812_092928_breathing_off_breathing_off_w00014,session_20260812_092928_breathing_off_breathing_off,/Users/jandonyggarofalo/Documents/Desa/UNI/Semestre7/embebidos/esp-csi/examples/get-started/csi_send/data/raw/session_20260812_092928_breathing_off_breathing_off.csv,38.0,46.0,breathing_off,accepted,,trusted_breathing,breathing,798,33.846,9.79e-05,35.86036026635723,1.0186560280268324,35.20360090126265,58.79475169095213,6,1.2785775012720204,0.125,100.21868228440334,0.7410785555839539,1.7693385605423522,1.6917907751451735
session_20260812_092928_breathing_off_breathing_off_w00015,session_20260812_092928_breathing_off_breathing_off,/Users/jandonyggarofalo/Documents/Desa/UNI/Semestre7/embebidos/esp-csi/examples/get-started/csi_send/data/raw/session_20260812_092928_breathing_off_breathing_off.csv,40.0,48.0,breathing_off,accepted,,trusted_breathing,breathing,803,31.887,0.00134262,91.21933995034506,2.4387265061410948,37.40449768377187,96.17886583757719,2,1.1266552360870863,0.125,291.8439943728795,0.7240244150161743,1.9830796514715632,1.6917907751451735
session_20260812_092928_breathing_off_breathing_off_w00016,session_20260812_092928_breathing_off_breathing_off,/Users/jandonyggarofalo/Documents/Desa/UNI/Semestre7/embebidos/esp-csi/examples/get-started/csi_send/data/raw/session_20260812_092928_breathing_off_breathing_off.csv,42.0,50.0,breathing_off,accepted,,trusted_breathing,breathing,805,93.881,0.00165955,176.2846265504279,4.395059676021336,40.10972308571039,159.4203619523722,6,1.4904042152510386,0.125,366.20939388479337,0.7441444396972656,2.246214439948584,1.6917907751451735
session_20260812_092928_breathing_off_breathing_off_w00017,session_20260812_092928_breathing_off_breathing_off,/Users/jandonyggarofalo/Documents/Desa/UNI/Semestre7/embebidos/esp-csi/examples/get-started/csi_send/data/raw/session_20260812_092928_breathing_off_breathing_off.csv,44.0,52.0,breathing_off,accepted,,trusted_breathing,breathing,808,93.881,0.00277498,45.130214269544815,1.004469437757974,44.929405089947565,18.971767996146585,4,1.6277072935373924,0.125,51.301685678467045,0.691041886806488,1.6544673954714084,1.6917907751451735
session_20260812_092928_breathing_off_breathing_off_w00018,session_20260812_092928_breathing_off_breathing_off,/Users/jandonyggarofalo/Documents/Desa/UNI/Semestre7/embebidos/esp-csi/examples/get-started/csi_send/data/raw/session_20260812_092928_breathing_off_breathing_off.csv,46.0,54.0,breathing_off,accepted,,trusted_breathing,breathing,805,93.881,0.00320264,79.97783523731074,2.065887006817164,38.713557408200614,94.37191326511376,3,1.2427470745976672,0.125,226.88252155884456,0.6174867153167725,1.9748427598812073,1.6917907751451735
session_20260812_092928_breathing_off_breathing_off_w00019,session_20260812_092928_breathing_off_breathing_off,/Users/jandonyggarofalo/Documents/Desa/UNI/Semestre7/embebidos/esp-csi/examples/get-started/csi_send/data/raw/session_20260812_092928_breathing_off_breathing_off.csv,48.0,56.0,breathing_off,accepted,,trusted_breathing,breathing,798,93.881,0.00235941,21.38653342626462,0.5005233312674227,42.7283446948757,31.627026023119612,5,1.397881343271559,0.375,43.35625743762845,0.597786545753479,1.5000583559223106,1.6917907751451735
session_20260812_092928_breathing_off_breathing_off_w00020,session_20260812_092928_breathing_off_breathing_off,/Users/jandonyggarofalo/Documents/Desa/UNI/Semestre7/embebidos/esp-csi/examples/get-started/csi_send/data/raw/session_20260812_092928_breathing_off_breathing_off.csv,50.0,58.0,breathing_off,accepted,,trusted_breathing,breathing,798,30.177,0.00102796,24.654468023208704,0.4954348638757931,49.76328841754642,12.351708965638691,5,1.0105498110089375,0.25,50.90012644973749,0.5127030611038208,1.3918956360670325,1.6917907751451735
session_20260812_092928_breathing_off_breathing_off_w00021,session_20260812_092928_breathing_off_breathing_off,/Users/jandonyggarofalo/Documents/Desa/UNI/Semestre7/embebidos/esp-csi/examples/get-started/csi_send/data/raw/session_20260812_092928_breathing_off_breathing_off.csv,52.0,60.0,breathing_off,accepted,,trusted_breathing,breathing,791,35.021,0.00116546,6.873630541358395,0.17461344096670553,39.364842152269716,14.789465710086704,5,1.494606898063313,0.125,11.443984520436697,0.5537107586860657,1.0585772616906317,1.6917907751451735
session_20260812_092928_breathing_off_breathing_off_w00022,session_20260812_092928_breathing_off_breathing_off,/Users/jandonyggarofalo/Documents/Desa/UNI/Semestre7/embebidos/esp-csi/examples/get-started/csi_send/data/raw/session_20260812_092928_breathing_off_breathing_off.csv,54.0,62.0,breathing_off,accepted,,trusted_breathing,breathing,799,35.021,0.00251291,61.85807111150022,1.6134147587497927,38.33984459110479,58.52174325946835,3,1.2286369173773617,0.125,171.2956047566621,0.6388949155807495,1.7913963734962588,1.6917907751451735
session_20260812_092928_breathing_off_breathing_off_w00023,session_20260812_092928_breathing_off_breathing_off,/Users/jandonyggarofalo/Documents/Desa/UNI/Semestre7/embebidos/esp-csi/examples/get-started/csi_send/data/raw/session_20260812_092928_breathing_off_breathing_off.csv,56.0,64.0,breathing_off,accepted,,trusted_breathing,breathing,804,86.823,0.00456701,7.445241477751771,0.18490942525503856,40.264261637515595,9.8196623922234,4,1.4089611519705614,0.375,15.070171377009382,0.6833055019378662,0.9920965566551332,1.6917907751451735
session_20260812_092928_breathing_off_breathing_off_w00024,session_20260812_092928_breathing_off_breathing_off,/Users/jandonyggarofalo/Documents/Desa/UNI/Semestre7/embebidos/esp-csi/examples/get-started/csi_send/data/raw/session_20260812_092928_breathing_off_breathing_off.csv,58.0,66.0,breathing_off,accepted,,trusted_breathing,breathing,804,86.823,0.00553871,11.841660784987987,0.25753291971201103,45.981153780977095,6.317632918584281,5,1.3875380308450902,0.375,27.17748133511403,0.7101491093635559,1.0734126161685884,1.6917907751451735
session_20260812_092928_breathing_off_breathing_off_w00025,session_20260812_092928_breathing_off_breathing_off,/Users/jandonyggarofalo/Documents/Desa/UNI/Semestre7/embebidos/esp-csi/examples/get-started/csi_send/data/raw/session_20260812_092928_breathing_off_breathing_off.csv,60.0,68.0,breathing_off,accepted,,trusted_breathing,breathing,804,86.823,0.00544154,17.254376440057257,0.39214976430728005,43.9994563569165,10.704973190313686,4,1.4583956116899646,0.375,37.86544372229277,0.6847974061965942,1.236899268841346,1.6917907751451735
session_20260812_092928_breathing_off_breathing_off_w00026,session_20260812_092928_breathing_off_breathing_off,/Users/jandonyggarofalo/Documents/Desa/UNI/Semestre7/embebidos/esp-csi/examples/get-started/csi_send/data/raw/session_20260812_092928_breathing_off_breathing_off.csv,62.0,70.0,breathing_off,accepted,,trusted_breathing,breathing,802,86.823,0.00370168,70.60134854842626,1.8410993123354586,38.34738738717422,60.22733138605686,2,1.1682436686604827,0.125,195.76335158286676,0.6692765951156616,1.8488129965411397,1.6917907751451735
session_20260812_092928_breathing_off_breathing_off_w00027,session_20260812_092928_breathing_off_breathing_off,/Users/jandonyggarofalo/Documents/Desa/UNI/Semestre7/embebidos/esp-csi/examples/get-started/csi_send/data/raw/session_20260812_092928_breathing_off_breathing_off.csv,64.0,72.0,breathing_off,accepted,,trusted_breathing,breathing,805,32.375,0.0023486,18.846025925360358,0.4271474674638181,44.120654717243774,10.709675929211722,4,1.4920834266297558,0.25,31.104298068935908,0.6950467824935913,1.2752197842157489,1.6917907751451735
session_20260812_092928_breathing_off_breathing_off_w00028,session_20260812_092928_breathing_off_breathing_off,/Users/jandonyggarofalo/Documents/Desa/UNI/Semestre7/embebidos/esp-csi/examples/get-started/csi_send/data/raw/session_20260812_092928_breathing_off_breathing_off.csv,66.0,74.0,breathing_off,accepted,,trusted_breathing,breathing,799,32.375,0.00262046,26.15313777467023,0.6157459798854491,42.4739074699167,30.693517589599278,5,1.5823193157495619,0.375,41.791610699208796,0.6915566921234131,1.4870466630232655,1.6917907751451735
session_20260812_092928_breathing_off_breathing_off_w00029,session_20260812_092928_breathing_off_breathing_off,/Users/jandonyggarofalo/Documents/Desa/UNI/Semestre7/embebidos/esp-csi/examples/get-started/csi_send/data/raw/session_20260812_092928_breathing_off_breathing_off.csv,68.0,76.0,breathing_off,accepted,,trusted_breathing,breathing,800,29.391,0.00318359,49.75248894384183,1.122125932172954,44.33770534778899,22.98454014202287,4,1.5841856559049885,0.125,65.09523291043696,0.6458942294120789,1.696814811866439,1.6917907751451735
session_20260812_092928_breathing_off_breathing_off_w00030,session_20260812_092928_breathing_off_breathing_off,/Users/jandonyggarofalo/Documents/Desa/UNI/Semestre7/embebidos/esp-csi/examples/get-started/csi_send/data/raw/session_20260812_092928_breathing_off_breathing_off.csv,70.0,78.0,breathing_off,accepted,,trusted_breathing,breathing,802,76.028,0.00334126,132.06935450390247,3.5677105287477815,37.01795687729745,123.51144219350763,2,1.0486709093415458,0.125,417.16000575274745,0.6571493744850159,2.12080205520827,1.6917907751451735
session_20260812_092928_breathing_off_breathing_off_w00031,session_20260812_092928_breathing_off_breathing_off,/Users/jandonyggarofalo/Documents/Desa/UNI/Semestre7/embebidos/esp-csi/examples/get-started/csi_send/data/raw/session_20260812_092928_breathing_off_breathing_off.csv,72.0,80.0,breathing_off,accepted,,trusted_breathing,breathing,803,76.028,0.00364843,28.32034596935008,0.6912403968979557,40.970328262643335,26.359994307876956,6,1.602530027657763,0.125,49.84980863479251,0.5846638083457947,1.452098554514282,1.6917907751451735
session_20260812_092928_breathing_off_breathing_off_w00032,session_20260812_092928_breathing_off_breathing_off,/Users/jandonyggarofalo/Documents/Desa/UNI/Semestre7/embebidos/esp-csi/examples/get-started/csi_send/data/raw/session_20260812_092928_breathing_off_breathing_off.csv,74.0,82.0,breathing_off,accepted,,trusted_breathing,breathing,805,76.028,0.00366848,50.12480056282129,1.34715372977812,37.207929173042324,59.159581919535846,4,1.2202884498487025,0.125,151.47650836702954,0.6132380366325378,1.772025096178815,1.6917907751451735
session_20260812_092928_breathing_off_breathing_off_w00033,session_20260812_092928_breathing_off_breathing_off,/Users/jandonyggarofalo/Documents/Desa/UNI/Semestre7/embebidos/esp-csi/examples/get-started/csi_send/data/raw/session_20260812_092928_breathing_off_breathing_off.csv,76.0,84.0,breathing_off,accepted,,trusted_breathing,breathing,802,76.028,0.002786,22.077265576093776,0.5544571367287191,39.81780396282602,23.122759131869092,4,1.5563302956870815,0.375,45.877632270038426,0.6119739413261414,1.3640396551918663,1.6917907751451735
session_20260812_092928_breathing_off_breathing_off_w00034,session_20260812_092928_breathing_off_breathing_off,/Users/jandonyggarofalo/Documents/Desa/UNI/Semestre7/embebidos/esp-csi/examples/get-started/csi_send/data/raw/session_20260812_092928_breathing_off_breathing_off.csv,78.0,86.0,breathing_off,accepted,,trusted_breathing,breathing,799,39.165,0.00399914,36.26547529832301,0.8679492061992057,41.78294655869278,23.26990854068292,4,1.6300526150157653,0.125,55.877618210737886,0.6442866325378418,1.5594933737345278,1.6917907751451735
session_20260812_092928_breathing_off_breathing_off_w00035,session_20260812_092928_breathing_off_breathing_off,/Users/jandonyggarofalo/Documents/Desa/UNI/Semestre7/embebidos/esp-csi/examples/get-started/csi_send/data/raw/session_20260812_092928_breathing_off_breathing_off.csv,80.0,88.0,breathing_off,rejected,time_gap,not_evaluated,,774,286.11,,,,,,,,,,,,
session_20260812_092928_breathing_off_breathing_off_w00036,session_20260812_092928_breathing_off_breathing_off,/Users/jandonyggarofalo/Documents/Desa/UNI/Semestre7/embebidos/esp-csi/examples/get-started/csi_send/data/raw/session_20260812_092928_breathing_off_breathing_off.csv,82.0,90.0,breathing_off,rejected,time_gap,not_evaluated,,733,286.11,,,,,,,,,,,,
session_20260812_092928_breathing_off_breathing_off_w00037,session_20260812_092928_breathing_off_breathing_off,/Users/jandonyggarofalo/Documents/Desa/UNI/Semestre7/embebidos/esp-csi/examples/get-started/csi_send/data/raw/session_20260812_092928_breathing_off_breathing_off.csv,84.0,92.0,breathing_off,rejected,time_gap,not_evaluated,,699,307.371,,,,,,,,,,,,
session_20260812_092928_breathing_off_breathing_off_w00038,session_20260812_092928_breathing_off_breathing_off,/Users/jandonyggarofalo/Documents/Desa/UNI/Semestre7/embebidos/esp-csi/examples/get-started/csi_send/data/raw/session_20260812_092928_breathing_off_breathing_off.csv,86.0,94.0,breathing_off,rejected,time_gap,not_evaluated,,555,307.371,,,,,,,,,,,,
session_20260812_092928_breathing_off_breathing_off_w00039,session_20260812_092928_breathing_off_breathing_off,/Users/jandonyggarofalo/Documents/Desa/UNI/Semestre7/embebidos/esp-csi/examples/get-started/csi_send/data/raw/session_20260812_092928_breathing_off_breathing_off.csv,88.0,96.0,breathing_off,rejected,time_gap,not_evaluated,,376,307.371,,,,,,,,,,,,
session_20260812_092928_breathing_off_breathing_off_w00040,session_20260812_092928_breathing_off_breathing_off,/Users/jandonyggarofalo/Documents/Desa/UNI/Semestre7/embebidos/esp-csi/examples/get-started/csi_send/data/raw/session_20260812_092928_breathing_off_breathing_off.csv,90.0,98.0,breathing_off,rejected,insufficient_samples,not_evaluated,,217,,,,,,,,,,,,,
session_20260812_092928_breathing_off_breathing_off_w00041,session_20260812_092928_breathing_off_breathing_off,/Users/jandonyggarofalo/Documents/Desa/UNI/Semestre7/embebidos/esp-csi/examples/get-started/csi_send/data/raw/session_20260812_092928_breathing_off_breathing_off.csv,92.0,100.0,breathing_off,rejected,insufficient_samples,not_evaluated,,54,,,,,,,,,,,,,
session_20260812_092928_breathing_off_breathing_off_w00042,session_20260812_092928_breathing_off_breathing_off,/Users/jandonyggarofalo/Documents/Desa/UNI/Semestre7/embebidos/esp-csi/examples/get-started/csi_send/data/raw/session_20260812_092928_breathing_off_breathing_off.csv,94.0,102.0,unknown,rejected,no_samples,not_evaluated,,0,,,,,,,,,,,,,
session_20260812_092928_breathing_off_breathing_off_w00043,session_20260812_092928_breathing_off_breathing_off,/Users/jandonyggarofalo/Documents/Desa/UNI/Semestre7/embebidos/esp-csi/examples/get-started/csi_send/data/raw/session_20260812_092928_breathing_off_breathing_off.csv,96.0,104.0,unknown,rejected,no_samples,not_evaluated,,0,,,,,,,,,,,,,
session_20260812_092928_breathing_off_breathing_off_w00044,session_20260812_092928_breathing_off_breathing_off,/Users/jandonyggarofalo/Documents/Desa/UNI/Semestre7/embebidos/esp-csi/examples/get-started/csi_send/data/raw/session_20260812_092928_breathing_off_breathing_off.csv,98.0,106.0,unknown,rejected,no_samples,not_evaluated,,0,,,,,,,,,,,,,
session_20260812_092928_breathing_off_breathing_off_w00045,session_20260812_092928_breathing_off_breathing_off,/Users/jandonyggarofalo/Documents/Desa/UNI/Semestre7/embebidos/esp-csi/examples/get-started/csi_send/data/raw/session_20260812_092928_breathing_off_breathing_off.csv,100.0,108.0,unknown,rejected,no_samples,not_evaluated,,0,,,,,,,,,,,,,
session_20260812_092928_breathing_off_breathing_off_w00046,session_20260812_092928_breathing_off_breathing_off,/Users/jandonyggarofalo/Documents/Desa/UNI/Semestre7/embebidos/esp-csi/examples/get-started/csi_send/data/raw/session_20260812_092928_breathing_off_breathing_off.csv,102.0,110.0,breathing_off,rejected,insufficient_samples,not_evaluated,,33,,,,,,,,,,,,,
session_20260812_092928_breathing_off_breathing_off_w00047,session_20260812_092928_breathing_off_breathing_off,/Users/jandonyggarofalo/Documents/Desa/UNI/Semestre7/embebidos/esp-csi/examples/get-started/csi_send/data/raw/session_20260812_092928_breathing_off_breathing_off.csv,104.0,112.0,breathing_off,rejected,insufficient_samples,not_evaluated,,33,,,,,,,,,,,,,
session_20260812_092928_breathing_off_breathing_off_w00048,session_20260812_092928_breathing_off_breathing_off,/Users/jandonyggarofalo/Documents/Desa/UNI/Semestre7/embebidos/esp-csi/examples/get-started/csi_send/data/raw/session_20260812_092928_breathing_off_breathing_off.csv,106.0,114.0,breathing_off,rejected,insufficient_samples,not_evaluated,,33,,,,,,,,,,,,,
session_20260812_092928_breathing_off_breathing_off_w00049,session_20260812_092928_breathing_off_breathing_off,/Users/jandonyggarofalo/Documents/Desa/UNI/Semestre7/embebidos/esp-csi/examples/get-started/csi_send/data/raw/session_20260812_092928_breathing_off_breathing_off.csv,108.0,116.0,breathing_off,rejected,insufficient_samples,not_evaluated,,65,,,,,,,,,,,,,
session_20260812_092928_breathing_off_breathing_off_w00050,session_20260812_092928_breathing_off_breathing_off,/Users/jandonyggarofalo/Documents/Desa/UNI/Semestre7/embebidos/esp-csi/examples/get-started/csi_send/data/raw/session_20260812_092928_breathing_off_breathing_off.csv,110.0,118.0,breathing_off,rejected,insufficient_samples,not_evaluated,,32,,,,,,,,,,,,,
session_20260812_092928_breathing_off_breathing_off_w00051,session_20260812_092928_breathing_off_breathing_off,/Users/jandonyggarofalo/Documents/Desa/UNI/Semestre7/embebidos/esp-csi/examples/get-started/csi_send/data/raw/session_20260812_092928_breathing_off_breathing_off.csv,112.0,120.0,breathing_off,rejected,insufficient_samples,not_evaluated,,64,,,,,,,,,,,,,
session_20260812_092928_breathing_off_breathing_off_w00052,session_20260812_092928_breathing_off_breathing_off,/Users/jandonyggarofalo/Documents/Desa/UNI/Semestre7/embebidos/esp-csi/examples/get-started/csi_send/data/raw/session_20260812_092928_breathing_off_breathing_off.csv,114.0,122.0,breathing_off,rejected,insufficient_samples,not_evaluated,,64,,,,,,,,,,,,,
session_20260812_092928_breathing_off_breathing_off_w00053,session_20260812_092928_breathing_off_breathing_off,/Users/jandonyggarofalo/Documents/Desa/UNI/Semestre7/embebidos/esp-csi/examples/get-started/csi_send/data/raw/session_20260812_092928_breathing_off_breathing_off.csv,116.0,124.0,breathing_off,rejected,insufficient_samples,not_evaluated,,32,,,,,,,,,,,,,
session_20260812_092928_breathing_off_breathing_off_w00054,session_20260812_092928_breathing_off_breathing_off,/Users/jandonyggarofalo/Documents/Desa/UNI/Semestre7/embebidos/esp-csi/examples/get-started/csi_send/data/raw/session_20260812_092928_breathing_off_breathing_off.csv,118.0,126.0,breathing_off,rejected,insufficient_samples,not_evaluated,,66,,,,,,,,,,,,,
session_20260812_092928_breathing_off_breathing_off_w00055,session_20260812_092928_breathing_off_breathing_off,/Users/jandonyggarofalo/Documents/Desa/UNI/Semestre7/embebidos/esp-csi/examples/get-started/csi_send/data/raw/session_20260812_092928_breathing_off_breathing_off.csv,120.0,128.0,breathing_off,rejected,insufficient_samples,not_evaluated,,34,,,,,,,,,,,,,
session_20260812_092928_breathing_off_breathing_off_w00056,session_20260812_092928_breathing_off_breathing_off,/Users/jandonyggarofalo/Documents/Desa/UNI/Semestre7/embebidos/esp-csi/examples/get-started/csi_send/data/raw/session_20260812_092928_breathing_off_breathing_off.csv,122.0,130.0,breathing_off,rejected,insufficient_samples,not_evaluated,,34,,,,,,,,,,,,,
session_20260812_092928_breathing_off_breathing_off_w00057,session_20260812_092928_breathing_off_breathing_off,/Users/jandonyggarofalo/Documents/Desa/UNI/Semestre7/embebidos/esp-csi/examples/get-started/csi_send/data/raw/session_20260812_092928_breathing_off_breathing_off.csv,124.0,132.0,breathing_off,rejected,insufficient_samples,not_evaluated,,189,,,,,,,,,,,,,
session_20260812_092928_breathing_off_breathing_off_w00058,session_20260812_092928_breathing_off_breathing_off,/Users/jandonyggarofalo/Documents/Desa/UNI/Semestre7/embebidos/esp-csi/examples/get-started/csi_send/data/raw/session_20260812_092928_breathing_off_breathing_off.csv,126.0,134.0,breathing_off,rejected,time_gap,not_evaluated,,351,120.92,,,,,,,,,,,,
session_20260812_092928_breathing_off_breathing_off_w00059,session_20260812_092928_breathing_off_breathing_off,/Users/jandonyggarofalo/Documents/Desa/UNI/Semestre7/embebidos/esp-csi/examples/get-started/csi_send/data/raw/session_20260812_092928_breathing_off_breathing_off.csv,128.0,136.0,breathing_off,rejected,time_gap,not_evaluated,,543,120.92,,,,,,,,,,,,
session_20260812_092928_breathing_off_breathing_off_w00060,session_20260812_092928_breathing_off_breathing_off,/Users/jandonyggarofalo/Documents/Desa/UNI/Semestre7/embebidos/esp-csi/examples/get-started/csi_send/data/raw/session_20260812_092928_breathing_off_breathing_off.csv,130.0,138.0,breathing_off,rejected,time_gap,not_evaluated,,742,120.92,,,,,,,,,,,,
session_20260812_092928_breathing_off_breathing_off_w00061,session_20260812_092928_breathing_off_breathing_off,/Users/jandonyggarofalo/Documents/Desa/UNI/Semestre7/embebidos/esp-csi/examples/get-started/csi_send/data/raw/session_20260812_092928_breathing_off_breathing_off.csv,132.0,140.0,breathing_off,accepted,,trusted_breathing,breathing,790,56.197,0.01152097,31.380582707563736,0.6374359195429867,49.2293919207016,12.565682341438032,6,1.317850659503124,0.375,61.61636524200335,0.7481517195701599,1.4966610037611252,1.6917907751451735
session_20260812_092928_breathing_off_breathing_off_w00062,session_20260812_092928_breathing_off_breathing_off,/Users/jandonyggarofalo/Documents/Desa/UNI/Semestre7/embebidos/esp-csi/examples/get-started/csi_send/data/raw/session_20260812_092928_breathing_off_breathing_off.csv,134.0,142.0,breathing_off,accepted,,trusted_breathing,breathing,788,31.182,0.01248215,58.980656570664735,1.6180407527357767,36.4518980568963,93.67563295893713,5,1.1928255161736412,0.125,157.36849175089108,0.722897469997406,1.9716266362696562,1.6917907751451735
session_20260812_092928_breathing_off_breathing_off_w00063,session_20260812_092928_breathing_off_breathing_off,/Users/jandonyggarofalo/Documents/Desa/UNI/Semestre7/embebidos/esp-csi/examples/get-started/csi_send/data/raw/session_20260812_092928_breathing_off_breathing_off.csv,136.0,144.0,breathing_off,accepted,,trusted_breathing,breathing,792,30.86,0.00869042,33.75004006560744,0.7003878420292272,48.187644102695415,16.172532575372305,4,1.2216926697260826,0.375,59.02835612716212,0.6997784972190857,1.528274292730372,1.6917907751451735
session_20260812_092928_breathing_off_breathing_off_w00064,session_20260812_092928_breathing_off_breathing_off,/Users/jandonyggarofalo/Documents/Desa/UNI/Semestre7/embebidos/esp-csi/examples/get-started/csi_send/data/raw/session_20260812_092928_breathing_off_breathing_off.csv,138.0,146.0,breathing_off,accepted,,trusted_breathing,breathing,797,70.665,0.01172365,44.82121242184095,1.1025399435951477,40.652688079170964,53.11409301255183,6,1.4405973749952101,0.375,99.04749377195522,0.7481111288070679,1.7252097697730016,1.6917907751451735
session_20260812_092928_breathing_off_breathing_off_w00065,session_20260812_092928_breathing_off_breathing_off,/Users/jandonyggarofalo/Documents/Desa/UNI/Semestre7/embebidos/esp-csi/examples/get-started/csi_send/data/raw/session_20260812_092928_breathing_off_breathing_off.csv,140.0,148.0,breathing_off,accepted,,trusted_breathing,breathing,792,70.665,0.010683,40.487366638413775,0.9214137397190324,43.940485031963696,17.62484396563581,2,1.5381156939219485,0.125,72.47918341721358,0.7324647307395935,1.6073195304953325,1.6917907751451735
session_20260812_092928_breathing_off_breathing_off_w00066,session_20260812_092928_breathing_off_breathing_off,/Users/jandonyggarofalo/Documents/Desa/UNI/Semestre7/embebidos/esp-csi/examples/get-started/csi_send/data/raw/session_20260812_092928_breathing_off_breathing_off.csv,142.0,150.0,breathing_off,accepted,,trusted_breathing,breathing,794,70.665,0.0098099,29.006381568413232,0.6058797547965997,47.87481565232875,9.708988106741224,5,1.4053496709877393,0.25,51.84978040243097,0.7375625371932983,1.4624935556594794,1.6917907751451735
session_20260812_092928_breathing_off_breathing_off_w00067,session_20260812_092928_breathing_off_breathing_off,/Users/jandonyggarofalo/Documents/Desa/UNI/Semestre7/embebidos/esp-csi/examples/get-started/csi_send/data/raw/session_20260812_092928_breathing_off_breathing_off.csv,144.0,152.0,breathing_off,accepted,,trusted_breathing,breathing,789,70.665,0.00590146,30.152961614753774,0.6212480240363507,48.53610868457413,12.71396621490535,3,1.420020941997845,0.125,49.51997939585021,0.6865888237953186,1.4793299748435906,1.6917907751451735
session_20260812_092928_breathing_off_breathing_off_w00068,session_20260812_092928_breathing_off_breathing_off,/Users/jandonyggarofalo/Documents/Desa/UNI/Semestre7/embebidos/esp-csi/examples/get-started/csi_send/data/raw/session_20260812_092928_breathing_off_breathing_off.csv,146.0,154.0,breathing_off,accepted,,trusted_breathing,breathing,779,40.903,0.00440268,27.27414282680278,0.5904885164019164,46.18911641660518,13.342156380095616,7,1.5140706040150644,0.125,45.30500628156872,0.6748607158660889,1.4357511104450216,1.6917907751451735
session_20260812_092928_breathing_off_breathing_off_w00069,session_20260812_092928_breathing_off_breathing_off,/Users/jandonyggarofalo/Documents/Desa/UNI/Semestre7/embebidos/esp-csi/examples/get-started/csi_send/data/raw/session_20260812_092928_breathing_off_breathing_off.csv,148.0,156.0,breathing_off,accepted,,trusted_breathing,breathing,776,39.516,0.00674533,203.8811633910987,5.5167848770485115,36.95651868523438,204.4973663430888,2,1.2290485958372974,0.125,581.854192169686,0.6767067909240723,2.3106877192380866,1.6917907751451735
session_20260812_092928_breathing_off_breathing_off_w00070,session_20260812_092928_breathing_off_breathing_off,/Users/jandonyggarofalo/Documents/Desa/UNI/Semestre7/embebidos/esp-csi/examples/get-started/csi_send/data/raw/session_20260812_092928_breathing_off_breathing_off.csv,150.0,158.0,breathing_off,accepted,,trusted_breathing,breathing,779,37.34,0.00632823,24.234287231434656,0.8326779312211743,29.104034492501146,57.000152478961645,4,1.1050843008555498,0.125,77.81994229379114,0.6732742190361023,1.7558760174388688,1.6917907751451735
session_20260812_092928_breathing_off_breathing_off_w00071,session_20260812_092928_breathing_off_breathing_off,/Users/jandonyggarofalo/Documents/Desa/UNI/Semestre7/embebidos/esp-csi/examples/get-started/csi_send/data/raw/session_20260812_092928_breathing_off_breathing_off.csv,152.0,160.0,breathing_off,accepted,,trusted_breathing,breathing,794,70.631,0.00652354,21.988621584319603,0.5214940535613588,42.1646640726082,18.206549045478493,5,1.6216578421472094,0.125,35.40355079134393,0.7477813959121704,1.3421980053004645,1.6917907751451735
session_20260812_092928_breathing_off_breathing_off_w00072,session_20260812_092928_breathing_off_breathing_off,/Users/jandonyggarofalo/Documents/Desa/UNI/Semestre7/embebidos/esp-csi/examples/get-started/csi_send/data/raw/session_20260812_092928_breathing_off_breathing_off.csv,154.0,162.0,breathing_off,accepted,,trusted_breathing,breathing,808,70.631,0.0076578,892.1416161577124,25.98967745624747,34.326767527590945,1317.4284397704466,2,1.0422579750837009,0.125,2956.356502929876,0.8476858139038086,3.1197270344676142,1.6917907751451735
session_20260812_092928_breathing_off_breathing_off_w00073,session_20260812_092928_breathing_off_breathing_off,/Users/jandonyggarofalo/Documents/Desa/UNI/Semestre7/embebidos/esp-csi/examples/get-started/csi_send/data/raw/session_20260812_092928_breathing_off_breathing_off.csv,156.0,164.0,breathing_off,accepted,,trusted_breathing,breathing,813,70.631,0.00684194,29.59509608455119,0.6395223564129873,46.27687490160728,14.9061372133738,6,1.4933339949909759,0.5,42.62827687614784,0.7859087586402893,1.4712197543069625,1.6917907751451735
session_20260812_092928_breathing_off_breathing_off_w00074,session_20260812_092928_breathing_off_breathing_off,/Users/jandonyggarofalo/Documents/Desa/UNI/Semestre7/embebidos/esp-csi/examples/get-started/csi_send/data/raw/session_20260812_092928_breathing_off_breathing_off.csv,158.0,166.0,breathing_off,accepted,,trusted_breathing,breathing,816,70.631,0.00441368,64.5449901441484,1.3065210477053124,49.40218166210301,32.370954374304084,5,1.2434478002464777,0.375,138.85960920230676,0.790744423866272,1.8098625388226142,1.6917907751451735
session_20260812_092928_breathing_off_breathing_off_w00075,session_20260812_092928_breathing_off_breathing_off,/Users/jandonyggarofalo/Documents/Desa/UNI/Semestre7/embebidos/esp-csi/examples/get-started/csi_send/data/raw/session_20260812_092928_breathing_off_breathing_off.csv,160.0,168.0,breathing_off,accepted,,trusted_breathing,breathing,805,30.924,0.0023486,97.30294983818885,2.2862718668071556,42.55965847755134,96.39052955844816,5,1.431769200705358,0.375,188.68223451683306,0.7971357703208923,1.9881260065482005,1.6917907751451735
session_20260812_092928_breathing_off_breathing_off_w00076,session_20260812_092928_breathing_off_breathing_off,/Users/jandonyggarofalo/Documents/Desa/UNI/Semestre7/embebidos/esp-csi/examples/get-started/csi_send/data/raw/session_20260812_092928_breathing_off_breathing_off.csv,162.0,170.0,breathing_off,accepted,,trusted_breathing,breathing,802,30.924,0.00143197,98.04250353079722,1.9620013373521195,49.970660908449524,46.27602286245117,6,1.2835485208028963,0.375,184.23981872255652,0.7719199061393738,1.991414392499757,1.6917907751451735
session_20260812_092928_breathing_off_breathing_off_w00077,session_20260812_092928_breathing_off_breathing_off,/Users/jandonyggarofalo/Documents/Desa/UNI/Semestre7/embebidos/esp-csi/examples/get-started/csi_send/data/raw/session_20260812_092928_breathing_off_breathing_off.csv,164.0,172.0,breathing_off,accepted,,trusted_breathing,breathing,805,85.812,0.00131017,68.8874042525244,1.4292167490011447,48.19941013189248,36.658510037008995,6,1.200148899897232,0.375,155.3034675082231,0.7937198877334595,1.8381398204025525,1.6917907751451735
session_20260812_092928_breathing_off_breathing_off_w00078,session_20260812_092928_breathing_off_breathing_off,/Users/jandonyggarofalo/Documents/Desa/UNI/Semestre7/embebidos/esp-csi/examples/get-started/csi_send/data/raw/session_20260812_092928_breathing_off_breathing_off.csv,166.0,174.0,breathing_off,accepted,,trusted_breathing,breathing,805,85.812,0.00227096,106.4781423746097,2.683437112213722,39.67976066587603,111.54895351405905,5,1.4329243717492812,0.125,214.0674445588993,0.7750298976898193,2.047465500346428,1.6917907751451735
session_20260812_092928_breathing_off_breathing_off_w00079,session_20260812_092928_breathing_off_breathing_off,/Users/jandonyggarofalo/Documents/Desa/UNI/Semestre7/embebidos/esp-csi/examples/get-started/csi_send/data/raw/session_20260812_092928_breathing_off_breathing_off.csv,168.0,176.0,breathing_off,accepted,,trusted_breathing,breathing,807,85.812,0.00347545,35.19668223009215,0.8349144505417792,42.156034318499024,55.1805386612618,5,1.406374581852813,0.375,72.11127348536714,0.6981791257858276,1.7417859356587921,1.6917907751451735
session_20260812_092928_breathing_off_breathing_off_w00080,session_20260812_092928_breathing_off_breathing_off,/Users/jandonyggarofalo/Documents/Desa/UNI/Semestre7/embebidos/esp-csi/examples/get-started/csi_send/data/raw/session_20260812_092928_breathing_off_breathing_off.csv,170.0,178.0,breathing_off,accepted,,trusted_breathing,breathing,800,85.812,0.00438477,131.82558199155142,3.39750737612487,38.800675730061336,119.32472920974786,2,1.2725730337768144,0.125,337.7983795059657,0.6757175922393799,2.11999969735728,1.6917907751451735
session_20260812_093242_breathing_off_breathing_off_w00000,session_20260812_093242_breathing_off_breathing_off,/Users/jandonyggarofalo/Documents/Desa/UNI/Semestre7/embebidos/esp-csi/examples/get-started/csi_send/data/raw/session_20260812_093242_breathing_off_breathing_off.csv,10.0,18.0,breathing_off,accepted,,trusted_breathing,breathing,792,44.265,0.00309738,16.553671340958616,0.49993643240521435,33.11155232533289,32.31739444339116,4,0.9950426263947599,0.125,57.181074826003275,0.7667213082313538,1.5094363389691317,1.743563435983023
session_20260812_093242_breathing_off_breathing_off_w00001,session_20260812_093242_breathing_off_breathing_off,/Users/jandonyggarofalo/Documents/Desa/UNI/Semestre7/embebidos/esp-csi/examples/get-started/csi_send/data/raw/session_20260812_093242_breathing_off_breathing_off.csv,12.0,20.0,breathing_off,accepted,,trusted_breathing,breathing,787,73.817,0.00442741,832.7956433183626,23.482116115197357,35.46510200498291,1097.5439696941955,3,1.028016268377329,0.125,2672.7117213176375,0.7925857305526733,3.0404219279237705,1.743563435983023
session_20260812_093242_breathing_off_breathing_off_w00002,session_20260812_093242_breathing_off_breathing_off,/Users/jandonyggarofalo/Documents/Desa/UNI/Semestre7/embebidos/esp-csi/examples/get-started/csi_send/data/raw/session_20260812_093242_breathing_off_breathing_off.csv,14.0,22.0,breathing_off,accepted,,trusted_breathing,breathing,781,73.817,0.00542173,65.83078040556104,1.6233618498743876,40.55212977354022,62.93928307971091,3,1.2188155915072776,0.125,147.87980442628538,0.7721448540687561,1.8184290035626893,1.743563435983023
session_20260812_093242_breathing_off_breathing_off_w00003,session_20260812_093242_breathing_off_breathing_off,/Users/jandonyggarofalo/Documents/Desa/UNI/Semestre7/embebidos/esp-csi/examples/get-started/csi_send/data/raw/session_20260812_093242_breathing_off_breathing_off.csv,16.0,24.0,breathing_off,accepted,,trusted_breathing,breathing,776,73.817,0.00402706,81.08938068375603,1.733577225954897,46.775753320734374,40.560940164276026,5,1.4590394513085985,0.375,113.00927931306981,0.761493444442749,1.9089639835278467,1.743563435983023
session_20260812_093242_breathing_off_breathing_off_w00004,session_20260812_093242_breathing_off_breathing_off,/Users/jandonyggarofalo/Documents/Desa/UNI/Semestre7/embebidos/esp-csi/examples/get-started/csi_send/data/raw/session_20260812_093242_breathing_off_breathing_off.csv,18.0,26.0,breathing_off,accepted,,trusted_breathing,breathing,776,73.817,0.00257732,71.33985673793462,1.508019905384815,47.306972861000055,27.822573991032865,5,1.2178239553161545,0.375,164.38271630638988,0.736144483089447,1.853332232869079,1.743563435983023
session_20260812_093242_breathing_off_breathing_off_w00005,session_20260812_093242_breathing_off_breathing_off,/Users/jandonyggarofalo/Documents/Desa/UNI/Semestre7/embebidos/esp-csi/examples/get-started/csi_send/data/raw/session_20260812_093242_breathing_off_breathing_off.csv,20.0,28.0,breathing_off,accepted,,trusted_breathing,breathing,778,59.407,0.00163681,53.76710667510517,1.159415004219311,46.374340921405214,29.021932289748232,6,1.2393909509863872,0.375,102.64455275085257,0.7043059468269348,1.7305166667757221,1.743563435983023
session_20260812_093242_breathing_off_breathing_off_w00006,session_20260812_093242_breathing_off_breathing_off,/Users/jandonyggarofalo/Documents/Desa/UNI/Semestre7/embebidos/esp-csi/examples/get-started/csi_send/data/raw/session_20260812_093242_breathing_off_breathing_off.csv,22.0,30.0,breathing_off,accepted,,trusted_breathing,breathing,775,44.689,0.0027621,85.67293138426895,2.3076476106902555,37.12565600889368,82.80991950906025,2,1.3497307438135326,0.125,224.0757170502035,0.6735771894454956,1.9328436269712634,1.743563435983023
session_20260812_093242_breathing_off_breathing_off_w00007,session_20260812_093242_breathing_off_breathing_off,/Users/jandonyggarofalo/Documents/Desa/UNI/Semestre7/embebidos/esp-csi/examples/get-started/csi_send/data/raw/session_20260812_093242_breathing_off_breathing_off.csv,24.0,32.0,breathing_off,accepted,,trusted_breathing,breathing,780,44.689,0.0023738,6.038519606998137,0.13093399967722955,46.1188050608536,8.068536715842882,4,1.5243049081328546,0.125,8.20111982555164,0.6651476621627808,0.9067947795973166,1.743563435983023
session_20260812_093242_breathing_off_breathing_off_w00008,session_20260812_093242_breathing_off_breathing_off,/Users/jandonyggarofalo/Documents/Desa/UNI/Semestre7/embebidos/esp-csi/examples/get-started/csi_send/data/raw/session_20260812_093242_breathing_off_breathing_off.csv,26.0,34.0,breathing_off,accepted,,trusted_breathing,breathing,783,76.568,0.00332256,99.73877806447028,2.884051873135788,34.58286551413209,128.02548261806714,2,1.0525038752043683,0.125,326.59672235615176,0.6449454426765442,2.107296421670806,1.743563435983023
session_20260812_093242_breathing_off_breathing_off_w00009,session_20260812_093242_breathing_off_breathing_off,/Users/jandonyggarofalo/Documents/Desa/UNI/Semestre7/embebidos/esp-csi/examples/get-started/csi_send/data/raw/session_20260812_093242_breathing_off_breathing_off.csv,28.0,36.0,breathing_off,accepted,,trusted_breathing,breathing,781,76.568,0.00557178,13.737152265776594,0.2880086838721348,47.69700719103208,9.467696959052102,7,1.3131737207515912,0.125,22.674224614635563,0.692000150680542,1.13789671209467,1.743563435983023
session_20260812_093242_breathing_off_breathing_off_w00010,session_20260812_093242_breathing_off_breathing_off,/Users/jandonyggarofalo/Documents/Desa/UNI/Semestre7/embebidos/esp-csi/examples/get-started/csi_send/data/raw/session_20260812_093242_breathing_off_breathing_off.csv,30.0,38.0,breathing_off,accepted,,trusted_breathing,breathing,789,76.568,0.0055945,264.09321416151687,7.289960622349241,36.22697403218273,316.48541322398717,2,1.2137172470851718,0.125,712.6877316839061,0.6963185667991638,2.5003536982323085,1.743563435983023
session_20260812_093242_breathing_off_breathing_off_w00011,session_20260812_093242_breathing_off_breathing_off,/Users/jandonyggarofalo/Documents/Desa/UNI/Semestre7/embebidos/esp-csi/examples/get-started/csi_send/data/raw/session_20260812_093242_breathing_off_breathing_off.csv,32.0,40.0,breathing_off,accepted,,trusted_breathing,breathing,779,76.568,0.00680961,92.58860916490538,2.5556973402957177,36.2283153427533,118.103998508369,4,1.3384812598644509,0.125,239.3620819232665,0.6916388273239136,2.072264601260634,1.743563435983023
session_20260812_093242_breathing_off_breathing_off_w00012,session_20260812_093242_breathing_off_breathing_off,/Users/jandonyggarofalo/Documents/Desa/UNI/Semestre7/embebidos/esp-csi/examples/get-started/csi_send/data/raw/session_20260812_093242_breathing_off_breathing_off.csv,34.0,42.0,breathing_off,accepted,,trusted_breathing,breathing,774,34.18,0.00700501,56.11984780879852,1.2901681008423784,43.49808972343462,58.02678162012264,4,1.2695993572167021,0.125,104.71537392959725,0.6982259750366211,1.763628483654626,1.743563435983023
session_20260812_093242_breathing_off_breathing_off_w00013,session_20260812_093242_breathing_off_breathing_off,/Users/jandonyggarofalo/Documents/Desa/UNI/Semestre7/embebidos/esp-csi/examples/get-started/csi_send/data/raw/session_20260812_093242_breathing_off_breathing_off.csv,36.0,44.0,breathing_off,accepted,,trusted_breathing,breathing,773,34.18,0.00530603,165.1746659141185,4.514528357625122,36.58735815339355,226.07346557221993,4,1.2158294617697945,0.125,481.6571901373203,0.6879549622535706,2.3542495918375543,1.743563435983023
session_20260812_093242_breathing_off_breathing_off_w00014,session_20260812_093242_breathing_off_breathing_off,/Users/jandonyggarofalo/Documents/Desa/UNI/Semestre7/embebidos/esp-csi/examples/get-started/csi_send/data/raw/session_20260812_093242_breathing_off_breathing_off.csv,38.0,46.0,breathing_off,accepted,,trusted_breathing,breathing,763,34.18,0.00564179,25.540404691161015,0.5336350238007597,47.86118517709781,14.638733425104315,4,1.4139323508341772,0.25,42.12377948202768,0.7497792840003967,1.4072277744366408,1.743563435983023
session_20260812_093242_breathing_off_breathing_off_w00015,session_20260812_093242_breathing_off_breathing_off,/Users/jandonyggarofalo/Documents/Desa/UNI/Semestre7/embebidos/esp-csi/examples/get-started/csi_send/data/raw/session_20260812_093242_breathing_off_breathing_off.csv,40.0,48.0,breathing_off,accepted,,trusted_breathing,breathing,773,87.153,0.00313309,18.54018039521334,0.39495956002192817,46.941971461931566,6.535495247687955,5,1.5384189441723295,0.375,25.473256415505563,0.7715018391609192,1.2681139554969898,1.743563435983023
session_20260812_093242_breathing_off_breathing_off_w00016,session_20260812_093242_breathing_off_breathing_off,/Users/jandonyggarofalo/Documents/Desa/UNI/Semestre7/embebidos/esp-csi/examples/get-started/csi_send/data/raw/session_20260812_093242_breathing_off_breathing_off.csv,42.0,50.0,breathing_off,accepted,,trusted_breathing,breathing,773,87.153,0.00338575,34.82591748143821,0.9347401041325281,37.25732674508562,42.30713053460861,5,1.5330018454378207,0.125,80.33397693478202,0.8323711156845093,1.626413570468487,1.743563435983023
session_20260812_093242_breathing_off_breathing_off_w00017,session_20260812_093242_breathing_off_breathing_off,/Users/jandonyggarofalo/Documents/Desa/UNI/Semestre7/embebidos/esp-csi/examples/get-started/csi_send/data/raw/session_20260812_093242_breathing_off_breathing_off.csv,44.0,52.0,breathing_off,accepted,,trusted_breathing,breathing,779,87.153,0.00196566,60.855550432172066,1.7367052385353252,35.040805475695116,74.13680257468506,2,0.9355759405076947,0.125,215.526326183457,0.8455647230148315,1.870033851532842,1.743563435983023
session_20260812_093242_breathing_off_breathing_off_w00018,session_20260812_093242_breathing_off_breathing_off,/Users/jandonyggarofalo/Documents/Desa/UNI/Semestre7/embebidos/esp-csi/examples/get-started/csi_send/data/raw/session_20260812_093242_breathing_off_breathing_off.csv,46.0,54.0,breathing_off,accepted,,trusted_breathing,breathing,790,87.153,0.00174051,46.20068324754284,1.3020282210381044,35.483626622679225,80.66075017087492,5,1.4004448211275142,0.125,119.52038429309928,0.8479633331298828,1.9066622567685114,1.743563435983023
session_20260812_093242_breathing_off_breathing_off_w00019,session_20260812_093242_breathing_off_breathing_off,/Users/jandonyggarofalo/Documents/Desa/UNI/Semestre7/embebidos/esp-csi/examples/get-started/csi_send/data/raw/session_20260812_093242_breathing_off_breathing_off.csv,48.0,56.0,breathing_off,accepted,,trusted_breathing,breathing,788,40.229,0.00205227,349.7192911852969,10.370491348062654,33.72253825278929,580.7390577970947,2,0.9727872619073807,0.125,1226.662734863533,0.9043329954147339,2.763981035634373,1.743563435983023
session_20260812_093242_breathing_off_breathing_off_w00020,session_20260812_093242_breathing_off_breathing_off,/Users/jandonyggarofalo/Documents/Desa/UNI/Semestre7/embebidos/esp-csi/examples/get-started/csi_send/data/raw/session_20260812_093242_breathing_off_breathing_off.csv,50.0,58.0,breathing_off,accepted,,trusted_breathing,breathing,797,44.824,0.00132332,50.17376442452853,1.3595804645444618,36.90385801571718,66.06284343136232,6,1.5034976560478712,0.125,111.10918117029335,0.8358044028282166,1.819957262361372,1.743563435983023
session_20260812_093242_breathing_off_breathing_off_w00021,session_20260812_093242_breathing_off_breathing_off,/Users/jandonyggarofalo/Documents/Desa/UNI/Semestre7/embebidos/esp-csi/examples/get-started/csi_send/data/raw/session_20260812_093242_breathing_off_breathing_off.csv,52.0,60.0,breathing_off,accepted,,trusted_breathing,breathing,787,59.693,0.00211444,40.979144106238984,1.0687776068597,38.3420683996236,39.38652581955818,4,1.3645747757445885,0.125,103.6895025148615,0.8089574575424194,1.6125628834497827,1.743563435983023
session_20260812_093242_breathing_off_breathing_off_w00022,session_20260812_093242_breathing_off_breathing_off,/Users/jandonyggarofalo/Documents/Desa/UNI/Semestre7/embebidos/esp-csi/examples/get-started/csi_send/data/raw/session_20260812_093242_breathing_off_breathing_off.csv,54.0,62.0,breathing_off,accepted,,trusted_breathing,breathing,788,59.693,0.00385668,60.53388215326639,1.3746482859378342,44.03590560033614,30.421745987769473,3,1.4906515265687241,0.125,94.14943786457705,0.8299171328544617,1.7819985269387812,1.743563435983023
session_20260812_093242_breathing_off_breathing_off_w00023,session_20260812_093242_breathing_off_breathing_off,/Users/jandonyggarofalo/Documents/Desa/UNI/Semestre7/embebidos/esp-csi/examples/get-started/csi_send/data/raw/session_20260812_093242_breathing_off_breathing_off.csv,56.0,64.0,breathing_off,accepted,,trusted_breathing,breathing,782,59.693,0.00419597,24.057339621718175,0.5038412562706018,47.747855742781354,10.239815585031575,6,1.4012071864541726,0.375,46.907831662773724,0.8325074315071106,1.3812475992511664,1.743563435983023
session_20260812_093242_breathing_off_breathing_off_w00024,session_20260812_093242_breathing_off_breathing_off,/Users/jandonyggarofalo/Documents/Desa/UNI/Semestre7/embebidos/esp-csi/examples/get-started/csi_send/data/raw/session_20260812_093242_breathing_off_breathing_off.csv,58.0,66.0,breathing_off,accepted,,trusted_breathing,breathing,785,59.693,0.00548368,48.510129671337594,1.2263277785575328,39.55722973865767,45.84066173890058,4,1.249019696032995,0.125,123.19046721470326,0.8440279364585876,1.685832435530445,1.743563435983023
session_20260812_093242_breathing_off_breathing_off_w00025,session_20260812_093242_breathing_off_breathing_off,/Users/jandonyggarofalo/Documents/Desa/UNI/Semestre7/embebidos/esp-csi/examples/get-started/csi_send/data/raw/session_20260812_093242_breathing_off_breathing_off.csv,60.0,68.0,breathing_off,accepted,,trusted_breathing,breathing,794,44.341,0.00413256,118.1561572677564,3.207073442348231,36.84236092242564,132.717384280552,4,1.3580527317189384,0.125,310.55423738394205,0.8162105679512024,2.122927813615185,1.743563435983023
session_20260812_093242_breathing_off_breathing_off_w00026,session_20260812_093242_breathing_off_breathing_off,/Users/jandonyggarofalo/Documents/Desa/UNI/Semestre7/embebidos/esp-csi/examples/get-started/csi_send/data/raw/session_20260812_093242_breathing_off_breathing_off.csv,62.0,70.0,breathing_off,accepted,,trusted_breathing,breathing,793,44.341,0.0045614,52.491130279623334,1.4354497823458232,36.567723179981506,60.64723204069458,4,1.4339890768637062,0.125,132.9123786396612,0.7648414969444275,1.7828109843141506,1.743563435983023
session_20260812_093242_breathing_off_breathing_off_w00027,session_20260812_093242_breathing_off_breathing_off,/Users/jandonyggarofalo/Documents/Desa/UNI/Semestre7/embebidos/esp-csi/examples/get-started/csi_send/data/raw/session_20260812_093242_breathing_off_breathing_off.csv,64.0,72.0,breathing_off,accepted,,trusted_breathing,breathing,802,44.341,0.00428616,32.073368670086396,0.846880446939242,37.8723688638304,46.53799938745035,5,1.1909547890244065,0.125,91.08847779339212,0.7401404976844788,1.667807709555233,1.743563435983023
session_20260812_093242_breathing_off_breathing_off_w00028,session_20260812_093242_breathing_off_breathing_off,/Users/jandonyggarofalo/Documents/Desa/UNI/Semestre7/embebidos/esp-csi/examples/get-started/csi_send/data/raw/session_20260812_093242_breathing_off_breathing_off.csv,66.0,74.0,breathing_off,rejected,time_gap,not_evaluated,,795,115.448,,,,,,,,,,,,
session_20260812_093242_breathing_off_breathing_off_w00029,session_20260812_093242_breathing_off_breathing_off,/Users/jandonyggarofalo/Documents/Desa/UNI/Semestre7/embebidos/esp-csi/examples/get-started/csi_send/data/raw/session_20260812_093242_breathing_off_breathing_off.csv,68.0,76.0,breathing_off,rejected,time_gap,not_evaluated,,793,115.448,,,,,,,,,,,,
session_20260812_093242_breathing_off_breathing_off_w00030,session_20260812_093242_breathing_off_breathing_off,/Users/jandonyggarofalo/Documents/Desa/UNI/Semestre7/embebidos/esp-csi/examples/get-started/csi_send/data/raw/session_20260812_093242_breathing_off_breathing_off.csv,70.0,78.0,breathing_off,rejected,time_gap,not_evaluated,,781,115.448,,,,,,,,,,,,
session_20260812_093242_breathing_off_breathing_off_w00031,session_20260812_093242_breathing_off_breathing_off,/Users/jandonyggarofalo/Documents/Desa/UNI/Semestre7/embebidos/esp-csi/examples/get-started/csi_send/data/raw/session_20260812_093242_breathing_off_breathing_off.csv,72.0,80.0,breathing_off,rejected,time_gap,not_evaluated,,774,115.448,,,,,,,,,,,,
session_20260812_093242_breathing_off_breathing_off_w00032,session_20260812_093242_breathing_off_breathing_off,/Users/jandonyggarofalo/Documents/Desa/UNI/Semestre7/embebidos/esp-csi/examples/get-started/csi_send/data/raw/session_20260812_093242_breathing_off_breathing_off.csv,74.0,82.0,breathing_off,accepted,,trusted_breathing,breathing,778,32.261,0.0059146,40.410627097684056,0.9132325250075586,44.250096214329794,37.65810338584825,4,1.465516945261959,0.25,77.83605202600688,0.8039518594741821,1.606495589936612,1.743563435983023
session_20260812_093242_breathing_off_breathing_off_w00033,session_20260812_093242_breathing_off_breathing_off,/Users/jandonyggarofalo/Documents/Desa/UNI/Semestre7/embebidos/esp-csi/examples/get-started/csi_send/data/raw/session_20260812_093242_breathing_off_breathing_off.csv,76.0,84.0,breathing_off,accepted,,trusted_breathing,breathing,766,33.924,0.00956674,46.42298310245839,0.9276301056297955,50.04471375030504,17.40567770160535,6,0.9755529338300049,0.375,112.72982414734805,0.7643230557441711,1.6667330444204342,1.743563435983023
session_20260812_093242_breathing_off_breathing_off_w00034,session_20260812_093242_breathing_off_breathing_off,/Users/jandonyggarofalo/Documents/Desa/UNI/Semestre7/embebidos/esp-csi/examples/get-started/csi_send/data/raw/session_20260812_093242_breathing_off_breathing_off.csv,78.0,86.0,breathing_off,accepted,,trusted_breathing,breathing,778,33.924,0.00302257,27.516236860458672,0.6378081879687643,43.14186832258588,28.881430071080867,5,1.4463682068993637,0.375,52.33558212800571,0.7742129564285278,1.4606186936276244,1.743563435983023
session_20260812_093242_breathing_off_breathing_off_w00035,session_20260812_093242_breathing_off_breathing_off,/Users/jandonyggarofalo/Documents/Desa/UNI/Semestre7/embebidos/esp-csi/examples/get-started/csi_send/data/raw/session_20260812_093242_breathing_off_breathing_off.csv,80.0,88.0,breathing_off,accepted,,trusted_breathing,breathing,771,54.652,0.00276629,72.22700234435193,2.117739087843118,34.10571338033895,111.13664047883425,2,1.0474997440908755,0.125,246.6645241521453,0.7697494029998779,2.045857264470634,1.743563435983023
session_20260812_093242_breathing_off_breathing_off_w00036,session_20260812_093242_breathing_off_breathing_off,/Users/jandonyggarofalo/Documents/Desa/UNI/Semestre7/embebidos/esp-csi/examples/get-started/csi_send/data/raw/session_20260812_093242_breathing_off_breathing_off.csv,82.0,90.0,breathing_off,accepted,,trusted_breathing,breathing,765,54.652,0.00176675,10.319395591273498,0.20998139039077132,49.14433403846006,3.1730063576666794,4,1.3410795902011257,0.25,17.350953167679204,0.7716413736343384,1.013654261335647,1.743563435983023
session_20260812_093242_breathing_off_breathing_off_w00037,session_20260812_093242_breathing_off_breathing_off,/Users/jandonyggarofalo/Documents/Desa/UNI/Semestre7/embebidos/esp-csi/examples/get-started/csi_send/data/raw/session_20260812_093242_breathing_off_breathing_off.csv,84.0,92.0,breathing_off,accepted,,trusted_breathing,breathing,770,54.652,0.00440341,65.84283490194852,1.701423913680783,38.698665495695565,55.847575515897795,3,1.1173750623169567,0.125,172.90210412797094,0.7742056250572205,1.8185085214109022,1.743563435983023
session_20260812_093242_breathing_off_breathing_off_w00038,session_20260812_093242_breathing_off_breathing_off,/Users/jandonyggarofalo/Documents/Desa/UNI/Semestre7/embebidos/esp-csi/examples/get-started/csi_send/data/raw/session_20260812_093242_breathing_off_breathing_off.csv,86.0,94.0,breathing_off,accepted,,trusted_breathing,breathing,768,54.652,0.00302124,17.574550680765597,0.3767653881292933,46.64587362437856,9.404160724445568,4,1.4490134914002075,0.25,30.294074171583514,0.7869531512260437,1.24488423045669,1.743563435983023
session_20260812_093242_breathing_off_breathing_off_w00039,session_20260812_093242_breathing_off_breathing_off,/Users/jandonyggarofalo/Documents/Desa/UNI/Semestre7/embebidos/esp-csi/examples/get-started/csi_send/data/raw/session_20260812_093242_breathing_off_breathing_off.csv,88.0,96.0,breathing_off,accepted,,trusted_breathing,breathing,779,40.28,0.00884547,52.342821437447675,1.319947290000115,39.65523610977182,52.10224212052168,5,1.477925287360736,0.125,108.2473707823989,0.7838997840881348,1.718857128729727,1.743563435983023
session_20260812_093242_breathing_off_breathing_off_w00040,session_20260812_093242_breathing_off_breathing_off,/Users/jandonyggarofalo/Documents/Desa/UNI/Semestre7/embebidos/esp-csi/examples/get-started/csi_send/data/raw/session_20260812_093242_breathing_off_breathing_off.csv,90.0,98.0,breathing_off,accepted,,trusted_breathing,breathing,781,36.631,0.01341429,41.196705116930126,0.9523601587439336,43.25748482719094,19.443545875076225,3,1.2503234888859203,0.125,83.86873634121453,0.7557998895645142,1.6148624828594218,1.743563435983023
session_20260812_093242_breathing_off_breathing_off_w00041,session_20260812_093242_breathing_off_breathing_off,/Users/jandonyggarofalo/Documents/Desa/UNI/Semestre7/embebidos/esp-csi/examples/get-started/csi_send/data/raw/session_20260812_093242_breathing_off_breathing_off.csv,92.0,100.0,breathing_off,accepted,,trusted_breathing,breathing,780,32.787,0.01052684,57.82500094905071,1.1911803743908695,48.544286148579275,22.109816025506003,4,1.3327236008769952,0.375,105.68339005806764,0.7120477557182312,1.762115648570507,1.743563435983023
session_20260812_093242_breathing_off_breathing_off_w00042,session_20260812_093242_breathing_off_breathing_off,/Users/jandonyggarofalo/Documents/Desa/UNI/Semestre7/embebidos/esp-csi/examples/get-started/csi_send/data/raw/session_20260812_093242_breathing_off_breathing_off.csv,94.0,102.0,breathing_off,rejected,too_many_amplitude_outliers,not_evaluated,,776,68.593,0.03611268,,,,,,,,,,,
session_20260812_093242_breathing_off_breathing_off_w00043,session_20260812_093242_breathing_off_breathing_off,/Users/jandonyggarofalo/Documents/Desa/UNI/Semestre7/embebidos/esp-csi/examples/get-started/csi_send/data/raw/session_20260812_093242_breathing_off_breathing_off.csv,96.0,104.0,breathing_off,rejected,too_many_amplitude_outliers,not_evaluated,,770,68.593,0.03591721,,,,,,,,,,,
session_20260812_093242_breathing_off_breathing_off_w00044,session_20260812_093242_breathing_off_breathing_off,/Users/jandonyggarofalo/Documents/Desa/UNI/Semestre7/embebidos/esp-csi/examples/get-started/csi_send/data/raw/session_20260812_093242_breathing_off_breathing_off.csv,98.0,106.0,breathing_off,rejected,too_many_amplitude_outliers,not_evaluated,,768,68.593,0.03401693,,,,,,,,,,,
session_20260812_093242_breathing_off_breathing_off_w00045,session_20260812_093242_breathing_off_breathing_off,/Users/jandonyggarofalo/Documents/Desa/UNI/Semestre7/embebidos/esp-csi/examples/get-started/csi_send/data/raw/session_20260812_093242_breathing_off_breathing_off.csv,100.0,108.0,breathing_off,rejected,too_many_amplitude_outliers,not_evaluated,,776,68.593,0.02581347,,,,,,,,,,,
session_20260812_093242_breathing_off_breathing_off_w00046,session_20260812_093242_breathing_off_breathing_off,/Users/jandonyggarofalo/Documents/Desa/UNI/Semestre7/embebidos/esp-csi/examples/get-started/csi_send/data/raw/session_20260812_093242_breathing_off_breathing_off.csv,102.0,110.0,breathing_off,accepted,,trusted_breathing,breathing,778,34.377,0.01187942,107.80738290563623,2.746409889054015,39.253930498601065,125.16351879466042,6,1.5797412340227983,0.125,182.35321934047133,0.7535415291786194,2.0974777642186644,1.743563435983023
session_20260812_093242_breathing_off_breathing_off_w00047,session_20260812_093242_breathing_off_breathing_off,/Users/jandonyggarofalo/Documents/Desa/UNI/Semestre7/embebidos/esp-csi/examples/get-started/csi_send/data/raw/session_20260812_093242_breathing_off_breathing_off.csv,104.0,112.0,breathing_off,accepted,,trusted_breathing,breathing,781,34.517,0.01347431,79.00427297925484,1.9284105243358598,40.968596666637026,64.34467383351152,5,1.5295567153686,0.125,140.85938515336716,0.798624575138092,1.8976505809249629,1.743563435983023
session_20260812_093242_breathing_off_breathing_off_w00048,session_20260812_093242_breathing_off_breathing_off,/Users/jandonyggarofalo/Documents/Desa/UNI/Semestre7/embebidos/esp-csi/examples/get-started/csi_send/data/raw/session_20260812_093242_breathing_off_breathing_off.csv,106.0,114.0,breathing_off,accepted,,trusted_breathing,breathing,781,55.511,0.00835267,20.40655924893289,0.4885559615980799,41.76913363648395,20.884099936720574,4,1.4954136982218975,0.375,36.65562769998689,0.8223034143447876,1.319815762773828,1.743563435983023
session_20260812_093242_breathing_off_breathing_off_w00049,session_20260812_093242_breathing_off_breathing_off,/Users/jandonyggarofalo/Documents/Desa/UNI/Semestre7/embebidos/esp-csi/examples/get-started/csi_send/data/raw/session_20260812_093242_breathing_off_breathing_off.csv,108.0,116.0,breathing_off,accepted,,trusted_breathing,breathing,781,69.588,0.01103353,61.90357043262873,2.0063364048854284,30.854033392337747,124.94096027687073,2,0.9577396842604554,0.125,222.06451567649876,0.8423612117767334,2.0967048395429613,1.743563435983023
session_20260812_093242_breathing_off_breathing_off_w00050,session_20260812_093242_breathing_off_breathing_off,/Users/jandonyggarofalo/Documents/Desa/UNI/Semestre7/embebidos/esp-csi/examples/get-started/csi_send/data/raw/session_20260812_093242_breathing_off_breathing_off.csv,110.0,118.0,breathing_off,accepted,,trusted_breathing,breathing,774,69.588,0.0129098,16.198784203197942,0.3274448870067925,49.47026154912123,5.86756195211175,4,1.2234643275910135,0.375,26.703265566350037,0.7765516042709351,1.2094824198724883,1.743563435983023
session_20260812_093242_breathing_off_breathing_off_w00051,session_20260812_093242_breathing_off_breathing_off,/Users/jandonyggarofalo/Documents/Desa/UNI/Semestre7/embebidos/esp-csi/examples/get-started/csi_send/data/raw/session_20260812_093242_breathing_off_breathing_off.csv,112.0,120.0,breathing_off,rejected,too_many_amplitude_outliers,not_evaluated,,774,69.588,0.02007631,,,,,,,,,,,
session_20260812_093242_breathing_off_breathing_off_w00052,session_20260812_093242_breathing_off_breathing_off,/Users/jandonyggarofalo/Documents/Desa/UNI/Semestre7/embebidos/esp-csi/examples/get-started/csi_send/data/raw/session_20260812_093242_breathing_off_breathing_off.csv,114.0,122.0,breathing_off,rejected,too_many_amplitude_outliers,not_evaluated,,777,69.588,0.02098415,,,,,,,,,,,
session_20260812_093242_breathing_off_breathing_off_w00053,session_20260812_093242_breathing_off_breathing_off,/Users/jandonyggarofalo/Documents/Desa/UNI/Semestre7/embebidos/esp-csi/examples/get-started/csi_send/data/raw/session_20260812_093242_breathing_off_breathing_off.csv,116.0,124.0,breathing_off,accepted,,trusted_breathing,breathing,778,30.876,0.01902916,51.59966470697376,1.104953259647162,46.69850444479802,31.984571702574936,4,1.1675397222335304,0.25,119.99834963422481,0.8173853158950806,1.7126468796042698,1.743563435983023
session_20260812_093242_breathing_off_breathing_off_w00054,session_20260812_093242_breathing_off_breathing_off,/Users/jandonyggarofalo/Documents/Desa/UNI/Semestre7/embebidos/esp-csi/examples/get-started/csi_send/data/raw/session_20260812_093242_breathing_off_breathing_off.csv,118.0,126.0,breathing_off,rejected,too_many_amplitude_outliers,not_evaluated,,781,34.194,0.02008643,,,,,,,,,,,
session_20260812_093242_breathing_off_breathing_off_w00055,session_20260812_093242_breathing_off_breathing_off,/Users/jandonyggarofalo/Documents/Desa/UNI/Semestre7/embebidos/esp-csi/examples/get-started/csi_send/data/raw/session_20260812_093242_breathing_off_breathing_off.csv,120.0,128.0,breathing_off,rejected,too_many_amplitude_outliers,not_evaluated,,783,68.857,0.02077347,,,,,,,,,,,
session_20260812_093242_breathing_off_breathing_off_w00056,session_20260812_093242_breathing_off_breathing_off,/Users/jandonyggarofalo/Documents/Desa/UNI/Semestre7/embebidos/esp-csi/examples/get-started/csi_send/data/raw/session_20260812_093242_breathing_off_breathing_off.csv,122.0,130.0,breathing_off,rejected,too_many_amplitude_outliers,not_evaluated,,782,68.857,0.03012108,,,,,,,,,,,
session_20260812_093242_breathing_off_breathing_off_w00057,session_20260812_093242_breathing_off_breathing_off,/Users/jandonyggarofalo/Documents/Desa/UNI/Semestre7/embebidos/esp-csi/examples/get-started/csi_send/data/raw/session_20260812_093242_breathing_off_breathing_off.csv,124.0,132.0,breathing_off,rejected,too_many_amplitude_outliers,not_evaluated,,773,68.857,0.03034039,,,,,,,,,,,
session_20260812_093242_breathing_off_breathing_off_w00058,session_20260812_093242_breathing_off_breathing_off,/Users/jandonyggarofalo/Documents/Desa/UNI/Semestre7/embebidos/esp-csi/examples/get-started/csi_send/data/raw/session_20260812_093242_breathing_off_breathing_off.csv,126.0,134.0,breathing_off,rejected,too_many_amplitude_outliers,not_evaluated,,778,68.857,0.02937219,,,,,,,,,,,
session_20260812_093242_breathing_off_breathing_off_w00059,session_20260812_093242_breathing_off_breathing_off,/Users/jandonyggarofalo/Documents/Desa/UNI/Semestre7/embebidos/esp-csi/examples/get-started/csi_send/data/raw/session_20260812_093242_breathing_off_breathing_off.csv,128.0,136.0,breathing_off,rejected,too_many_amplitude_outliers,not_evaluated,,772,31.636,0.03250486,,,,,,,,,,,
session_20260812_093242_breathing_off_breathing_off_w00060,session_20260812_093242_breathing_off_breathing_off,/Users/jandonyggarofalo/Documents/Desa/UNI/Semestre7/embebidos/esp-csi/examples/get-started/csi_send/data/raw/session_20260812_093242_breathing_off_breathing_off.csv,130.0,138.0,breathing_off,rejected,too_many_amplitude_outliers,not_evaluated,,768,51.291,0.03625488,,,,,,,,,,,
session_20260812_093242_breathing_off_breathing_off_w00061,session_20260812_093242_breathing_off_breathing_off,/Users/jandonyggarofalo/Documents/Desa/UNI/Semestre7/embebidos/esp-csi/examples/get-started/csi_send/data/raw/session_20260812_093242_breathing_off_breathing_off.csv,132.0,140.0,breathing_off,rejected,time_gap,not_evaluated,,740,212.499,,,,,,,,,,,,
session_20260812_093242_breathing_off_breathing_off_w00062,session_20260812_093242_breathing_off_breathing_off,/Users/jandonyggarofalo/Documents/Desa/UNI/Semestre7/embebidos/esp-csi/examples/get-started/csi_send/data/raw/session_20260812_093242_breathing_off_breathing_off.csv,134.0,142.0,breathing_off,rejected,time_gap,not_evaluated,,550,282.196,,,,,,,,,,,,
session_20260812_093242_breathing_off_breathing_off_w00063,session_20260812_093242_breathing_off_breathing_off,/Users/jandonyggarofalo/Documents/Desa/UNI/Semestre7/embebidos/esp-csi/examples/get-started/csi_send/data/raw/session_20260812_093242_breathing_off_breathing_off.csv,136.0,144.0,breathing_off,rejected,time_gap,not_evaluated,,391,3132.017,,,,,,,,,,,,
session_20260812_093242_breathing_off_breathing_off_w00064,session_20260812_093242_breathing_off_breathing_off,/Users/jandonyggarofalo/Documents/Desa/UNI/Semestre7/embebidos/esp-csi/examples/get-started/csi_send/data/raw/session_20260812_093242_breathing_off_breathing_off.csv,138.0,146.0,breathing_off,rejected,insufficient_samples,not_evaluated,,199,,,,,,,,,,,,,
session_20260812_093242_breathing_off_breathing_off_w00065,session_20260812_093242_breathing_off_breathing_off,/Users/jandonyggarofalo/Documents/Desa/UNI/Semestre7/embebidos/esp-csi/examples/get-started/csi_send/data/raw/session_20260812_093242_breathing_off_breathing_off.csv,140.0,148.0,breathing_off,rejected,insufficient_samples,not_evaluated,,39,,,,,,,,,,,,,
session_20260812_093242_breathing_off_breathing_off_w00066,session_20260812_093242_breathing_off_breathing_off,/Users/jandonyggarofalo/Documents/Desa/UNI/Semestre7/embebidos/esp-csi/examples/get-started/csi_send/data/raw/session_20260812_093242_breathing_off_breathing_off.csv,142.0,150.0,breathing_off,rejected,insufficient_samples,not_evaluated,,222,,,,,,,,,,,,,
session_20260812_093242_breathing_off_breathing_off_w00067,session_20260812_093242_breathing_off_breathing_off,/Users/jandonyggarofalo/Documents/Desa/UNI/Semestre7/embebidos/esp-csi/examples/get-started/csi_send/data/raw/session_20260812_093242_breathing_off_breathing_off.csv,144.0,152.0,breathing_off,rejected,too_many_amplitude_outliers,not_evaluated,,388,27.585,0.02643766,,,,,,,,,,,
session_20260812_093242_breathing_off_breathing_off_w00068,session_20260812_093242_breathing_off_breathing_off,/Users/jandonyggarofalo/Documents/Desa/UNI/Semestre7/embebidos/esp-csi/examples/get-started/csi_send/data/raw/session_20260812_093242_breathing_off_breathing_off.csv,146.0,154.0,breathing_off,rejected,too_many_amplitude_outliers,not_evaluated,,592,40.693,0.02545661,,,,,,,,,,,
session_20260812_093242_breathing_off_breathing_off_w00069,session_20260812_093242_breathing_off_breathing_off,/Users/jandonyggarofalo/Documents/Desa/UNI/Semestre7/embebidos/esp-csi/examples/get-started/csi_send/data/raw/session_20260812_093242_breathing_off_breathing_off.csv,148.0,156.0,breathing_off,accepted,,trusted_breathing,breathing,792,78.459,0.01744989,20.46016114523484,0.41563510953729216,49.22625802224213,7.629033228180937,6,1.4047696666801004,0.375,30.6231513821561,0.8756864666938782,1.3109090499143186,1.743563435983023
session_20260812_093242_breathing_off_breathing_off_w00070,session_20260812_093242_breathing_off_breathing_off,/Users/jandonyggarofalo/Documents/Desa/UNI/Semestre7/embebidos/esp-csi/examples/get-started/csi_send/data/raw/session_20260812_093242_breathing_off_breathing_off.csv,150.0,158.0,breathing_off,accepted,,trusted_breathing,breathing,799,78.459,0.00642405,91.56052739305878,2.437050655706373,37.57021922323671,101.29616230474957,2,1.2338662747862523,0.125,267.35152836767907,0.8528176546096802,2.00559299203904,1.743563435983023
session_20260812_093242_breathing_off_breathing_off_w00071,session_20260812_093242_breathing_off_breathing_off,/Users/jandonyggarofalo/Documents/Desa/UNI/Semestre7/embebidos/esp-csi/examples/get-started/csi_send/data/raw/session_20260812_093242_breathing_off_breathing_off.csv,152.0,160.0,breathing_off,accepted,,trusted_breathing,breathing,801,78.459,0.00276022,20.653264346929703,0.45646147801124803,45.246456364441606,8.151601451645927,5,1.6338134278833816,0.25,24.374582838625106,0.813895046710968,1.3149887037317396,1.743563435983023
session_20260812_093242_breathing_off_breathing_off_w00072,session_20260812_093242_breathing_off_breathing_off,/Users/jandonyggarofalo/Documents/Desa/UNI/Semestre7/embebidos/esp-csi/examples/get-started/csi_send/data/raw/session_20260812_093242_breathing_off_breathing_off.csv,154.0,162.0,breathing_off,accepted,,trusted_breathing,breathing,790,90.192,0.00186907,25.46850492445166,0.596839633209963,42.672274941649846,22.08077933488616,5,1.5397594806926624,0.5,34.39242503815295,0.786565899848938,1.4060034513586737,1.743563435983023
session_20260812_093242_breathing_off_breathing_off_w00073,session_20260812_093242_breathing_off_breathing_off,/Users/jandonyggarofalo/Documents/Desa/UNI/Semestre7/embebidos/esp-csi/examples/get-started/csi_send/data/raw/session_20260812_093242_breathing_off_breathing_off.csv,156.0,164.0,breathing_off,accepted,,trusted_breathing,breathing,792,90.192,0.0012133,6.679243389583963,0.14788046321951934,45.16650302632522,4.206238547142634,7,1.3665422852531197,0.5,15.995428148706207,0.7893509864807129,0.8247272693110872,1.743563435983023
session_20260812_093242_breathing_off_breathing_off_w00074,session_20260812_093242_breathing_off_breathing_off,/Users/jandonyggarofalo/Documents/Desa/UNI/Semestre7/embebidos/esp-csi/examples/get-started/csi_send/data/raw/session_20260812_093242_breathing_off_breathing_off.csv,158.0,166.0,breathing_off,accepted,,trusted_breathing,breathing,797,90.192,0.00097044,5.5150477940638085,0.18414638716398019,29.949258733611615,13.260710758337718,6,1.292936219663625,0.125,13.75127853731552,0.8296459913253784,1.1225668023607547,1.743563435983023
session_20260812_093242_breathing_off_breathing_off_w00075,session_20260812_093242_breathing_off_breathing_off,/Users/jandonyggarofalo/Documents/Desa/UNI/Semestre7/embebidos/esp-csi/examples/get-started/csi_send/data/raw/session_20260812_093242_breathing_off_breathing_off.csv,160.0,168.0,breathing_off,accepted,,trusted_breathing,breathing,793,90.192,0.00094578,13.85822294248334,0.33536527197657534,41.32277281056695,10.10960492320604,5,1.5175909610217568,0.375,21.478478882365486,0.8308602571487427,1.1417075437135047,1.743563435983023
session_20260812_093242_breathing_off_breathing_off_w00076,session_20260812_093242_breathing_off_breathing_off,/Users/jandonyggarofalo/Documents/Desa/UNI/Semestre7/embebidos/esp-csi/examples/get-started/csi_send/data/raw/session_20260812_093242_breathing_off_breathing_off.csv,162.0,170.0,breathing_off,accepted,,trusted_breathing,breathing,799,80.593,0.00088001,6.879655132172255,0.14302518702260128,48.10100427302367,8.10616277443327,5,1.0250871356129692,0.375,16.230002468408653,0.8629459738731384,0.908815320270322,1.743563435983023
session_20260812_093242_breathing_off_breathing_off_w00077,session_20260812_093242_breathing_off_breathing_off,/Users/jandonyggarofalo/Documents/Desa/UNI/Semestre7/embebidos/esp-csi/examples/get-started/csi_send/data/raw/session_20260812_093242_breathing_off_breathing_off.csv,164.0,172.0,breathing_off,accepted,,trusted_breathing,breathing,795,80.593,0.00095322,38.94038259215785,1.0516418122854578,37.0281802579668,58.691435604893776,3,1.169202266460347,0.125,108.4892153813023,0.8570162653923035,1.768574732578129,1.743563435983023
session_20260812_093242_breathing_off_breathing_off_w00078,session_20260812_093242_breathing_off_breathing_off,/Users/jandonyggarofalo/Documents/Desa/UNI/Semestre7/embebidos/esp-csi/examples/get-started/csi_send/data/raw/session_20260812_093242_breathing_off_breathing_off.csv,166.0,174.0,breathing_off,accepted,,trusted_breathing,breathing,789,80.593,0.00059411,77.82021097201505,1.9795313650538156,39.312441492868246,65.7909396011691,3,1.2857077577588194,0.125,196.45672702332234,0.863804817199707,1.8910924038496075,1.743563435983023
session_20260812_093242_breathing_off_breathing_off_w00079,session_20260812_093242_breathing_off_breathing_off,/Users/jandonyggarofalo/Documents/Desa/UNI/Semestre7/embebidos/esp-csi/examples/get-started/csi_send/data/raw/session_20260812_093242_breathing_off_breathing_off.csv,168.0,176.0,breathing_off,accepted,,trusted_breathing,breathing,789,80.593,0.00170311,57.09659442975969,1.2103639759505878,47.173078151859535,21.331410170739918,3,1.4488044721877578,0.25,91.24881942936142,0.8849093914031982,1.7566102051903236,1.743563435983023
session_20260812_093242_breathing_off_breathing_off_w00080,session_20260812_093242_breathing_off_breathing_off,/Users/jandonyggarofalo/Documents/Desa/UNI/Semestre7/embebidos/esp-csi/examples/get-started/csi_send/data/raw/session_20260812_093242_breathing_off_breathing_off.csv,170.0,178.0,breathing_off,accepted,,trusted_breathing,breathing,788,39.942,0.00151689,62.142284962763505,1.4584819030969014,42.60751184554956,36.540573764085934,4,1.4221460283086125,0.125,100.79203310144828,0.8772311806678772,1.7933872181573776,1.743563435983023
session_20260812_093811_breathing_off_breathing_off_w00000,session_20260812_093811_breathing_off_breathing_off,/Users/jandonyggarofalo/Documents/Desa/UNI/Semestre7/embebidos/esp-csi/examples/get-started/csi_send/data/raw/session_20260812_093811_breathing_off_breathing_off.csv,10.0,18.0,breathing_off,rejected,time_gap,not_evaluated,,780,184.215,,,,,,,,,,,,
session_20260812_093811_breathing_off_breathing_off_w00001,session_20260812_093811_breathing_off_breathing_off,/Users/jandonyggarofalo/Documents/Desa/UNI/Semestre7/embebidos/esp-csi/examples/get-started/csi_send/data/raw/session_20260812_093811_breathing_off_breathing_off.csv,12.0,20.0,breathing_off,rejected,time_gap,not_evaluated,,775,184.215,,,,,,,,,,,,
session_20260812_093811_breathing_off_breathing_off_w00002,session_20260812_093811_breathing_off_breathing_off,/Users/jandonyggarofalo/Documents/Desa/UNI/Semestre7/embebidos/esp-csi/examples/get-started/csi_send/data/raw/session_20260812_093811_breathing_off_breathing_off.csv,14.0,22.0,breathing_off,rejected,time_gap,not_evaluated,,767,184.215,,,,,,,,,,,,
session_20260812_093811_breathing_off_breathing_off_w00003,session_20260812_093811_breathing_off_breathing_off,/Users/jandonyggarofalo/Documents/Desa/UNI/Semestre7/embebidos/esp-csi/examples/get-started/csi_send/data/raw/session_20260812_093811_breathing_off_breathing_off.csv,16.0,24.0,breathing_off,rejected,time_gap,not_evaluated,,767,184.215,,,,,,,,,,,,
session_20260812_093811_breathing_off_breathing_off_w00004,session_20260812_093811_breathing_off_breathing_off,/Users/jandonyggarofalo/Documents/Desa/UNI/Semestre7/embebidos/esp-csi/examples/get-started/csi_send/data/raw/session_20260812_093811_breathing_off_breathing_off.csv,18.0,26.0,breathing_off,accepted,,trusted_breathing,breathing,764,47.154,0.01301742,24.152130842477366,0.5002834444439062,48.276894050083094,10.414425675637947,6,1.4814880411283535,0.25,29.211473298852503,0.7576169967651367,1.3829554527813726,1.7336721017245738
session_20260812_093811_breathing_off_breathing_off_w00005,session_20260812_093811_breathing_off_breathing_off,/Users/jandonyggarofalo/Documents/Desa/UNI/Semestre7/embebidos/esp-csi/examples/get-started/csi_send/data/raw/session_20260812_093811_breathing_off_breathing_off.csv,20.0,28.0,breathing_off,rejected,too_many_amplitude_outliers,not_evaluated,,772,55.07,0.03238342,,,,,,,,,,,
session_20260812_093811_breathing_off_breathing_off_w00006,session_20260812_093811_breathing_off_breathing_off,/Users/jandonyggarofalo/Documents/Desa/UNI/Semestre7/embebidos/esp-csi/examples/get-started/csi_send/data/raw/session_20260812_093811_breathing_off_breathing_off.csv,22.0,30.0,breathing_off,rejected,too_many_amplitude_outliers,not_evaluated,,774,55.07,0.03036176,,,,,,,,,,,
session_20260812_093811_breathing_off_breathing_off_w00007,session_20260812_093811_breathing_off_breathing_off,/Users/jandonyggarofalo/Documents/Desa/UNI/Semestre7/embebidos/esp-csi/examples/get-started/csi_send/data/raw/session_20260812_093811_breathing_off_breathing_off.csv,24.0,32.0,breathing_off,rejected,too_many_amplitude_outliers,not_evaluated,,780,55.07,0.02311699,,,,,,,,,,,
session_20260812_093811_breathing_off_breathing_off_w00008,session_20260812_093811_breathing_off_breathing_off,/Users/jandonyggarofalo/Documents/Desa/UNI/Semestre7/embebidos/esp-csi/examples/get-started/csi_send/data/raw/session_20260812_093811_breathing_off_breathing_off.csv,26.0,34.0,breathing_off,rejected,too_many_amplitude_outliers,not_evaluated,,784,55.07,0.03033323,,,,,,,,,,,
session_20260812_093811_breathing_off_breathing_off_w00009,session_20260812_093811_breathing_off_breathing_off,/Users/jandonyggarofalo/Documents/Desa/UNI/Semestre7/embebidos/esp-csi/examples/get-started/csi_send/data/raw/session_20260812_093811_breathing_off_breathing_off.csv,28.0,36.0,breathing_off,accepted,,trusted_breathing,breathing,781,35.609,0.01642526,86.82215577886787,2.293503419341926,37.85569057653372,89.27061600604215,3,1.1775119268041954,0.125,232.98512165647767,0.6945328712463379,1.9507085316048494,1.7336721017245738
session_20260812_093811_breathing_off_breathing_off_w00010,session_20260812_093811_breathing_off_breathing_off,/Users/jandonyggarofalo/Documents/Desa/UNI/Semestre7/embebidos/esp-csi/examples/get-started/csi_send/data/raw/session_20260812_093811_breathing_off_breathing_off.csv,30.0,38.0,breathing_off,rejected,too_many_amplitude_outliers,not_evaluated,,779,40.949,0.0247914,,,,,,,,,,,
session_20260812_093811_breathing_off_breathing_off_w00011,session_20260812_093811_breathing_off_breathing_off,/Users/jandonyggarofalo/Documents/Desa/UNI/Semestre7/embebidos/esp-csi/examples/get-started/csi_send/data/raw/session_20260812_093811_breathing_off_breathing_off.csv,32.0,40.0,breathing_off,rejected,too_many_amplitude_outliers,not_evaluated,,789,43.538,0.02522972,,,,,,,,,,,
session_20260812_093811_breathing_off_breathing_off_w00012,session_20260812_093811_breathing_off_breathing_off,/Users/jandonyggarofalo/Documents/Desa/UNI/Semestre7/embebidos/esp-csi/examples/get-started/csi_send/data/raw/session_20260812_093811_breathing_off_breathing_off.csv,34.0,42.0,breathing_off,rejected,time_gap,not_evaluated,,793,104.257,,,,,,,,,,,,
session_20260812_093811_breathing_off_breathing_off_w00013,session_20260812_093811_breathing_off_breathing_off,/Users/jandonyggarofalo/Documents/Desa/UNI/Semestre7/embebidos/esp-csi/examples/get-started/csi_send/data/raw/session_20260812_093811_breathing_off_breathing_off.csv,36.0,44.0,breathing_off,rejected,time_gap,not_evaluated,,792,104.257,,,,,,,,,,,,
session_20260812_093811_breathing_off_breathing_off_w00014,session_20260812_093811_breathing_off_breathing_off,/Users/jandonyggarofalo/Documents/Desa/UNI/Semestre7/embebidos/esp-csi/examples/get-started/csi_send/data/raw/session_20260812_093811_breathing_off_breathing_off.csv,38.0,46.0,breathing_off,rejected,time_gap,not_evaluated,,800,104.257,,,,,,,,,,,,
session_20260812_093811_breathing_off_breathing_off_w00015,session_20260812_093811_breathing_off_breathing_off,/Users/jandonyggarofalo/Documents/Desa/UNI/Semestre7/embebidos/esp-csi/examples/get-started/csi_send/data/raw/session_20260812_093811_breathing_off_breathing_off.csv,40.0,48.0,breathing_off,rejected,time_gap,not_evaluated,,789,104.257,,,,,,,,,,,,
session_20260812_093811_breathing_off_breathing_off_w00016,session_20260812_093811_breathing_off_breathing_off,/Users/jandonyggarofalo/Documents/Desa/UNI/Semestre7/embebidos/esp-csi/examples/get-started/csi_send/data/raw/session_20260812_093811_breathing_off_breathing_off.csv,42.0,50.0,breathing_off,accepted,,trusted_breathing,breathing,776,43.272,0.01022874,510.1699195520606,14.604925987474898,34.93135945978395,740.9120405763481,4,1.0930157304225052,0.125,1655.1832624534454,0.736677348613739,2.869766652568046,1.7336721017245738
session_20260812_093811_breathing_off_breathing_off_w00017,session_20260812_093811_breathing_off_breathing_off,/Users/jandonyggarofalo/Documents/Desa/UNI/Semestre7/embebidos/esp-csi/examples/get-started/csi_send/data/raw/session_20260812_093811_breathing_off_breathing_off.csv,44.0,52.0,breathing_off,accepted,,trusted_breathing,breathing,774,41.005,0.0108406,30.339982633344235,0.7939915854417848,38.21196998759698,40.2917037342412,5,1.501942033291159,0.125,64.99769255090126,0.6196726560592651,1.6052156319139672,1.7336721017245738
session_20260812_093811_breathing_off_breathing_off_w00018,session_20260812_093811_breathing_off_breathing_off,/Users/jandonyggarofalo/Documents/Desa/UNI/Semestre7/embebidos/esp-csi/examples/get-started/csi_send/data/raw/session_20260812_093811_breathing_off_breathing_off.csv,46.0,54.0,breathing_off,accepted,,trusted_breathing,breathing,768,54.454,0.01309204,21.731887007480196,0.45021651512232463,48.26985745186921,13.491076516577502,6,1.420321708485497,0.25,30.2608244337647,0.6807154417037964,1.3370974383019103,1.7336721017245738
session_20260812_093811_breathing_off_breathing_off_w00019,session_20260812_093811_breathing_off_breathing_off,/Users/jandonyggarofalo/Documents/Desa/UNI/Semestre7/embebidos/esp-csi/examples/get-started/csi_send/data/raw/session_20260812_093811_breathing_off_breathing_off.csv,48.0,56.0,breathing_off,accepted,,trusted_breathing,breathing,771,58.788,0.01175422,33.18551395471002,0.6705003642309656,49.4936553729137,13.259637454979853,6,1.3333157821387924,0.375,56.609801119824745,0.6693786382675171,1.5209485480882468,1.7336721017245738
session_20260812_093811_breathing_off_breathing_off_w00020,session_20260812_093811_breathing_off_breathing_off,/Users/jandonyggarofalo/Documents/Desa/UNI/Semestre7/embebidos/esp-csi/examples/get-started/csi_send/data/raw/session_20260812_093811_breathing_off_breathing_off.csv,50.0,58.0,breathing_off,accepted,,trusted_breathing,breathing,777,58.788,0.0083454,41.7334124618459,0.8689469069968787,48.027574672002125,16.695400530189524,5,1.0805552047478004,0.375,89.45583437473783,0.7400338649749756,1.6204838975983002,1.7336721017245738
session_20260812_093811_breathing_off_breathing_off_w00021,session_20260812_093811_breathing_off_breathing_off,/Users/jandonyggarofalo/Documents/Desa/UNI/Semestre7/embebidos/esp-csi/examples/get-started/csi_send/data/raw/session_20260812_093811_breathing_off_breathing_off.csv,52.0,60.0,breathing_off,accepted,,trusted_breathing,breathing,788,58.788,0.00698961,1026.3015556818216,29.68157656020552,34.57705670047739,1458.8953945315477,4,1.0674964503937323,0.125,3367.367809123594,0.7989819049835205,3.164024153301006,1.7336721017245738
session_20260812_093811_breathing_off_breathing_off_w00022,session_20260812_093811_breathing_off_breathing_off,/Users/jandonyggarofalo/Documents/Desa/UNI/Semestre7/embebidos/esp-csi/examples/get-started/csi_send/data/raw/session_20260812_093811_breathing_off_breathing_off.csv,54.0,62.0,breathing_off,accepted,,trusted_breathing,breathing,783,58.788,0.00471943,35.830556289416975,0.7521522992683628,47.63736855451032,26.453631932868483,6,1.5270084627041052,0.25,45.07044309093141,0.725350022315979,1.554253550883083,1.7336721017245738
session_20260812_093811_breathing_off_breathing_off_w00023,session_20260812_093811_breathing_off_breathing_off,/Users/jandonyggarofalo/Documents/Desa/UNI/Semestre7/embebidos/esp-csi/examples/get-started/csi_send/data/raw/session_20260812_093811_breathing_off_breathing_off.csv,56.0,64.0,breathing_off,accepted,,trusted_breathing,breathing,779,34.765,0.01136272,78.52275992591586,1.5926521812816508,49.30314405664967,29.034587052967883,5,1.3073421399787555,0.375,149.0541818433809,0.7572614550590515,1.8949955558226614,1.7336721017245738
session_20260812_093811_breathing_off_breathing_off_w00024,session_20260812_093811_breathing_off_breathing_off,/Users/jandonyggarofalo/Documents/Desa/UNI/Semestre7/embebidos/esp-csi/examples/get-started/csi_send/data/raw/session_20260812_093811_breathing_off_breathing_off.csv,58.0,66.0,breathing_off,accepted,,trusted_breathing,breathing,783,34.765,0.01989543,58.82319207882698,1.2005412784657528,48.99722577965152,21.36036505523903,5,1.0362904454749953,0.375,127.79824204199016,0.7515052556991577,1.769548588083424,1.7336721017245738
session_20260812_093811_breathing_off_breathing_off_w00025,session_20260812_093811_breathing_off_breathing_off,/Users/jandonyggarofalo/Documents/Desa/UNI/Semestre7/embebidos/esp-csi/examples/get-started/csi_send/data/raw/session_20260812_093811_breathing_off_breathing_off.csv,60.0,68.0,breathing_off,accepted,,trusted_breathing,breathing,772,64.368,0.013429,57.602384581258164,1.3311104162052865,43.27393421308134,40.20196356675927,5,1.5182963288386355,0.125,78.17612745223077,0.7987425923347473,1.7604404623997136,1.7336721017245738
session_20260812_093811_breathing_off_breathing_off_w00026,session_20260812_093811_breathing_off_breathing_off,/Users/jandonyggarofalo/Documents/Desa/UNI/Semestre7/embebidos/esp-csi/examples/get-started/csi_send/data/raw/session_20260812_093811_breathing_off_breathing_off.csv,62.0,70.0,breathing_off,accepted,,trusted_breathing,breathing,772,64.368,0.00623381,22.344021275966657,0.5206492239393625,42.915691118990395,24.71614775760872,7,1.5859113550501431,0.125,36.490938765558504,0.7867823839187622,1.3929807828414058,1.7336721017245738
session_20260812_093811_breathing_off_breathing_off_w00027,session_20260812_093811_breathing_off_breathing_off,/Users/jandonyggarofalo/Documents/Desa/UNI/Semestre7/embebidos/esp-csi/examples/get-started/csi_send/data/raw/session_20260812_093811_breathing_off_breathing_off.csv,64.0,72.0,breathing_off,accepted,,trusted_breathing,breathing,777,64.368,0.00504746,23.08205667178202,0.6463849051508987,35.709461170597415,26.609219440949925,4,1.2848328813039804,0.125,63.24292289930257,0.7582727074623108,1.4250321350752597,1.7336721017245738
session_20260812_093811_breathing_off_breathing_off_w00028,session_20260812_093811_breathing_off_breathing_off,/Users/jandonyggarofalo/Documents/Desa/UNI/Semestre7/embebidos/esp-csi/examples/get-started/csi_send/data/raw/session_20260812_093811_breathing_off_breathing_off.csv,66.0,74.0,breathing_off,rejected,time_gap,not_evaluated,,747,164.824,,,,,,,,,,,,
session_20260812_093811_breathing_off_breathing_off_w00029,session_20260812_093811_breathing_off_breathing_off,/Users/jandonyggarofalo/Documents/Desa/UNI/Semestre7/embebidos/esp-csi/examples/get-started/csi_send/data/raw/session_20260812_093811_breathing_off_breathing_off.csv,68.0,76.0,breathing_off,rejected,time_gap,not_evaluated,,674,278.17,,,,,,,,,,,,
session_20260812_093811_breathing_off_breathing_off_w00030,session_20260812_093811_breathing_off_breathing_off,/Users/jandonyggarofalo/Documents/Desa/UNI/Semestre7/embebidos/esp-csi/examples/get-started/csi_send/data/raw/session_20260812_093811_breathing_off_breathing_off.csv,70.0,78.0,breathing_off,rejected,time_gap,not_evaluated,,516,893.702,,,,,,,,,,,,
session_20260812_093811_breathing_off_breathing_off_w00031,session_20260812_093811_breathing_off_breathing_off,/Users/jandonyggarofalo/Documents/Desa/UNI/Semestre7/embebidos/esp-csi/examples/get-started/csi_send/data/raw/session_20260812_093811_breathing_off_breathing_off.csv,72.0,80.0,breathing_off,rejected,insufficient_samples,not_evaluated,,319,,,,,,,,,,,,,
session_20260812_093811_breathing_off_breathing_off_w00032,session_20260812_093811_breathing_off_breathing_off,/Users/jandonyggarofalo/Documents/Desa/UNI/Semestre7/embebidos/esp-csi/examples/get-started/csi_send/data/raw/session_20260812_093811_breathing_off_breathing_off.csv,74.0,82.0,breathing_off,rejected,insufficient_samples,not_evaluated,,181,,,,,,,,,,,,,
session_20260812_093811_breathing_off_breathing_off_w00033,session_20260812_093811_breathing_off_breathing_off,/Users/jandonyggarofalo/Documents/Desa/UNI/Semestre7/embebidos/esp-csi/examples/get-started/csi_send/data/raw/session_20260812_093811_breathing_off_breathing_off.csv,76.0,84.0,breathing_off,rejected,insufficient_samples,not_evaluated,,61,,,,,,,,,,,,,
session_20260812_093811_breathing_off_breathing_off_w00034,session_20260812_093811_breathing_off_breathing_off,/Users/jandonyggarofalo/Documents/Desa/UNI/Semestre7/embebidos/esp-csi/examples/get-started/csi_send/data/raw/session_20260812_093811_breathing_off_breathing_off.csv,78.0,86.0,breathing_off,rejected,insufficient_samples,not_evaluated,,31,,,,,,,,,,,,,
session_20260812_093811_breathing_off_breathing_off_w00035,session_20260812_093811_breathing_off_breathing_off,/Users/jandonyggarofalo/Documents/Desa/UNI/Semestre7/embebidos/esp-csi/examples/get-started/csi_send/data/raw/session_20260812_093811_breathing_off_breathing_off.csv,80.0,88.0,breathing_off,rejected,insufficient_samples,not_evaluated,,231,,,,,,,,,,,,,
session_20260812_093811_breathing_off_breathing_off_w00036,session_20260812_093811_breathing_off_breathing_off,/Users/jandonyggarofalo/Documents/Desa/UNI/Semestre7/embebidos/esp-csi/examples/get-started/csi_send/data/raw/session_20260812_093811_breathing_off_breathing_off.csv,82.0,90.0,breathing_off,accepted,,trusted_breathing,breathing,399,27.467,0.00139019,1158.9702252363245,23.30079824054226,49.73950734527725,283.6690905722112,3,1.275141056402025,0.25,1855.4143848098352,0.8583058714866638,3.0640722787749284,1.7336721017245738
session_20260812_093811_breathing_off_breathing_off_w00037,session_20260812_093811_breathing_off_breathing_off,/Users/jandonyggarofalo/Documents/Desa/UNI/Semestre7/embebidos/esp-csi/examples/get-started/csi_send/data/raw/session_20260812_093811_breathing_off_breathing_off.csv,84.0,92.0,breathing_off,accepted,,trusted_breathing,breathing,600,29.262,0.00205729,691.5715023718653,14.110945166962045,49.009580449011494,280.5236176321083,5,1.304439209939107,0.25,1203.1605381880856,0.8041068315505981,2.8398370889719846,1.7336721017245738
session_20260812_093811_breathing_off_breathing_off_w00038,session_20260812_093811_breathing_off_breathing_off,/Users/jandonyggarofalo/Documents/Desa/UNI/Semestre7/embebidos/esp-csi/examples/get-started/csi_send/data/raw/session_20260812_093811_breathing_off_breathing_off.csv,86.0,94.0,breathing_off,accepted,,trusted_breathing,breathing,804,29.262,0.00162275,575.0031939997851,15.73764246921997,36.53680626716184,684.5611099576117,2,1.0615045358264044,0.125,1764.1612690871013,0.7567171454429626,2.8354122231533703,1.7336721017245738
session_20260812_093811_breathing_off_breathing_off_w00039,session_20260812_093811_breathing_off_breathing_off,/Users/jandonyggarofalo/Documents/Desa/UNI/Semestre7/embebidos/esp-csi/examples/get-started/csi_send/data/raw/session_20260812_093811_breathing_off_breathing_off.csv,88.0,96.0,breathing_off,accepted,,trusted_breathing,breathing,804,72.493,0.00248756,16.551207837965784,0.40849242455736545,40.51778403445263,22.775926650480624,5,1.3085953088921225,0.125,38.72390037556791,0.6826534867286682,1.3574760555025105,1.7336721017245738
session_20260812_093811_breathing_off_breathing_off_w00040,session_20260812_093811_breathing_off_breathing_off,/Users/jandonyggarofalo/Documents/Desa/UNI/Semestre7/embebidos/esp-csi/examples/get-started/csi_send/data/raw/session_20260812_093811_breathing_off_breathing_off.csv,90.0,98.0,breathing_off,accepted,,trusted_breathing,breathing,807,72.493,0.00184906,53.60817423799147,1.436692369522131,37.31360684805834,71.09489276618814,5,1.1997718643436737,0.125,161.08634847635716,0.6377439498901367,1.8518384034987032,1.7336721017245738
session_20260812_093811_breathing_off_breathing_off_w00041,session_20260812_093811_breathing_off_breathing_off,/Users/jandonyggarofalo/Documents/Desa/UNI/Semestre7/embebidos/esp-csi/examples/get-started/csi_send/data/raw/session_20260812_093811_breathing_off_breathing_off.csv,92.0,100.0,breathing_off,accepted,,trusted_breathing,breathing,799,72.493,0.0022489,10.82419713555447,0.22041667256091346,49.10788739229348,3.5394026083327845,6,1.1211261482447121,0.25,22.04629258448844,0.6627914309501648,1.0343956932444347,1.7336721017245738
session_20260812_093811_breathing_off_breathing_off_w00042,session_20260812_093811_breathing_off_breathing_off,/Users/jandonyggarofalo/Documents/Desa/UNI/Semestre7/embebidos/esp-csi/examples/get-started/csi_send/data/raw/session_20260812_093811_breathing_off_breathing_off.csv,94.0,102.0,breathing_off,accepted,,trusted_breathing,breathing,797,72.493,0.00394056,4.152270853449117,0.08426514447078849,49.27625626796706,2.1998739337067104,5,0.9990777177942414,0.375,8.577958740076182,0.7347261309623718,0.618285674879464,1.7336721017245738
session_20260812_093811_breathing_off_breathing_off_w00043,session_20260812_093811_breathing_off_breathing_off,/Users/jandonyggarofalo/Documents/Desa/UNI/Semestre7/embebidos/esp-csi/examples/get-started/csi_send/data/raw/session_20260812_093811_breathing_off_breathing_off.csv,96.0,104.0,breathing_off,accepted,,trusted_breathing,breathing,795,37.404,0.00509041,12.52600295286408,0.28988720426965164,43.209920163186105,6.5939960287455675,4,1.4544594228112433,0.125,23.751887271340095,0.803754448890686,1.097812509745367,1.7336721017245738
session_20260812_093811_breathing_off_breathing_off_w00044,session_20260812_093811_breathing_off_breathing_off,/Users/jandonyggarofalo/Documents/Desa/UNI/Semestre7/embebidos/esp-csi/examples/get-started/csi_send/data/raw/session_20260812_093811_breathing_off_breathing_off.csv,98.0,106.0,breathing_off,accepted,,trusted_breathing,breathing,795,51.66,0.0068691,18.74888607552654,0.4969282827444861,37.72956123958281,33.401796222479454,5,1.5039806284190969,0.125,28.764167626023895,0.8587603569030762,1.4588518109825968,1.7336721017245738
session_20260812_093811_breathing_off_breathing_off_w00045,session_20260812_093811_breathing_off_breathing_off,/Users/jandonyggarofalo/Documents/Desa/UNI/Semestre7/embebidos/esp-csi/examples/get-started/csi_send/data/raw/session_20260812_093811_breathing_off_breathing_off.csv,100.0,108.0,breathing_off,accepted,,trusted_breathing,breathing,805,51.66,0.00609472,503.84141505171465,15.143981458061667,33.27007606599182,968.7507043989992,2,1.067882038015928,0.125,1689.7470194695372,0.8782414197921753,2.9862120312991283,1.7336721017245738
session_20260812_093811_breathing_off_breathing_off_w00046,session_20260812_093811_breathing_off_breathing_off,/Users/jandonyggarofalo/Documents/Desa/UNI/Semestre7/embebidos/esp-csi/examples/get-started/csi_send/data/raw/session_20260812_093811_breathing_off_breathing_off.csv,102.0,110.0,breathing_off,accepted,,trusted_breathing,breathing,799,51.66,0.00522137,23.614900892070608,0.5078438607414408,46.500317750315766,10.614462282442437,4,1.3534050986124544,0.125,43.35897499852597,0.8643379211425781,1.3731861272526835,1.7336721017245738
session_20260812_093811_breathing_off_breathing_off_w00047,session_20260812_093811_breathing_off_breathing_off,/Users/jandonyggarofalo/Documents/Desa/UNI/Semestre7/embebidos/esp-csi/examples/get-started/csi_send/data/raw/session_20260812_093811_breathing_off_breathing_off.csv,104.0,112.0,breathing_off,accepted,,trusted_breathing,breathing,802,51.66,0.00334126,10.637706981040463,0.3007532470662103,35.37021490133146,17.098988109060798,4,1.381607400293124,0.125,22.045345780910335,0.8815485835075378,1.2329704102954449,1.7336721017245738
session_20260812_093811_breathing_off_breathing_off_w00048,session_20260812_093811_breathing_off_breathing_off,/Users/jandonyggarofalo/Documents/Desa/UNI/Semestre7/embebidos/esp-csi/examples/get-started/csi_send/data/raw/session_20260812_093811_breathing_off_breathing_off.csv,106.0,114.0,breathing_off,accepted,,trusted_breathing,breathing,801,45.852,0.00276022,4.735655075972098,0.1017590027143845,46.537947008163194,2.9284468572387596,6,1.359108823870958,0.375,10.57220455964834,0.8774268627166748,0.6753800627907167,1.7336721017245738
session_20260812_093811_breathing_off_breathing_off_w00049,session_20260812_093811_breathing_off_breathing_off,/Users/jandonyggarofalo/Documents/Desa/UNI/Semestre7/embebidos/esp-csi/examples/get-started/csi_send/data/raw/session_20260812_093811_breathing_off_breathing_off.csv,108.0,116.0,breathing_off,accepted,,trusted_breathing,breathing,797,45.852,0.00174482,53.58119728180714,1.5167930125660383,35.32531916871485,89.24234069093137,3,1.1670435416299325,0.125,165.68395402364303,0.8929803967475891,1.9505709526452424,1.7336721017245738
session_20260812_093811_breathing_off_breathing_off_w00050,session_20260812_093811_breathing_off_breathing_off,/Users/jandonyggarofalo/Documents/Desa/UNI/Semestre7/embebidos/esp-csi/examples/get-started/csi_send/data/raw/session_20260812_093811_breathing_off_breathing_off.csv,110.0,118.0,breathing_off,accepted,,trusted_breathing,breathing,798,45.852,0.00144893,427.2543865669844,12.539462844170195,34.0727822137603,633.8476647013052,2,0.956069028599269,0.125,1493.2233639105914,0.8139784336090088,2.801984894586706,1.7336721017245738
session_20260812_093811_breathing_off_breathing_off_w00051,session_20260812_093811_breathing_off_breathing_off,/Users/jandonyggarofalo/Documents/Desa/UNI/Semestre7/embebidos/esp-csi/examples/get-started/csi_send/data/raw/session_20260812_093811_breathing_off_breathing_off.csv,112.0,120.0,breathing_off,accepted,,trusted_breathing,breathing,792,39.058,0.00403449,11.227419443385566,0.2703679048339334,41.52645059789991,7.695250375314772,3,1.1234050287348414,0.125,30.70145799178853,0.8099995255470276,1.0502799476877067,1.7336721017245738
session_20260812_093811_breathing_off_breathing_off_w00052,session_20260812_093811_breathing_off_breathing_off,/Users/jandonyggarofalo/Documents/Desa/UNI/Semestre7/embebidos/esp-csi/examples/get-started/csi_send/data/raw/session_20260812_093811_breathing_off_breathing_off.csv,114.0,122.0,breathing_off,rejected,time_gap,not_evaluated,,778,100.02,,,,,,,,,,,,
session_20260812_093811_breathing_off_breathing_off_w00053,session_20260812_093811_breathing_off_breathing_off,/Users/jandonyggarofalo/Documents/Desa/UNI/Semestre7/embebidos/esp-csi/examples/get-started/csi_send/data/raw/session_20260812_093811_breathing_off_breathing_off.csv,116.0,124.0,breathing_off,rejected,time_gap,not_evaluated,,773,100.02,,,,,,,,,,,,
session_20260812_093811_breathing_off_breathing_off_w00054,session_20260812_093811_breathing_off_breathing_off,/Users/jandonyggarofalo/Documents/Desa/UNI/Semestre7/embebidos/esp-csi/examples/get-started/csi_send/data/raw/session_20260812_093811_breathing_off_breathing_off.csv,118.0,126.0,breathing_off,rejected,time_gap,not_evaluated,,766,100.02,,,,,,,,,,,,
session_20260812_093811_breathing_off_breathing_off_w00055,session_20260812_093811_breathing_off_breathing_off,/Users/jandonyggarofalo/Documents/Desa/UNI/Semestre7/embebidos/esp-csi/examples/get-started/csi_send/data/raw/session_20260812_093811_breathing_off_breathing_off.csv,120.0,128.0,breathing_off,rejected,time_gap,not_evaluated,,770,100.02,,,,,,,,,,,,
session_20260812_093811_breathing_off_breathing_off_w00056,session_20260812_093811_breathing_off_breathing_off,/Users/jandonyggarofalo/Documents/Desa/UNI/Semestre7/embebidos/esp-csi/examples/get-started/csi_send/data/raw/session_20260812_093811_breathing_off_breathing_off.csv,122.0,130.0,breathing_off,accepted,,trusted_breathing,breathing,775,65.015,0.01302419,57.097731936976714,1.1947549281884662,47.790329706781556,27.74930492103917,5,1.370006451736145,0.375,92.42431018593261,0.7971200346946716,1.7566188573383457,1.7336721017245738
session_20260812_093811_breathing_off_breathing_off_w00057,session_20260812_093811_breathing_off_breathing_off,/Users/jandonyggarofalo/Documents/Desa/UNI/Semestre7/embebidos/esp-csi/examples/get-started/csi_send/data/raw/session_20260812_093811_breathing_off_breathing_off.csv,124.0,132.0,breathing_off,accepted,,trusted_breathing,breathing,775,65.015,0.00877016,54.15918267579942,1.1324920667859315,47.82301286176603,24.37947290258231,4,1.200385481294917,0.25,113.78654594332292,0.7968699932098389,1.7336721017245738,1.7336721017245738
session_20260812_093811_breathing_off_breathing_off_w00058,session_20260812_093811_breathing_off_breathing_off,/Users/jandonyggarofalo/Documents/Desa/UNI/Semestre7/embebidos/esp-csi/examples/get-started/csi_send/data/raw/session_20260812_093811_breathing_off_breathing_off.csv,126.0,134.0,breathing_off,accepted,,trusted_breathing,breathing,787,65.015,0.00935118,40.81050494908548,1.0635311829360443,38.37264539473428,43.43607733752964,5,1.4684005730856784,0.125,81.41387590977871,0.8010708093643188,1.6378505977136828,1.7336721017245738
session_20260812_093811_breathing_off_breathing_off_w00059,session_20260812_093811_breathing_off_breathing_off,/Users/jandonyggarofalo/Documents/Desa/UNI/Semestre7/embebidos/esp-csi/examples/get-started/csi_send/data/raw/session_20260812_093811_breathing_off_breathing_off.csv,128.0,136.0,breathing_off,accepted,,trusted_breathing,breathing,776,48.6,0.00884947,66.75952393095133,1.7326394562928487,38.5305342599962,54.85717103537447,3,1.1319516820257136,0.125,208.19119041413794,0.7884545922279358,1.8245132310195278,1.7336721017245738
session_20260812_093811_breathing_off_breathing_off_w00060,session_20260812_093811_breathing_off_breathing_off,/Users/jandonyggarofalo/Documents/Desa/UNI/Semestre7/embebidos/esp-csi/examples/get-started/csi_send/data/raw/session_20260812_093811_breathing_off_breathing_off.csv,130.0,138.0,breathing_off,accepted,,trusted_breathing,breathing,778,48.6,0.00371546,87.23124734297865,2.328741996455784,37.458528027451,115.06973551294278,6,1.4275613496722819,0.125,207.46154688181906,0.7834457755088806,2.0609611148718714,1.7336721017245738
session_20260812_093811_breathing_off_breathing_off_w00061,session_20260812_093811_breathing_off_breathing_off,/Users/jandonyggarofalo/Documents/Desa/UNI/Semestre7/embebidos/esp-csi/examples/get-started/csi_send/data/raw/session_20260812_093811_breathing_off_breathing_off.csv,132.0,140.0,breathing_off,accepted,,trusted_breathing,breathing,782,79.888,0.00371643,66.68288239995056,1.4491295152135821,46.01581963505614,33.889802113223894,4,1.5358548438586683,0.375,89.1350852645684,0.7455417513847351,1.8240143641514408,1.7336721017245738
session_20260812_093811_breathing_off_breathing_off_w00062,session_20260812_093811_breathing_off_breathing_off,/Users/jandonyggarofalo/Documents/Desa/UNI/Semestre7/embebidos/esp-csi/examples/get-started/csi_send/data/raw/session_20260812_093811_breathing_off_breathing_off.csv,134.0,142.0,breathing_off,accepted,,trusted_breathing,breathing,776,79.888,0.0013088,150.3875861269588,3.1188863527733575,48.21836037506908,65.69096349637312,6,1.294535941942366,0.375,332.4203824301389,0.8261204361915588,2.177211988522458,1.7336721017245738
session_20260812_093811_breathing_off_breathing_off_w00063,session_20260812_093811_breathing_off_breathing_off,/Users/jandonyggarofalo/Documents/Desa/UNI/Semestre7/embebidos/esp-csi/examples/get-started/csi_send/data/raw/session_20260812_093811_breathing_off_breathing_off.csv,136.0,144.0,breathing_off,accepted,,trusted_breathing,breathing,783,79.888,0.00079821,335.682242308084,8.457548960521036,39.69025114427056,288.2507221590581,3,1.2834355046012682,0.125,831.1622849065321,0.7916547656059265,2.5259283675465176,1.7336721017245738
session_20260812_093811_breathing_off_breathing_off_w00064,session_20260812_093811_breathing_off_breathing_off,/Users/jandonyggarofalo/Documents/Desa/UNI/Semestre7/embebidos/esp-csi/examples/get-started/csi_send/data/raw/session_20260812_093811_breathing_off_breathing_off.csv,138.0,146.0,breathing_off,rejected,time_gap,not_evaluated,,752,196.222,,,,,,,,,,,,
session_20260812_093811_breathing_off_breathing_off_w00065,session_20260812_093811_breathing_off_breathing_off,/Users/jandonyggarofalo/Documents/Desa/UNI/Semestre7/embebidos/esp-csi/examples/get-started/csi_send/data/raw/session_20260812_093811_breathing_off_breathing_off.csv,140.0,148.0,breathing_off,rejected,time_gap,not_evaluated,,810,279.199,,,,,,,,,,,,
session_20260812_093811_breathing_off_breathing_off_w00066,session_20260812_093811_breathing_off_breathing_off,/Users/jandonyggarofalo/Documents/Desa/UNI/Semestre7/embebidos/esp-csi/examples/get-started/csi_send/data/raw/session_20260812_093811_breathing_off_breathing_off.csv,142.0,150.0,breathing_off,rejected,time_gap,not_evaluated,,817,279.199,,,,,,,,,,,,
session_20260812_093811_breathing_off_breathing_off_w00067,session_20260812_093811_breathing_off_breathing_off,/Users/jandonyggarofalo/Documents/Desa/UNI/Semestre7/embebidos/esp-csi/examples/get-started/csi_send/data/raw/session_20260812_093811_breathing_off_breathing_off.csv,144.0,152.0,breathing_off,rejected,time_gap,not_evaluated,,822,279.199,,,,,,,,,,,,
session_20260812_093811_breathing_off_breathing_off_w00068,session_20260812_093811_breathing_off_breathing_off,/Users/jandonyggarofalo/Documents/Desa/UNI/Semestre7/embebidos/esp-csi/examples/get-started/csi_send/data/raw/session_20260812_093811_breathing_off_breathing_off.csv,146.0,154.0,breathing_off,rejected,time_gap,not_evaluated,,862,124.577,,,,,,,,,,,,
session_20260812_093811_breathing_off_breathing_off_w00069,session_20260812_093811_breathing_off_breathing_off,/Users/jandonyggarofalo/Documents/Desa/UNI/Semestre7/embebidos/esp-csi/examples/get-started/csi_send/data/raw/session_20260812_093811_breathing_off_breathing_off.csv,148.0,156.0,breathing_off,rejected,time_gap,not_evaluated,,808,100.92,,,,,,,,,,,,
session_20260812_093811_breathing_off_breathing_off_w00070,session_20260812_093811_breathing_off_breathing_off,/Users/jandonyggarofalo/Documents/Desa/UNI/Semestre7/embebidos/esp-csi/examples/get-started/csi_send/data/raw/session_20260812_093811_breathing_off_breathing_off.csv,150.0,158.0,breathing_off,accepted,,trusted_breathing,breathing,809,43.156,0.01449513,31.071070367363966,0.7251490510816805,42.84783979372716,26.736708438413046,5,1.2072875229460562,0.125,68.36151419633566,0.6482928395271301,1.4923562145241482,1.7336721017245738
session_20260812_093811_breathing_off_breathing_off_w00071,session_20260812_093811_breathing_off_breathing_off,/Users/jandonyggarofalo/Documents/Desa/UNI/Semestre7/embebidos/esp-csi/examples/get-started/csi_send/data/raw/session_20260812_093811_breathing_off_breathing_off.csv,152.0,160.0,breathing_off,accepted,,trusted_breathing,breathing,805,43.156,0.01437306,28.91385900622599,0.6270803112552774,46.10870168814689,14.908243498064968,5,1.3745771674404692,0.375,50.24903260291739,0.7650221586227417,1.4611060589229756,1.7336721017245738
session_20260812_093811_breathing_off_breathing_off_w00072,session_20260812_093811_breathing_off_breathing_off,/Users/jandonyggarofalo/Documents/Desa/UNI/Semestre7/embebidos/esp-csi/examples/get-started/csi_send/data/raw/session_20260812_093811_breathing_off_breathing_off.csv,154.0,162.0,breathing_off,accepted,,trusted_breathing,breathing,797,40.387,0.01384097,65.97878638456498,1.5307814974982845,43.1013743583583,55.36820872621527,5,1.5381295453506343,0.125,95.752534716836,0.7729281783103943,1.8194043228593166,1.7336721017245738
session_20260812_093811_breathing_off_breathing_off_w00073,session_20260812_093811_breathing_off_breathing_off,/Users/jandonyggarofalo/Documents/Desa/UNI/Semestre7/embebidos/esp-csi/examples/get-started/csi_send/data/raw/session_20260812_093811_breathing_off_breathing_off.csv,156.0,164.0,breathing_off,accepted,,trusted_breathing,breathing,800,83.189,0.00736328,52.54988967050908,1.362006195374274,38.58270971816688,64.43696685834739,5,1.3517202511148352,0.125,113.01400236112671,0.7793009877204895,1.809135089356046,1.7336721017245738
session_20260812_093811_breathing_off_breathing_off_w00074,session_20260812_093811_breathing_off_breathing_off,/Users/jandonyggarofalo/Documents/Desa/UNI/Semestre7/embebidos/esp-csi/examples/get-started/csi_send/data/raw/session_20260812_093811_breathing_off_breathing_off.csv,158.0,166.0,breathing_off,accepted,,trusted_breathing,breathing,794,83.189,0.00489019,103.92085025731961,2.8478388030193442,36.49112799049716,120.38714098150481,5,1.2579453607159903,0.125,298.3688130388399,0.7985186576843262,2.080580100717316,1.7336721017245738
session_20260812_093811_breathing_off_breathing_off_w00075,session_20260812_093811_breathing_off_breathing_off,/Users/jandonyggarofalo/Documents/Desa/UNI/Semestre7/embebidos/esp-csi/examples/get-started/csi_send/data/raw/session_20260812_093811_breathing_off_breathing_off.csv,160.0,168.0,breathing_off,accepted,,trusted_breathing,breathing,798,83.648,0.00571742,10.962347728339552,0.22728226597335494,48.23230568097412,10.946958040967933,5,1.1362249120084664,0.25,26.1050424493918,0.7798282504081726,1.0399035738814413,1.7336721017245738
session_20260812_093811_breathing_off_breathing_off_w00076,session_20260812_093811_breathing_off_breathing_off,/Users/jandonyggarofalo/Documents/Desa/UNI/Semestre7/embebidos/esp-csi/examples/get-started/csi_send/data/raw/session_20260812_093811_breathing_off_breathing_off.csv,162.0,170.0,breathing_off,accepted,,trusted_breathing,breathing,800,83.648,0.00570312,8.642643398662342,0.2409863914659287,35.863615974549326,15.76440562114257,4,1.4684654582759693,0.375,15.578762103466957,0.7803623676300049,1.1925329454423277,1.7336721017245738
session_20260812_093811_breathing_off_breathing_off_w00077,session_20260812_093811_breathing_off_breathing_off,/Users/jandonyggarofalo/Documents/Desa/UNI/Semestre7/embebidos/esp-csi/examples/get-started/csi_send/data/raw/session_20260812_093811_breathing_off_breathing_off.csv,164.0,172.0,breathing_off,rejected,time_gap,not_evaluated,,769,238.65,,,,,,,,,,,,
session_20260812_093811_breathing_off_breathing_off_w00078,session_20260812_093811_breathing_off_breathing_off,/Users/jandonyggarofalo/Documents/Desa/UNI/Semestre7/embebidos/esp-csi/examples/get-started/csi_send/data/raw/session_20260812_093811_breathing_off_breathing_off.csv,166.0,174.0,breathing_off,rejected,time_gap,not_evaluated,,732,263.553,,,,,,,,,,,,
session_20260812_093811_breathing_off_breathing_off_w00079,session_20260812_093811_breathing_off_breathing_off,/Users/jandonyggarofalo/Documents/Desa/UNI/Semestre7/embebidos/esp-csi/examples/get-started/csi_send/data/raw/session_20260812_093811_breathing_off_breathing_off.csv,168.0,176.0,breathing_off,rejected,time_gap,not_evaluated,,674,280.714,,,,,,,,,,,,
session_20260812_094151_breathing_off_breathing_off_w00000,session_20260812_094151_breathing_off_breathing_off,/Users/jandonyggarofalo/Documents/Desa/UNI/Semestre7/embebidos/esp-csi/examples/get-started/csi_send/data/raw/session_20260812_094151_breathing_off_breathing_off.csv,10.0,18.0,breathing_off,accepted,,trusted_breathing,breathing,783,81.084,0.00555755,63.79841447183882,1.3335957449090459,47.83939564544889,32.78002587214961,5,1.3495410666899912,0.375,131.86877129809562,0.674161970615387,1.8048098857009864,1.5884285268870495
session_20260812_094151_breathing_off_breathing_off_w00001,session_20260812_094151_breathing_off_breathing_off,/Users/jandonyggarofalo/Documents/Desa/UNI/Semestre7/embebidos/esp-csi/examples/get-started/csi_send/data/raw/session_20260812_094151_breathing_off_breathing_off.csv,12.0,20.0,breathing_off,accepted,,trusted_breathing,breathing,792,37.096,0.00588897,540.6374768194978,15.95467070130528,33.88584364672806,914.4420420508438,3,1.0912486668337698,0.125,1768.0130905205035,0.7736619710922241,2.961156184809532,1.5884285268870495
session_20260812_094151_breathing_off_breathing_off_w00002,session_20260812_094151_breathing_off_breathing_off,/Users/jandonyggarofalo/Documents/Desa/UNI/Semestre7/embebidos/esp-csi/examples/get-started/csi_send/data/raw/session_20260812_094151_breathing_off_breathing_off.csv,14.0,22.0,breathing_off,accepted,,trusted_breathing,breathing,793,38.387,0.00545791,55.51770990313309,1.4062693176106804,39.47871805766258,36.75194348862019,3,1.127316153196455,0.125,152.6100516526928,0.6924251317977905,1.7444315432367,1.5884285268870495
session_20260812_094151_breathing_off_breathing_off_w00003,session_20260812_094151_breathing_off_breathing_off,/Users/jandonyggarofalo/Documents/Desa/UNI/Semestre7/embebidos/esp-csi/examples/get-started/csi_send/data/raw/session_20260812_094151_breathing_off_breathing_off.csv,16.0,24.0,breathing_off,accepted,,trusted_breathing,breathing,787,38.387,0.00349428,16.188771768213993,0.44043826644968515,36.75605187231526,34.10861440941372,4,1.4445825255214773,0.375,23.22358332739348,0.7174416184425354,1.3659292308740527,1.5884285268870495
session_20260812_094151_breathing_off_breathing_off_w00004,session_20260812_094151_breathing_off_breathing_off,/Users/jandonyggarofalo/Documents/Desa/UNI/Semestre7/embebidos/esp-csi/examples/get-started/csi_send/data/raw/session_20260812_094151_breathing_off_breathing_off.csv,18.0,26.0,breathing_off,accepted,,trusted_breathing,breathing,785,72.016,0.0020004,14.223508862007446,0.34206039946978506,41.58186356565446,22.34990824320788,4,1.371951312572803,0.375,27.797583112688304,0.7435691952705383,1.349275744490333,1.5884285268870495
session_20260812_094151_breathing_off_breathing_off_w00005,session_20260812_094151_breathing_off_breathing_off,/Users/jandonyggarofalo/Documents/Desa/UNI/Semestre7/embebidos/esp-csi/examples/get-started/csi_send/data/raw/session_20260812_094151_breathing_off_breathing_off.csv,20.0,28.0,breathing_off,accepted,,trusted_breathing,breathing,781,72.016,0.00191061,8.475646934156424,0.31761538929616023,26.685252729447026,36.56875045586724,4,1.3494540740148349,0.125,19.62354562421298,0.7312493920326233,1.2927774793900768,1.5884285268870495
session_20260812_094151_breathing_off_breathing_off_w00006,session_20260812_094151_breathing_off_breathing_off,/Users/jandonyggarofalo/Documents/Desa/UNI/Semestre7/embebidos/esp-csi/examples/get-started/csi_send/data/raw/session_20260812_094151_breathing_off_breathing_off.csv,22.0,30.0,breathing_off,accepted,,trusted_breathing,breathing,787,72.016,0.00485427,82.01840942996823,2.230706757795926,36.76790288247956,85.88705572362711,2,1.0438428374072986,0.125,255.09420940719215,0.6871741414070129,1.9339277150372398,1.5884285268870495
session_20260812_094151_breathing_off_breathing_off_w00007,session_20260812_094151_breathing_off_breathing_off,/Users/jandonyggarofalo/Documents/Desa/UNI/Semestre7/embebidos/esp-csi/examples/get-started/csi_send/data/raw/session_20260812_094151_breathing_off_breathing_off.csv,24.0,32.0,breathing_off,accepted,,trusted_breathing,breathing,793,72.016,0.00540865,20.974861911153344,0.6909090895998241,30.358352823627875,50.56001639858842,4,1.2263422298012188,0.125,60.39652071509547,0.733860433101654,1.703807206133026,1.5884285268870495
session_20260812_094151_breathing_off_breathing_off_w00008,session_20260812_094151_breathing_off_breathing_off,/Users/jandonyggarofalo/Documents/Desa/UNI/Semestre7/embebidos/esp-csi/examples/get-started/csi_send/data/raw/session_20260812_094151_breathing_off_breathing_off.csv,26.0,34.0,breathing_off,accepted,,trusted_breathing,breathing,794,50.671,0.00504762,8.514990511558835,0.18029619177383685,47.227789049437014,2.6911172076190355,4,1.4150422456402092,0.375,14.787403469353388,0.7334688305854797,0.9301841683550495,1.5884285268870495
session_20260812_094151_breathing_off_breathing_off_w00009,session_20260812_094151_breathing_off_breathing_off,/Users/jandonyggarofalo/Documents/Desa/UNI/Semestre7/embebidos/esp-csi/examples/get-started/csi_send/data/raw/session_20260812_094151_breathing_off_breathing_off.csv,28.0,36.0,breathing_off,accepted,,trusted_breathing,breathing,798,36.114,0.0042489,6.763134735290372,0.16122300260213934,41.948944171063836,5.028862878449501,6,1.6421148780910777,0.125,9.01842395040244,0.728163480758667,0.8301480395339765,1.5884285268870495
session_20260812_094151_breathing_off_breathing_off_w00010,session_20260812_094151_breathing_off_breathing_off,/Users/jandonyggarofalo/Documents/Desa/UNI/Semestre7/embebidos/esp-csi/examples/get-started/csi_send/data/raw/session_20260812_094151_breathing_off_breathing_off.csv,30.0,38.0,breathing_off,accepted,,trusted_breathing,breathing,802,39.34,0.00126637,3.6477680785823985,0.11171319990061593,32.652972807107226,7.205631869540309,5,1.4486182748608514,0.125,9.686747673360129,0.8072043061256409,0.8576720705660722,1.5884285268870495
session_20260812_094151_breathing_off_breathing_off_w00011,session_20260812_094151_breathing_off_breathing_off,/Users/jandonyggarofalo/Documents/Desa/UNI/Semestre7/embebidos/esp-csi/examples/get-started/csi_send/data/raw/session_20260812_094151_breathing_off_breathing_off.csv,32.0,40.0,breathing_off,accepted,,trusted_breathing,breathing,804,59.464,0.00249728,8.578429510537717,0.2072001329579858,41.4016602597247,4.589171459420646,3,1.3889842148744858,0.125,18.092059333005263,0.8081316947937012,0.9334077869936408,1.5884285268870495
session_20260812_094151_breathing_off_breathing_off_w00012,session_20260812_094151_breathing_off_breathing_off,/Users/jandonyggarofalo/Documents/Desa/UNI/Semestre7/embebidos/esp-csi/examples/get-started/csi_send/data/raw/session_20260812_094151_breathing_off_breathing_off.csv,34.0,42.0,breathing_off,accepted,,trusted_breathing,breathing,809,59.464,0.00247219,29.67891192701303,0.8319214546589281,35.67513707065668,45.30385041783842,4,1.1209385604319086,0.125,94.43967031323778,0.8102765679359436,1.656135114687381,1.5884285268870495
session_20260812_094151_breathing_off_breathing_off_w00013,session_20260812_094151_breathing_off_breathing_off,/Users/jandonyggarofalo/Documents/Desa/UNI/Semestre7/embebidos/esp-csi/examples/get-started/csi_send/data/raw/session_20260812_094151_breathing_off_breathing_off.csv,36.0,44.0,breathing_off,accepted,,trusted_breathing,breathing,809,59.464,0.00258807,100.37385246990293,2.5307399721304367,39.66185920925182,108.34914512629021,4,1.4422745435238218,0.125,203.36856718173453,0.7912063002586365,2.034825489090086,1.5884285268870495
session_20260812_094151_breathing_off_breathing_off_w00014,session_20260812_094151_breathing_off_breathing_off,/Users/jandonyggarofalo/Documents/Desa/UNI/Semestre7/embebidos/esp-csi/examples/get-started/csi_send/data/raw/session_20260812_094151_breathing_off_breathing_off.csv,38.0,46.0,breathing_off,accepted,,trusted_breathing,breathing,808,59.464,0.0044187,39.40585989049,0.8108473899951565,48.59836804885909,14.473091226192368,7,1.118318789160658,0.375,81.01067947237898,0.7848387956619263,1.5955608088528086,1.5884285268870495
session_20260812_094151_breathing_off_breathing_off_w00015,session_20260812_094151_breathing_off_breathing_off,/Users/jandonyggarofalo/Documents/Desa/UNI/Semestre7/embebidos/esp-csi/examples/get-started/csi_send/data/raw/session_20260812_094151_breathing_off_breathing_off.csv,40.0,48.0,breathing_off,accepted,,trusted_breathing,breathing,803,30.439,0.0039403,37.63004775915795,1.0699812683423164,35.16888460806576,62.003278737141855,4,1.3165326939905049,0.125,89.5233733113653,0.7423002123832703,1.7924146556240466,1.5884285268870495
session_20260812_094151_breathing_off_breathing_off_w00016,session_20260812_094151_breathing_off_breathing_off,/Users/jandonyggarofalo/Documents/Desa/UNI/Semestre7/embebidos/esp-csi/examples/get-started/csi_send/data/raw/session_20260812_094151_breathing_off_breathing_off.csv,42.0,50.0,breathing_off,accepted,,trusted_breathing,breathing,801,35.095,0.00760768,32.299175954739134,0.7374498193979611,43.7984729334719,20.17411605604455,4,1.3613342391771879,0.125,68.68441997586052,0.762103796005249,1.5091914423659507,1.5884285268870495
session_20260812_094151_breathing_off_breathing_off_w00017,session_20260812_094151_breathing_off_breathing_off,/Users/jandonyggarofalo/Documents/Desa/UNI/Semestre7/embebidos/esp-csi/examples/get-started/csi_send/data/raw/session_20260812_094151_breathing_off_breathing_off.csv,44.0,52.0,breathing_off,accepted,,trusted_breathing,breathing,792,93.052,0.00617503,135.17762640527792,3.3360852459497368,40.51983580735936,97.14574046106101,2,1.2583992685466432,0.125,337.7495307720889,0.7889180183410645,2.1309048163629867,1.5884285268870495
session_20260812_094151_breathing_off_breathing_off_w00018,session_20260812_094151_breathing_off_breathing_off,/Users/jandonyggarofalo/Documents/Desa/UNI/Semestre7/embebidos/esp-csi/examples/get-started/csi_send/data/raw/session_20260812_094151_breathing_off_breathing_off.csv,46.0,54.0,breathing_off,accepted,,trusted_breathing,breathing,785,93.052,0.00591162,39.82725782359428,1.3110346803768755,30.378492971761045,100.55330055499347,4,1.25910374526216,0.125,99.28041514634427,0.7903956770896912,1.9968635845199842,1.5884285268870495
session_20260812_094151_breathing_off_breathing_off_w00019,session_20260812_094151_breathing_off_breathing_off,/Users/jandonyggarofalo/Documents/Desa/UNI/Semestre7/embebidos/esp-csi/examples/get-started/csi_send/data/raw/session_20260812_094151_breathing_off_breathing_off.csv,48.0,56.0,breathing_off,accepted,,trusted_breathing,breathing,785,93.052,0.00617038,38.08282847727318,0.8436483902892347,45.14064024252071,18.231745735735284,2,1.4584809349469832,0.125,78.81540041666634,0.7736822962760925,1.5807291967096488,1.5884285268870495
session_20260812_094151_breathing_off_breathing_off_w00020,session_20260812_094151_breathing_off_breathing_off,/Users/jandonyggarofalo/Documents/Desa/UNI/Semestre7/embebidos/esp-csi/examples/get-started/csi_send/data/raw/session_20260812_094151_breathing_off_breathing_off.csv,50.0,58.0,breathing_off,accepted,,trusted_breathing,breathing,786,93.052,0.00476105,82.39281110535372,1.8260313726323953,45.121246184577664,35.35863298266324,3,1.6230146648487513,0.25,99.83001638498573,0.8771623969078064,1.9158893205141634,1.5884285268870495
session_20260812_094151_breathing_off_breathing_off_w00021,session_20260812_094151_breathing_off_breathing_off,/Users/jandonyggarofalo/Documents/Desa/UNI/Semestre7/embebidos/esp-csi/examples/get-started/csi_send/data/raw/session_20260812_094151_breathing_off_breathing_off.csv,52.0,60.0,breathing_off,accepted,,trusted_breathing,breathing,792,66.494,0.00633286,65.96511398723915,1.419902033744643,46.45751074334748,60.629135970559176,7,1.4240415271835167,0.375,108.63340132180937,0.893394947052002,1.8193143172324173,1.5884285268870495
session_20260812_094151_breathing_off_breathing_off_w00022,session_20260812_094151_breathing_off_breathing_off,/Users/jandonyggarofalo/Documents/Desa/UNI/Semestre7/embebidos/esp-csi/examples/get-started/csi_send/data/raw/session_20260812_094151_breathing_off_breathing_off.csv,54.0,62.0,breathing_off,accepted,,trusted_breathing,breathing,791,67.106,0.00615321,45.210486201557146,0.9682529779350153,46.69284498141226,29.35064786053662,4,1.391502638750214,0.25,80.57231652698891,0.9079655408859253,1.6552391775390143,1.5884285268870495
session_20260812_094151_breathing_off_breathing_off_w00023,session_20260812_094151_breathing_off_breathing_off,/Users/jandonyggarofalo/Documents/Desa/UNI/Semestre7/embebidos/esp-csi/examples/get-started/csi_send/data/raw/session_20260812_094151_breathing_off_breathing_off.csv,56.0,64.0,breathing_off,accepted,,trusted_breathing,breathing,791,67.106,0.00400008,131.72340506231015,3.2329929269616025,40.74348692932784,100.49883739717303,4,1.5866387228270786,0.125,222.53971185542628,0.9049373269081116,2.119662948737855,1.5884285268870495
session_20260812_094151_breathing_off_breathing_off_w00024,session_20260812_094151_breathing_off_breathing_off,/Users/jandonyggarofalo/Documents/Desa/UNI/Semestre7/embebidos/esp-csi/examples/get-started/csi_send/data/raw/session_20260812_094151_breathing_off_breathing_off.csv,58.0,66.0,breathing_off,rejected,time_gap,not_evaluated,,790,135.367,,,,,,,,,,,,
session_20260812_094151_breathing_off_breathing_off_w00025,session_20260812_094151_breathing_off_breathing_off,/Users/jandonyggarofalo/Documents/Desa/UNI/Semestre7/embebidos/esp-csi/examples/get-started/csi_send/data/raw/session_20260812_094151_breathing_off_breathing_off.csv,60.0,68.0,breathing_off,rejected,time_gap,not_evaluated,,791,135.367,,,,,,,,,,,,
session_20260812_094151_breathing_off_breathing_off_w00026,session_20260812_094151_breathing_off_breathing_off,/Users/jandonyggarofalo/Documents/Desa/UNI/Semestre7/embebidos/esp-csi/examples/get-started/csi_send/data/raw/session_20260812_094151_breathing_off_breathing_off.csv,62.0,70.0,breathing_off,rejected,time_gap,not_evaluated,,795,135.367,,,,,,,,,,,,
session_20260812_094151_breathing_off_breathing_off_w00027,session_20260812_094151_breathing_off_breathing_off,/Users/jandonyggarofalo/Documents/Desa/UNI/Semestre7/embebidos/esp-csi/examples/get-started/csi_send/data/raw/session_20260812_094151_breathing_off_breathing_off.csv,64.0,72.0,breathing_off,rejected,time_gap,not_evaluated,,796,135.367,,,,,,,,,,,,
session_20260812_094151_breathing_off_breathing_off_w00028,session_20260812_094151_breathing_off_breathing_off,/Users/jandonyggarofalo/Documents/Desa/UNI/Semestre7/embebidos/esp-csi/examples/get-started/csi_send/data/raw/session_20260812_094151_breathing_off_breathing_off.csv,66.0,74.0,breathing_off,accepted,,trusted_breathing,breathing,795,92.757,0.00112028,75.34964085633922,2.1908125830474985,34.393467263863705,110.73401639518285,4,1.1633174660210028,0.125,239.8071521474645,0.8666889071464539,2.0442810523458417,1.5884285268870495
session_20260812_094151_breathing_off_breathing_off_w00029,session_20260812_094151_breathing_off_breathing_off,/Users/jandonyggarofalo/Documents/Desa/UNI/Semestre7/embebidos/esp-csi/examples/get-started/csi_send/data/raw/session_20260812_094151_breathing_off_breathing_off.csv,68.0,76.0,breathing_off,accepted,,trusted_breathing,breathing,787,81.151,0.00177692,17.479897570552016,0.40637593150704493,43.01410643510508,13.055350798997537,7,1.6088891171584774,0.125,29.341729790302562,0.8990906476974487,1.2425388834085704,1.5884285268870495
session_20260812_094151_breathing_off_breathing_off_w00030,session_20260812_094151_breathing_off_breathing_off,/Users/jandonyggarofalo/Documents/Desa/UNI/Semestre7/embebidos/esp-csi/examples/get-started/csi_send/data/raw/session_20260812_094151_breathing_off_breathing_off.csv,70.0,78.0,breathing_off,accepted,,trusted_breathing,breathing,792,81.151,0.00131195,14.322756119616926,0.32966144511904677,43.44686444725519,17.330876871265414,6,1.6206022537096707,0.5,19.705956910224483,0.9044108390808105,1.2388205367888279,1.5884285268870495
session_20260812_094151_breathing_off_breathing_off_w00031,session_20260812_094151_breathing_off_breathing_off,/Users/jandonyggarofalo/Documents/Desa/UNI/Semestre7/embebidos/esp-csi/examples/get-started/csi_send/data/raw/session_20260812_094151_breathing_off_breathing_off.csv,72.0,80.0,breathing_off,accepted,,trusted_breathing,breathing,792,89.16,0.00267322,9.203744859624258,0.20049824120358287,45.90436706241733,9.641798452770235,5,1.2929049947998712,0.125,17.680850410041618,0.9116248488426208,0.9841580489719063,1.5884285268870495
session_20260812_094151_breathing_off_breathing_off_w00032,session_20260812_094151_breathing_off_breathing_off,/Users/jandonyggarofalo/Documents/Desa/UNI/Semestre7/embebidos/esp-csi/examples/get-started/csi_send/data/raw/session_20260812_094151_breathing_off_breathing_off.csv,74.0,82.0,breathing_off,accepted,,trusted_breathing,breathing,792,89.16,0.00544508,14.621930041163296,0.4275101977976073,34.20252924130581,22.35376132563218,6,1.481886972758975,0.125,33.411096560412716,0.844229519367218,1.3493506095944943,1.5884285268870495
session_20260812_094151_breathing_off_breathing_off_w00033,session_20260812_094151_breathing_off_breathing_off,/Users/jandonyggarofalo/Documents/Desa/UNI/Semestre7/embebidos/esp-csi/examples/get-started/csi_send/data/raw/session_20260812_094151_breathing_off_breathing_off.csv,76.0,84.0,breathing_off,accepted,,trusted_breathing,breathing,800,89.16,0.00467773,21.67200612842821,0.5783449790237224,37.472454874553,34.013737310236095,5,1.4027821345358573,0.125,43.89148297609668,0.8024394512176514,1.5316543533099631,1.5884285268870495
session_20260812_094151_breathing_off_breathing_off_w00034,session_20260812_094151_breathing_off_breathing_off,/Users/jandonyggarofalo/Documents/Desa/UNI/Semestre7/embebidos/esp-csi/examples/get-started/csi_send/data/raw/session_20260812_094151_breathing_off_breathing_off.csv,78.0,86.0,breathing_off,accepted,,trusted_breathing,breathing,799,89.16,0.00509426,2.7041898384588667,0.0591938437037361,45.683633114747444,5.25230959526205,6,1.3456785112115475,0.375,5.464625173702144,0.7128593921661377,0.7203503174843829,1.5884285268870495
session_20260812_094151_breathing_off_breathing_off_w00035,session_20260812_094151_breathing_off_breathing_off,/Users/jandonyggarofalo/Documents/Desa/UNI/Semestre7/embebidos/esp-csi/examples/get-started/csi_send/data/raw/session_20260812_094151_breathing_off_breathing_off.csv,80.0,88.0,breathing_off,accepted,,trusted_breathing,breathing,800,41.699,0.00302734,9.200231339517789,0.19773903498594272,46.52713785179191,2.909950132746595,2,1.425091280154294,0.25,14.216024743704825,0.6756817102432251,0.963798747803522,1.5884285268870495
session_20260812_094151_breathing_off_breathing_off_w00036,session_20260812_094151_breathing_off_breathing_off,/Users/jandonyggarofalo/Documents/Desa/UNI/Semestre7/embebidos/esp-csi/examples/get-started/csi_send/data/raw/session_20260812_094151_breathing_off_breathing_off.csv,82.0,90.0,breathing_off,accepted,,trusted_breathing,breathing,804,41.699,0.00095227,46.118002168130545,1.146200020390687,40.235562159884445,34.24047966633361,4,1.3628778099113703,0.125,106.88923765093779,0.6625726222991943,1.6638704853930602,1.5884285268870495
session_20260812_094151_breathing_off_breathing_off_w00037,session_20260812_094151_breathing_off_breathing_off,/Users/jandonyggarofalo/Documents/Desa/UNI/Semestre7/embebidos/esp-csi/examples/get-started/csi_send/data/raw/session_20260812_094151_breathing_off_breathing_off.csv,84.0,92.0,breathing_off,accepted,,trusted_breathing,breathing,809,55.838,0.00059873,13.856540736972606,0.3395395424996266,40.80979975092897,10.038831150505253,3,1.2403936569422516,0.125,38.82915012564656,0.664770245552063,1.141654822890763,1.5884285268870495
session_20260812_094151_breathing_off_breathing_off_w00038,session_20260812_094151_breathing_off_breathing_off,/Users/jandonyggarofalo/Documents/Desa/UNI/Semestre7/embebidos/esp-csi/examples/get-started/csi_send/data/raw/session_20260812_094151_breathing_off_breathing_off.csv,86.0,94.0,breathing_off,accepted,,trusted_breathing,breathing,811,83.154,0.00144498,21.444871057246125,0.5398244982486955,39.72563514026889,19.30883652379384,3,1.3061919297477382,0.125,56.107714064312,0.7109951376914978,1.3313234392766817,1.5884285268870495
session_20260812_094151_breathing_off_breathing_off_w00039,session_20260812_094151_breathing_off_breathing_off,/Users/jandonyggarofalo/Documents/Desa/UNI/Semestre7/embebidos/esp-csi/examples/get-started/csi_send/data/raw/session_20260812_094151_breathing_off_breathing_off.csv,88.0,96.0,breathing_off,accepted,,trusted_breathing,breathing,810,83.154,0.00159144,12.575421839060537,0.3771163815083405,33.346262468709725,20.051840323260443,2,1.1671218451171501,0.125,38.64310297911852,0.7598601579666138,1.3021542375826203,1.5884285268870495
session_20260812_094151_breathing_off_breathing_off_w00040,session_20260812_094151_breathing_off_breathing_off,/Users/jandonyggarofalo/Documents/Desa/UNI/Semestre7/embebidos/esp-csi/examples/get-started/csi_send/data/raw/session_20260812_094151_breathing_off_breathing_off.csv,90.0,98.0,breathing_off,accepted,,trusted_breathing,breathing,807,83.154,0.00090033,37.831984591570524,1.1451480643725525,33.03676246640326,55.05107108374564,2,0.9322549299455755,0.125,135.0460889419684,0.7628006935119629,1.7407657731031496,1.5884285268870495
session_20260812_094151_breathing_off_breathing_off_w00041,session_20260812_094151_breathing_off_breathing_off,/Users/jandonyggarofalo/Documents/Desa/UNI/Semestre7/embebidos/esp-csi/examples/get-started/csi_send/data/raw/session_20260812_094151_breathing_off_breathing_off.csv,92.0,100.0,breathing_off,accepted,,trusted_breathing,breathing,803,92.06,0.00091454,20.45879405865587,0.6378863107563266,32.07279057982337,38.13258481711766,2,0.9537955976842204,0.125,71.58948743873619,0.8061021566390991,1.5812962449212904,1.5884285268870495
session_20260812_094151_breathing_off_breathing_off_w00042,session_20260812_094151_breathing_off_breathing_off,/Users/jandonyggarofalo/Documents/Desa/UNI/Semestre7/embebidos/esp-csi/examples/get-started/csi_send/data/raw/session_20260812_094151_breathing_off_breathing_off.csv,94.0,102.0,breathing_off,accepted,,trusted_breathing,breathing,797,92.06,0.00091162,51.62836513037778,1.3701786482144598,37.68002457024075,52.15471036337041,2,1.1365876348684811,0.125,141.11410124475037,0.7538886666297913,1.7172935379291645,1.5884285268870495
session_20260812_094151_breathing_off_breathing_off_w00043,session_20260812_094151_breathing_off_breathing_off,/Users/jandonyggarofalo/Documents/Desa/UNI/Semestre7/embebidos/esp-csi/examples/get-started/csi_send/data/raw/session_20260812_094151_breathing_off_breathing_off.csv,96.0,104.0,breathing_off,rejected,time_gap,not_evaluated,,773,236.565,,,,,,,,,,,,
session_20260812_094151_breathing_off_breathing_off_w00044,session_20260812_094151_breathing_off_breathing_off,/Users/jandonyggarofalo/Documents/Desa/UNI/Semestre7/embebidos/esp-csi/examples/get-started/csi_send/data/raw/session_20260812_094151_breathing_off_breathing_off.csv,98.0,106.0,breathing_off,rejected,time_gap,not_evaluated,,735,630.758,,,,,,,,,,,,
session_20260812_094151_breathing_off_breathing_off_w00045,session_20260812_094151_breathing_off_breathing_off,/Users/jandonyggarofalo/Documents/Desa/UNI/Semestre7/embebidos/esp-csi/examples/get-started/csi_send/data/raw/session_20260812_094151_breathing_off_breathing_off.csv,100.0,108.0,breathing_off,rejected,time_gap,not_evaluated,,709,630.758,,,,,,,,,,,,
session_20260812_094151_breathing_off_breathing_off_w00046,session_20260812_094151_breathing_off_breathing_off,/Users/jandonyggarofalo/Documents/Desa/UNI/Semestre7/embebidos/esp-csi/examples/get-started/csi_send/data/raw/session_20260812_094151_breathing_off_breathing_off.csv,102.0,110.0,breathing_off,rejected,time_gap,not_evaluated,,666,630.758,,,,,,,,,,,,
session_20260812_094151_breathing_off_breathing_off_w00047,session_20260812_094151_breathing_off_breathing_off,/Users/jandonyggarofalo/Documents/Desa/UNI/Semestre7/embebidos/esp-csi/examples/get-started/csi_send/data/raw/session_20260812_094151_breathing_off_breathing_off.csv,104.0,112.0,breathing_off,rejected,time_gap,not_evaluated,,577,630.758,,,,,,,,,,,,
session_20260812_094151_breathing_off_breathing_off_w00048,session_20260812_094151_breathing_off_breathing_off,/Users/jandonyggarofalo/Documents/Desa/UNI/Semestre7/embebidos/esp-csi/examples/get-started/csi_send/data/raw/session_20260812_094151_breathing_off_breathing_off.csv,106.0,114.0,breathing_off,rejected,time_gap,not_evaluated,,417,261.149,,,,,,,,,,,,
session_20260812_094151_breathing_off_breathing_off_w00049,session_20260812_094151_breathing_off_breathing_off,/Users/jandonyggarofalo/Documents/Desa/UNI/Semestre7/embebidos/esp-csi/examples/get-started/csi_send/data/raw/session_20260812_094151_breathing_off_breathing_off.csv,108.0,116.0,breathing_off,rejected,insufficient_samples,not_evaluated,,275,,,,,,,,,,,,,
session_20260812_094151_breathing_off_breathing_off_w00050,session_20260812_094151_breathing_off_breathing_off,/Users/jandonyggarofalo/Documents/Desa/UNI/Semestre7/embebidos/esp-csi/examples/get-started/csi_send/data/raw/session_20260812_094151_breathing_off_breathing_off.csv,110.0,118.0,breathing_off,rejected,insufficient_samples,not_evaluated,,118,,,,,,,,,,,,,
session_20260812_094151_breathing_off_breathing_off_w00051,session_20260812_094151_breathing_off_breathing_off,/Users/jandonyggarofalo/Documents/Desa/UNI/Semestre7/embebidos/esp-csi/examples/get-started/csi_send/data/raw/session_20260812_094151_breathing_off_breathing_off.csv,112.0,120.0,breathing_off,rejected,insufficient_samples,not_evaluated,,65,,,,,,,,,,,,,
session_20260812_094151_breathing_off_breathing_off_w00052,session_20260812_094151_breathing_off_breathing_off,/Users/jandonyggarofalo/Documents/Desa/UNI/Semestre7/embebidos/esp-csi/examples/get-started/csi_send/data/raw/session_20260812_094151_breathing_off_breathing_off.csv,114.0,122.0,breathing_off,rejected,insufficient_samples,not_evaluated,,65,,,,,,,,,,,,,
session_20260812_094151_breathing_off_breathing_off_w00053,session_20260812_094151_breathing_off_breathing_off,/Users/jandonyggarofalo/Documents/Desa/UNI/Semestre7/embebidos/esp-csi/examples/get-started/csi_send/data/raw/session_20260812_094151_breathing_off_breathing_off.csv,116.0,124.0,breathing_off,rejected,insufficient_samples,not_evaluated,,33,,,,,,,,,,,,,
session_20260812_094151_breathing_off_breathing_off_w00054,session_20260812_094151_breathing_off_breathing_off,/Users/jandonyggarofalo/Documents/Desa/UNI/Semestre7/embebidos/esp-csi/examples/get-started/csi_send/data/raw/session_20260812_094151_breathing_off_breathing_off.csv,118.0,126.0,breathing_off,rejected,insufficient_samples,not_evaluated,,65,,,,,,,,,,,,,
session_20260812_094151_breathing_off_breathing_off_w00055,session_20260812_094151_breathing_off_breathing_off,/Users/jandonyggarofalo/Documents/Desa/UNI/Semestre7/embebidos/esp-csi/examples/get-started/csi_send/data/raw/session_20260812_094151_breathing_off_breathing_off.csv,120.0,128.0,breathing_off,rejected,insufficient_samples,not_evaluated,,32,,,,,,,,,,,,,
session_20260812_094151_breathing_off_breathing_off_w00056,session_20260812_094151_breathing_off_breathing_off,/Users/jandonyggarofalo/Documents/Desa/UNI/Semestre7/embebidos/esp-csi/examples/get-started/csi_send/data/raw/session_20260812_094151_breathing_off_breathing_off.csv,122.0,130.0,breathing_off,rejected,insufficient_samples,not_evaluated,,141,,,,,,,,,,,,,
session_20260812_094151_breathing_off_breathing_off_w00057,session_20260812_094151_breathing_off_breathing_off,/Users/jandonyggarofalo/Documents/Desa/UNI/Semestre7/embebidos/esp-csi/examples/get-started/csi_send/data/raw/session_20260812_094151_breathing_off_breathing_off.csv,124.0,132.0,breathing_off,rejected,time_gap,not_evaluated,,339,4811.813,,,,,,,,,,,,
session_20260812_094151_breathing_off_breathing_off_w00058,session_20260812_094151_breathing_off_breathing_off,/Users/jandonyggarofalo/Documents/Desa/UNI/Semestre7/embebidos/esp-csi/examples/get-started/csi_send/data/raw/session_20260812_094151_breathing_off_breathing_off.csv,126.0,134.0,breathing_off,accepted,,trusted_breathing,breathing,501,58.991,0.00389845,23.859206072717882,0.47777743423998187,49.93790908233592,6.3018163312551,5,1.182012169109622,0.375,44.690422498938915,0.5935688018798828,1.377655988203819,1.5884285268870495
session_20260812_094151_breathing_off_breathing_off_w00059,session_20260812_094151_breathing_off_breathing_off,/Users/jandonyggarofalo/Documents/Desa/UNI/Semestre7/embebidos/esp-csi/examples/get-started/csi_send/data/raw/session_20260812_094151_breathing_off_breathing_off.csv,128.0,136.0,breathing_off,accepted,,trusted_breathing,breathing,702,58.991,0.0026153,11.559560887033866,0.24573699667429572,47.04037667680979,9.140389448227394,5,1.1955858768656564,0.375,26.530368906732743,0.5863955020904541,1.062941336856155,1.5884285268870495
session_20260812_094151_breathing_off_breathing_off_w00060,session_20260812_094151_breathing_off_breathing_off,/Users/jandonyggarofalo/Documents/Desa/UNI/Semestre7/embebidos/esp-csi/examples/get-started/csi_send/data/raw/session_20260812_094151_breathing_off_breathing_off.csv,130.0,138.0,breathing_off,accepted,,trusted_breathing,breathing,790,58.991,0.0039557,59.86521530262114,1.5901363998023428,37.64784914679323,58.7348975423862,2,1.1966034706345352,0.125,167.2845552284256,0.6337320804595947,1.7771745487635764,1.5884285268870495
session_20260812_094151_breathing_off_breathing_off_w00061,session_20260812_094151_breathing_off_breathing_off,/Users/jandonyggarofalo/Documents/Desa/UNI/Semestre7/embebidos/esp-csi/examples/get-started/csi_send/data/raw/session_20260812_094151_breathing_off_breathing_off.csv,132.0,140.0,breathing_off,accepted,,trusted_breathing,breathing,795,58.991,0.00513954,30.271440111541594,0.7512615760833284,40.29414131535945,23.297043204305385,4,1.4126021107423419,0.125,58.33107844789052,0.6445663571357727,1.4810330822588227,1.5884285268870495
session_20260812_094151_breathing_off_breathing_off_w00062,session_20260812_094151_breathing_off_breathing_off,/Users/jandonyggarofalo/Documents/Desa/UNI/Semestre7/embebidos/esp-csi/examples/get-started/csi_send/data/raw/session_20260812_094151_breathing_off_breathing_off.csv,134.0,142.0,breathing_off,accepted,,trusted_breathing,breathing,805,27.271,0.00451281,95.07896652849665,2.6795954766290198,35.4825821127569,121.02667097170806,3,1.0310587874009178,0.125,305.20653876140653,0.72110515832901,2.0828810875020034,1.5884285268870495
session_20260812_094151_breathing_off_breathing_off_w00063,session_20260812_094151_breathing_off_breathing_off,/Users/jandonyggarofalo/Documents/Desa/UNI/Semestre7/embebidos/esp-csi/examples/get-started/csi_send/data/raw/session_20260812_094151_breathing_off_breathing_off.csv,136.0,144.0,breathing_off,accepted,,trusted_breathing,breathing,809,27.271,0.00591007,12.430186787731047,0.28415284192904483,43.744720986430316,14.689258429289985,6,1.5358135610097097,0.25,20.117847631995605,0.7629681825637817,1.1669998714746574,1.5884285268870495
session_20260812_094151_breathing_off_breathing_off_w00064,session_20260812_094151_breathing_off_breathing_off,/Users/jandonyggarofalo/Documents/Desa/UNI/Semestre7/embebidos/esp-csi/examples/get-started/csi_send/data/raw/session_20260812_094151_breathing_off_breathing_off.csv,138.0,146.0,breathing_off,accepted,,trusted_breathing,breathing,809,34.637,0.00748416,29.452810669273823,0.7247782332301034,40.636996696177654,33.268514223897235,4,1.546727107337018,0.375,60.62908599492778,0.6914134621620178,1.5220334056547882,1.5884285268870495
session_20260812_094151_breathing_off_breathing_off_w00065,session_20260812_094151_breathing_off_breathing_off,/Users/jandonyggarofalo/Documents/Desa/UNI/Semestre7/embebidos/esp-csi/examples/get-started/csi_send/data/raw/session_20260812_094151_breathing_off_breathing_off.csv,140.0,148.0,breathing_off,accepted,,trusted_breathing,breathing,805,71.529,0.00625,28.32354795536618,0.5775001537701058,49.04509162536486,9.880673882634314,4,1.3449253808941042,0.25,45.18658719125179,0.7780938744544983,1.4521476544176628,1.5884285268870495
session_20260812_094151_breathing_off_breathing_off_w00066,session_20260812_094151_breathing_off_breathing_off,/Users/jandonyggarofalo/Documents/Desa/UNI/Semestre7/embebidos/esp-csi/examples/get-started/csi_send/data/raw/session_20260812_094151_breathing_off_breathing_off.csv,142.0,150.0,breathing_off,accepted,,trusted_breathing,breathing,804,71.529,0.00761816,28.403038760635525,0.7214337472132292,39.37026632079809,29.870127178787143,3,1.1661099102981947,0.125,77.48031458288145,0.783961832523346,1.4752370717145509,1.5884285268870495
session_20260812_094151_breathing_off_breathing_off_w00067,session_20260812_094151_breathing_off_breathing_off,/Users/jandonyggarofalo/Documents/Desa/UNI/Semestre7/embebidos/esp-csi/examples/get-started/csi_send/data/raw/session_20260812_094151_breathing_off_breathing_off.csv,144.0,152.0,breathing_off,accepted,,trusted_breathing,breathing,798,71.529,0.00787124,43.42319888842443,1.2328340189119655,35.22225881364974,57.93733923696962,4,1.0695058035554856,0.125,134.2567270725545,0.7842660546302795,1.7629585464211563,1.5884285268870495
session_20260812_094151_breathing_off_breathing_off_w00068,session_20260812_094151_breathing_off_breathing_off,/Users/jandonyggarofalo/Documents/Desa/UNI/Semestre7/embebidos/esp-csi/examples/get-started/csi_send/data/raw/session_20260812_094151_breathing_off_breathing_off.csv,146.0,154.0,breathing_off,accepted,,trusted_breathing,breathing,806,75.715,0.00640703,32.05202501388632,0.797803489862224,40.1753381893345,41.23873857960587,4,1.5460863587668907,0.125,55.90301252957905,0.8001803755760193,1.615305372511223,1.5884285268870495
session_20260812_094151_breathing_off_breathing_off_w00069,session_20260812_094151_breathing_off_breathing_off,/Users/jandonyggarofalo/Documents/Desa/UNI/Semestre7/embebidos/esp-csi/examples/get-started/csi_send/data/raw/session_20260812_094151_breathing_off_breathing_off.csv,148.0,156.0,breathing_off,accepted,,trusted_breathing,breathing,810,75.715,0.0054591,46.73188878394457,1.1206528439965358,41.70059357297926,37.97581152158391,5,1.57100423178602,0.25,68.29096827823948,0.8298167586326599,1.66961333445611,1.5884285268870495
session_20260812_094151_breathing_off_breathing_off_w00070,session_20260812_094151_breathing_off_breathing_off,/Users/jandonyggarofalo/Documents/Desa/UNI/Semestre7/embebidos/esp-csi/examples/get-started/csi_send/data/raw/session_20260812_094151_breathing_off_breathing_off.csv,150.0,158.0,breathing_off,accepted,,trusted_breathing,breathing,812,75.715,0.00475292,51.71839620944728,1.4040586243149922,36.83492648652235,85.10870407321403,5,1.3338607452248274,0.125,112.59089739654725,0.8258796334266663,1.9299739776834557,1.5884285268870495
session_20260812_094151_breathing_off_breathing_off_w00071,session_20260812_094151_breathing_off_breathing_off,/Users/jandonyggarofalo/Documents/Desa/UNI/Semestre7/embebidos/esp-csi/examples/get-started/csi_send/data/raw/session_20260812_094151_breathing_off_breathing_off.csv,152.0,160.0,breathing_off,accepted,,trusted_breathing,breathing,809,75.715,0.00446153,113.73163293700097,3.3364395976287997,34.087724236876845,180.21762878363333,2,1.1437733698157815,0.125,359.9954717199911,0.8267695903778076,2.2557972711546204,1.5884285268870495
session_20260812_094151_breathing_off_breathing_off_w00072,session_20260812_094151_breathing_off_breathing_off,/Users/jandonyggarofalo/Documents/Desa/UNI/Semestre7/embebidos/esp-csi/examples/get-started/csi_send/data/raw/session_20260812_094151_breathing_off_breathing_off.csv,154.0,162.0,breathing_off,accepted,,trusted_breathing,breathing,805,73.769,0.00503688,9.884788816640583,0.2241565983254439,44.09769282028968,5.895121694158076,6,1.6441726842066828,0.375,10.820759626855368,0.7985599040985107,0.9949673952736716,1.5884285268870495
session_20260812_094151_breathing_off_breathing_off_w00073,session_20260812_094151_breathing_off_breathing_off,/Users/jandonyggarofalo/Documents/Desa/UNI/Semestre7/embebidos/esp-csi/examples/get-started/csi_send/data/raw/session_20260812_094151_breathing_off_breathing_off.csv,156.0,164.0,breathing_off,accepted,,trusted_breathing,breathing,801,73.769,0.00461337,10.644085241853444,0.2561528940415901,41.553640381996516,9.538755374815244,5,1.460820859683257,0.125,19.818058239892913,0.7634186744689941,1.027108343887504,1.5884285268870495
session_20260812_094151_breathing_off_breathing_off_w00074,session_20260812_094151_breathing_off_breathing_off,/Users/jandonyggarofalo/Documents/Desa/UNI/Semestre7/embebidos/esp-csi/examples/get-started/csi_send/data/raw/session_20260812_094151_breathing_off_breathing_off.csv,158.0,166.0,breathing_off,accepted,,trusted_breathing,breathing,797,73.769,0.00485218,16.586513492966546,0.4050003724683494,40.954316638861414,16.279887725566663,7,1.6634953590789074,0.5,25.993113702082354,0.7425047159194946,1.2197551063441612,1.5884285268870495
session_20260812_094151_breathing_off_breathing_off_w00075,session_20260812_094151_breathing_off_breathing_off,/Users/jandonyggarofalo/Documents/Desa/UNI/Semestre7/embebidos/esp-csi/examples/get-started/csi_send/data/raw/session_20260812_094151_breathing_off_breathing_off.csv,160.0,168.0,breathing_off,accepted,,trusted_breathing,breathing,798,73.769,0.00368108,209.42199816844135,5.504105259515592,38.048327256523834,245.13487758610884,6,1.389594932406694,0.125,461.43945971578086,0.7399222254753113,2.3894051067052686,1.5884285268870495
session_20260812_094151_breathing_off_breathing_off_w00076,session_20260812_094151_breathing_off_breathing_off,/Users/jandonyggarofalo/Documents/Desa/UNI/Semestre7/embebidos/esp-csi/examples/get-started/csi_send/data/raw/session_20260812_094151_breathing_off_breathing_off.csv,162.0,170.0,breathing_off,accepted,,trusted_breathing,breathing,790,34.112,0.00093948,93.79511146521313,1.879162951236862,49.913240043088024,38.94652973727954,6,1.1632282259699407,0.375,211.3486685498229,0.7002784013748169,1.9721802038480685,1.5884285268870495
session_20260812_094151_breathing_off_breathing_off_w00077,session_20260812_094151_breathing_off_breathing_off,/Users/jandonyggarofalo/Documents/Desa/UNI/Semestre7/embebidos/esp-csi/examples/get-started/csi_send/data/raw/session_20260812_094151_breathing_off_breathing_off.csv,164.0,172.0,breathing_off,accepted,,trusted_breathing,breathing,789,32.661,0.001109,206.38763867220456,5.207474287966942,39.63296355568585,168.61626440458218,4,1.513511851471302,0.125,431.0283399314197,0.6806021332740784,2.314683682212851,1.5884285268870495
session_20260812_094151_breathing_off_breathing_off_w00078,session_20260812_094151_breathing_off_breathing_off,/Users/jandonyggarofalo/Documents/Desa/UNI/Semestre7/embebidos/esp-csi/examples/get-started/csi_send/data/raw/session_20260812_094151_breathing_off_breathing_off.csv,166.0,174.0,breathing_off,accepted,,trusted_breathing,breathing,785,50.356,0.00092556,201.27412550297262,5.773504923570178,34.861687686667,304.3615001117505,4,1.3213438867430272,0.125,553.184664451912,0.6683527231216431,2.4833897159484586,1.5884285268870495
session_20260812_094151_breathing_off_breathing_off_w00079,session_20260812_094151_breathing_off_breathing_off,/Users/jandonyggarofalo/Documents/Desa/UNI/Semestre7/embebidos/esp-csi/examples/get-started/csi_send/data/raw/session_20260812_094151_breathing_off_breathing_off.csv,168.0,176.0,breathing_off,accepted,,trusted_breathing,breathing,786,87.699,0.00094426,17.01235093840321,0.45672169006944047,37.24883514023471,31.405210601064706,7,1.4296997097146225,0.5,34.44719940986104,0.658043622970581,1.4970017100971702,1.5884285268870495
session_20260812_094151_breathing_off_breathing_off_w00080,session_20260812_094151_breathing_off_breathing_off,/Users/jandonyggarofalo/Documents/Desa/UNI/Semestre7/embebidos/esp-csi/examples/get-started/csi_send/data/raw/session_20260812_094151_breathing_off_breathing_off.csv,170.0,178.0,breathing_off,accepted,,trusted_breathing,breathing,790,87.699,0.00707081,52.165022222463705,1.4963969668057582,34.86041697463571,74.01693376477603,3,1.0886442179061357,0.125,175.35283356217954,0.6623870730400085,1.8693310899914666,1.5884285268870495
session_20260812_094454_breathing_off_breathing_off_w00000,session_20260812_094454_breathing_off_breathing_off,/Users/jandonyggarofalo/Documents/Desa/UNI/Semestre7/embebidos/esp-csi/examples/get-started/csi_send/data/raw/session_20260812_094454_breathing_off_breathing_off.csv,10.0,18.0,breathing_off,accepted,,trusted_breathing,breathing,808,31.86,0.00425433,35.28790864445577,1.0613532161532546,33.248034779900365,50.935105093539214,2,0.909475667763713,0.125,127.95730526523735,0.7347907423973083,1.7070172065677471,1.594273215162277
session_20260812_094454_breathing_off_breathing_off_w00001,session_20260812_094454_breathing_off_breathing_off,/Users/jandonyggarofalo/Documents/Desa/UNI/Semestre7/embebidos/esp-csi/examples/get-started/csi_send/data/raw/session_20260812_094454_breathing_off_breathing_off.csv,12.0,20.0,breathing_off,accepted,,trusted_breathing,breathing,804,56.221,0.00502371,44.43174918970205,1.163864089705147,38.17606332447305,45.228289021778004,4,1.0236295835668303,0.125,144.59991622349688,0.7790949940681458,1.655410158772783,1.594273215162277
session_20260812_094454_breathing_off_breathing_off_w00002,session_20260812_094454_breathing_off_breathing_off,/Users/jandonyggarofalo/Documents/Desa/UNI/Semestre7/embebidos/esp-csi/examples/get-started/csi_send/data/raw/session_20260812_094454_breathing_off_breathing_off.csv,14.0,22.0,breathing_off,accepted,,trusted_breathing,breathing,804,56.221,0.00469333,362.04486699200686,7.454509156789246,48.56723083668405,122.68035369016553,5,1.1457060812075097,0.25,848.6541491657292,0.6140778064727783,2.5587623945099986,1.594273215162277
session_20260812_094454_breathing_off_breathing_off_w00003,session_20260812_094454_breathing_off_breathing_off,/Users/jandonyggarofalo/Documents/Desa/UNI/Semestre7/embebidos/esp-csi/examples/get-started/csi_send/data/raw/session_20260812_094454_breathing_off_breathing_off.csv,16.0,24.0,breathing_off,accepted,,trusted_breathing,breathing,807,56.221,0.01524744,1354.512809525975,28.130698465306672,48.15069953547136,539.3303380626986,4,1.4172893385510654,0.375,2082.5917815477715,0.6551955938339233,3.1317831164789265,1.594273215162277
session_20260812_094454_breathing_off_breathing_off_w00004,session_20260812_094454_breathing_off_breathing_off,/Users/jandonyggarofalo/Documents/Desa/UNI/Semestre7/embebidos/esp-csi/examples/get-started/csi_send/data/raw/session_20260812_094454_breathing_off_breathing_off.csv,18.0,26.0,breathing_off,accepted,,trusted_breathing,breathing,798,56.221,0.01640821,1680.0295829386125,34.4160938052877,48.815231398527956,453.61372723463325,3,1.3552783934109727,0.375,2705.4843273300876,0.5910905599594116,3.225316929103174,1.594273215162277
session_20260812_094454_breathing_off_breathing_off_w00005,session_20260812_094454_breathing_off_breathing_off,/Users/jandonyggarofalo/Documents/Desa/UNI/Semestre7/embebidos/esp-csi/examples/get-started/csi_send/data/raw/session_20260812_094454_breathing_off_breathing_off.csv,20.0,28.0,breathing_off,accepted,,trusted_breathing,breathing,803,41.444,0.00986535,431.9230619020132,9.01834197321297,47.893843811301366,431.4531674022115,5,1.4126658699980452,0.25,779.7900585869672,0.641516923904419,2.635406393187106,1.594273215162277
session_20260812_094454_breathing_off_breathing_off_w00006,session_20260812_094454_breathing_off_breathing_off,/Users/jandonyggarofalo/Documents/Desa/UNI/Semestre7/embebidos/esp-csi/examples/get-started/csi_send/data/raw/session_20260812_094454_breathing_off_breathing_off.csv,22.0,30.0,breathing_off,accepted,,trusted_breathing,breathing,803,39.642,0.00532184,24.8611276995547,0.5282108263792177,47.06667576264164,20.68956496757836,5,1.2433431575824634,0.25,49.297616363762934,0.5607677102088928,1.3955208243292188,1.594273215162277
session_20260812_094454_breathing_off_breathing_off_w00007,session_20260812_094454_breathing_off_breathing_off,/Users/jandonyggarofalo/Documents/Desa/UNI/Semestre7/embebidos/esp-csi/examples/get-started/csi_send/data/raw/session_20260812_094454_breathing_off_breathing_off.csv,24.0,32.0,breathing_off,accepted,,trusted_breathing,breathing,800,94.886,0.00668945,8.776150100044351,0.19045658532476895,46.07953085493511,6.354736860316194,4,1.4952354000028611,0.375,15.038588347581607,0.6072818040847778,0.9433040424454113,1.594273215162277
session_20260812_094454_breathing_off_breathing_off_w00008,session_20260812_094454_breathing_off_breathing_off,/Users/jandonyggarofalo/Documents/Desa/UNI/Semestre7/embebidos/esp-csi/examples/get-started/csi_send/data/raw/session_20260812_094454_breathing_off_breathing_off.csv,26.0,34.0,breathing_off,accepted,,trusted_breathing,breathing,807,96.984,0.00354322,180.69614830688215,4.536041819332438,39.83564426957489,154.79619347299345,4,1.396497054993673,0.125,426.7544720308524,0.5730506777763367,2.2569488953008614,1.594273215162277
session_20260812_094454_breathing_off_breathing_off_w00009,session_20260812_094454_breathing_off_breathing_off,/Users/jandonyggarofalo/Documents/Desa/UNI/Semestre7/embebidos/esp-csi/examples/get-started/csi_send/data/raw/session_20260812_094454_breathing_off_breathing_off.csv,28.0,36.0,breathing_off,accepted,,trusted_breathing,breathing,801,96.984,0.00165808,86.67078318629024,1.8617447758926111,46.553525654282815,30.1509926152123,5,1.443237422921268,0.375,158.1750603936503,0.5721054673194885,1.9378727210123168,1.594273215162277
session_20260812_094454_breathing_off_breathing_off_w00010,session_20260812_094454_breathing_off_breathing_off,/Users/jandonyggarofalo/Documents/Desa/UNI/Semestre7/embebidos/esp-csi/examples/get-started/csi_send/data/raw/session_20260812_094454_breathing_off_breathing_off.csv,30.0,38.0,breathing_off,accepted,,trusted_breathing,breathing,795,96.984,0.00121855,39.972856145350995,1.0457741669251746,38.22322008856128,64.79023524792802,7,1.6214964961713638,0.5,71.87262712460779,0.6087868809700012,1.811509556835155,1.594273215162277
session_20260812_094454_breathing_off_breathing_off_w00011,session_20260812_094454_breathing_off_breathing_off,/Users/jandonyggarofalo/Documents/Desa/UNI/Semestre7/embebidos/esp-csi/examples/get-started/csi_send/data/raw/session_20260812_094454_breathing_off_breathing_off.csv,32.0,40.0,breathing_off,accepted,,trusted_breathing,breathing,799,96.984,0.00164268,25.853489478601094,0.5679852589941824,45.51788813029808,18.328525633652546,6,1.5773131946936552,0.375,35.95903099500853,0.5904950499534607,1.4125191686688445,1.594273215162277
session_20260812_094454_breathing_off_breathing_off_w00012,session_20260812_094454_breathing_off_breathing_off,/Users/jandonyggarofalo/Documents/Desa/UNI/Semestre7/embebidos/esp-csi/examples/get-started/csi_send/data/raw/session_20260812_094454_breathing_off_breathing_off.csv,34.0,42.0,breathing_off,accepted,,trusted_breathing,breathing,799,56.139,0.00471292,12.453873477372907,0.3265549919488489,38.13714009702086,19.111619485387273,4,1.3702562768647286,0.125,24.40523557775485,0.6500614881515503,1.2812974899732323,1.594273215162277
session_20260812_094454_breathing_off_breathing_off_w00013,session_20260812_094454_breathing_off_breathing_off,/Users/jandonyggarofalo/Documents/Desa/UNI/Semestre7/embebidos/esp-csi/examples/get-started/csi_send/data/raw/session_20260812_094454_breathing_off_breathing_off.csv,36.0,44.0,breathing_off,accepted,,trusted_breathing,breathing,795,56.139,0.00783215,30.417259738245225,0.9009695653011383,33.76058516254638,40.15483445929789,3,1.1147767694111514,0.125,102.33592290068803,0.6989795565605164,1.6037378398413882,1.594273215162277
session_20260812_094454_breathing_off_breathing_off_w00014,session_20260812_094454_breathing_off_breathing_off,/Users/jandonyggarofalo/Documents/Desa/UNI/Semestre7/embebidos/esp-csi/examples/get-started/csi_send/data/raw/session_20260812_094454_breathing_off_breathing_off.csv,38.0,46.0,breathing_off,accepted,,trusted_breathing,breathing,790,90.611,0.00685324,13.786889932481223,0.30912335841006866,44.59996165720863,20.458494677325934,7,1.4488233893586744,0.5,27.024942890375456,0.7894184589385986,1.3108736754474426,1.594273215162277
session_20260812_094454_breathing_off_breathing_off_w00015,session_20260812_094454_breathing_off_breathing_off,/Users/jandonyggarofalo/Documents/Desa/UNI/Semestre7/embebidos/esp-csi/examples/get-started/csi_send/data/raw/session_20260812_094454_breathing_off_breathing_off.csv,40.0,48.0,breathing_off,rejected,time_gap,not_evaluated,,699,219.044,,,,,,,,,,,,
session_20260812_094454_breathing_off_breathing_off_w00016,session_20260812_094454_breathing_off_breathing_off,/Users/jandonyggarofalo/Documents/Desa/UNI/Semestre7/embebidos/esp-csi/examples/get-started/csi_send/data/raw/session_20260812_094454_breathing_off_breathing_off.csv,42.0,50.0,breathing_off,rejected,time_gap,not_evaluated,,690,696.356,,,,,,,,,,,,
session_20260812_094454_breathing_off_breathing_off_w00017,session_20260812_094454_breathing_off_breathing_off,/Users/jandonyggarofalo/Documents/Desa/UNI/Semestre7/embebidos/esp-csi/examples/get-started/csi_send/data/raw/session_20260812_094454_breathing_off_breathing_off.csv,44.0,52.0,breathing_off,rejected,time_gap,not_evaluated,,647,696.356,,,,,,,,,,,,
session_20260812_094454_breathing_off_breathing_off_w00018,session_20260812_094454_breathing_off_breathing_off,/Users/jandonyggarofalo/Documents/Desa/UNI/Semestre7/embebidos/esp-csi/examples/get-started/csi_send/data/raw/session_20260812_094454_breathing_off_breathing_off.csv,46.0,54.0,breathing_off,rejected,time_gap,not_evaluated,,502,696.356,,,,,,,,,,,,
session_20260812_094454_breathing_off_breathing_off_w00019,session_20260812_094454_breathing_off_breathing_off,/Users/jandonyggarofalo/Documents/Desa/UNI/Semestre7/embebidos/esp-csi/examples/get-started/csi_send/data/raw/session_20260812_094454_breathing_off_breathing_off.csv,48.0,56.0,breathing_off,rejected,time_gap,not_evaluated,,423,1709.791,,,,,,,,,,,,
session_20260812_094454_breathing_off_breathing_off_w00020,session_20260812_094454_breathing_off_breathing_off,/Users/jandonyggarofalo/Documents/Desa/UNI/Semestre7/embebidos/esp-csi/examples/get-started/csi_send/data/raw/session_20260812_094454_breathing_off_breathing_off.csv,50.0,58.0,breathing_off,rejected,insufficient_samples,not_evaluated,,229,,,,,,,,,,,,,
session_20260812_094454_breathing_off_breathing_off_w00021,session_20260812_094454_breathing_off_breathing_off,/Users/jandonyggarofalo/Documents/Desa/UNI/Semestre7/embebidos/esp-csi/examples/get-started/csi_send/data/raw/session_20260812_094454_breathing_off_breathing_off.csv,52.0,60.0,breathing_off,rejected,insufficient_samples,not_evaluated,,148,,,,,,,,,,,,,
session_20260812_094454_breathing_off_breathing_off_w00022,session_20260812_094454_breathing_off_breathing_off,/Users/jandonyggarofalo/Documents/Desa/UNI/Semestre7/embebidos/esp-csi/examples/get-started/csi_send/data/raw/session_20260812_094454_breathing_off_breathing_off.csv,54.0,62.0,breathing_off,rejected,insufficient_samples,not_evaluated,,295,,,,,,,,,,,,,
session_20260812_094454_breathing_off_breathing_off_w00023,session_20260812_094454_breathing_off_breathing_off,/Users/jandonyggarofalo/Documents/Desa/UNI/Semestre7/embebidos/esp-csi/examples/get-started/csi_send/data/raw/session_20260812_094454_breathing_off_breathing_off.csv,56.0,64.0,breathing_off,rejected,time_gap,not_evaluated,,462,113.791,,,,,,,,,,,,
session_20260812_094454_breathing_off_breathing_off_w00024,session_20260812_094454_breathing_off_breathing_off,/Users/jandonyggarofalo/Documents/Desa/UNI/Semestre7/embebidos/esp-csi/examples/get-started/csi_send/data/raw/session_20260812_094454_breathing_off_breathing_off.csv,58.0,66.0,breathing_off,rejected,time_gap,not_evaluated,,664,113.791,,,,,,,,,,,,
session_20260812_094454_breathing_off_breathing_off_w00025,session_20260812_094454_breathing_off_breathing_off,/Users/jandonyggarofalo/Documents/Desa/UNI/Semestre7/embebidos/esp-csi/examples/get-started/csi_send/data/raw/session_20260812_094454_breathing_off_breathing_off.csv,60.0,68.0,breathing_off,accepted,,trusted_breathing,breathing,791,38.852,0.00801991,8.696309965039942,0.2709136164564647,32.09993679444799,14.588866784864326,4,1.2004729767036955,0.125,26.604031133039136,0.7172983288764954,1.1640215586382383,1.594273215162277
session_20260812_094454_breathing_off_breathing_off_w00026,session_20260812_094454_breathing_off_breathing_off,/Users/jandonyggarofalo/Documents/Desa/UNI/Semestre7/embebidos/esp-csi/examples/get-started/csi_send/data/raw/session_20260812_094454_breathing_off_breathing_off.csv,62.0,70.0,breathing_off,accepted,,trusted_breathing,breathing,796,29.82,0.00476994,17.373626987773868,0.5395965735103093,32.19743756843878,30.21282926618103,3,1.2360125325316136,0.125,52.0267020219066,0.7252336144447327,1.4801913964800582,1.594273215162277
session_20260812_094454_breathing_off_breathing_off_w00027,session_20260812_094454_breathing_off_breathing_off,/Users/jandonyggarofalo/Documents/Desa/UNI/Semestre7/embebidos/esp-csi/examples/get-started/csi_send/data/raw/session_20260812_094454_breathing_off_breathing_off.csv,64.0,72.0,breathing_off,accepted,,trusted_breathing,breathing,799,86.906,0.00278669,25.080727309290904,0.520146254034961,48.21860604528533,16.203402614352356,3,1.4314008297870464,0.125,36.207329756618435,0.6942881345748901,1.3993401263306167,1.594273215162277
session_20260812_094454_breathing_off_breathing_off_w00028,session_20260812_094454_breathing_off_breathing_off,/Users/jandonyggarofalo/Documents/Desa/UNI/Semestre7/embebidos/esp-csi/examples/get-started/csi_send/data/raw/session_20260812_094454_breathing_off_breathing_off.csv,66.0,74.0,breathing_off,rejected,time_gap,not_evaluated,,796,192.704,,,,,,,,,,,,
session_20260812_094454_breathing_off_breathing_off_w00029,session_20260812_094454_breathing_off_breathing_off,/Users/jandonyggarofalo/Documents/Desa/UNI/Semestre7/embebidos/esp-csi/examples/get-started/csi_send/data/raw/session_20260812_094454_breathing_off_breathing_off.csv,68.0,76.0,breathing_off,rejected,time_gap,not_evaluated,,791,192.704,,,,,,,,,,,,
session_20260812_094454_breathing_off_breathing_off_w00030,session_20260812_094454_breathing_off_breathing_off,/Users/jandonyggarofalo/Documents/Desa/UNI/Semestre7/embebidos/esp-csi/examples/get-started/csi_send/data/raw/session_20260812_094454_breathing_off_breathing_off.csv,70.0,78.0,breathing_off,rejected,time_gap,not_evaluated,,787,192.704,,,,,,,,,,,,
session_20260812_094454_breathing_off_breathing_off_w00031,session_20260812_094454_breathing_off_breathing_off,/Users/jandonyggarofalo/Documents/Desa/UNI/Semestre7/embebidos/esp-csi/examples/get-started/csi_send/data/raw/session_20260812_094454_breathing_off_breathing_off.csv,72.0,80.0,breathing_off,rejected,time_gap,not_evaluated,,784,192.704,,,,,,,,,,,,
session_20260812_094454_breathing_off_breathing_off_w00032,session_20260812_094454_breathing_off_breathing_off,/Users/jandonyggarofalo/Documents/Desa/UNI/Semestre7/embebidos/esp-csi/examples/get-started/csi_send/data/raw/session_20260812_094454_breathing_off_breathing_off.csv,74.0,82.0,breathing_off,accepted,,trusted_breathing,breathing,782,52.034,0.00448569,88.23128585939858,2.6090768117718195,33.81705186343174,151.8539392270445,2,1.0661325480751205,0.125,295.5213227344996,0.6854639053344727,2.18142606238783,1.594273215162277
session_20260812_094454_breathing_off_breathing_off_w00033,session_20260812_094454_breathing_off_breathing_off,/Users/jandonyggarofalo/Documents/Desa/UNI/Semestre7/embebidos/esp-csi/examples/get-started/csi_send/data/raw/session_20260812_094454_breathing_off_breathing_off.csv,76.0,84.0,breathing_off,accepted,,trusted_breathing,breathing,788,52.034,0.0044218,28.519352159432824,0.7709842594081693,36.99083581977166,38.014856754739306,4,1.1431489963188137,0.125,74.127579567475,0.6780641674995422,1.5799533583439336,1.594273215162277
session_20260812_094454_breathing_off_breathing_off_w00034,session_20260812_094454_breathing_off_breathing_off,/Users/jandonyggarofalo/Documents/Desa/UNI/Semestre7/embebidos/esp-csi/examples/get-started/csi_send/data/raw/session_20260812_094454_breathing_off_breathing_off.csv,78.0,86.0,breathing_off,accepted,,trusted_breathing,breathing,794,52.034,0.00323717,6.947568124646156,0.15489070717068454,44.85464784498212,5.236527281810596,6,1.4977435765375917,0.375,12.403127701905344,0.715457558631897,0.8418328139615775,1.594273215162277
session_20260812_094454_breathing_off_breathing_off_w00035,session_20260812_094454_breathing_off_breathing_off,/Users/jandonyggarofalo/Documents/Desa/UNI/Semestre7/embebidos/esp-csi/examples/get-started/csi_send/data/raw/session_20260812_094454_breathing_off_breathing_off.csv,80.0,88.0,breathing_off,accepted,,trusted_breathing,breathing,792,67.232,0.00269295,118.78283853495675,2.9651146359793907,40.060116763641474,93.04950240495022,3,1.180131152444964,0.125,304.52251822757444,0.762783408164978,2.074753699332476,1.594273215162277
session_20260812_094454_breathing_off_breathing_off_w00036,session_20260812_094454_breathing_off_breathing_off,/Users/jandonyggarofalo/Documents/Desa/UNI/Semestre7/embebidos/esp-csi/examples/get-started/csi_send/data/raw/session_20260812_094454_breathing_off_breathing_off.csv,82.0,90.0,breathing_off,accepted,,trusted_breathing,breathing,794,67.232,0.00231226,36.59133458932486,0.8903982129645596,41.095471729950795,38.77675408072968,5,1.4845228526327892,0.375,83.65740189764658,0.7627152800559998,1.5885714524005883,1.594273215162277
session_20260812_094454_breathing_off_breathing_off_w00037,session_20260812_094454_breathing_off_breathing_off,/Users/jandonyggarofalo/Documents/Desa/UNI/Semestre7/embebidos/esp-csi/examples/get-started/csi_send/data/raw/session_20260812_094454_breathing_off_breathing_off.csv,84.0,92.0,breathing_off,accepted,,trusted_breathing,breathing,793,67.232,0.00348755,188.88731135041917,5.489347447142238,34.409793362364,260.32203905008896,4,1.2188101912772484,0.125,575.6865242295528,0.7292607426643372,2.4155109373472943,1.594273215162277
session_20260812_094454_breathing_off_breathing_off_w00038,session_20260812_094454_breathing_off_breathing_off,/Users/jandonyggarofalo/Documents/Desa/UNI/Semestre7/embebidos/esp-csi/examples/get-started/csi_send/data/raw/session_20260812_094454_breathing_off_breathing_off.csv,86.0,94.0,breathing_off,accepted,,trusted_breathing,breathing,793,67.232,0.00446288,9.27306574706572,0.20261387870511574,45.76717945623051,6.639179455198036,6,1.4428164703569188,0.125,12.391300769823609,0.752383828163147,0.9672233389900259,1.594273215162277
session_20260812_094454_breathing_off_breathing_off_w00039,session_20260812_094454_breathing_off_breathing_off,/Users/jandonyggarofalo/Documents/Desa/UNI/Semestre7/embebidos/esp-csi/examples/get-started/csi_send/data/raw/session_20260812_094454_breathing_off_breathing_off.csv,88.0,96.0,breathing_off,accepted,,trusted_breathing,breathing,790,37.016,0.00379747,75.88296716936429,2.0220692857302445,37.52738232306545,73.05594291386066,2,1.219869127773719,0.125,217.21802053103784,0.6381406784057617,1.8801443042947488,1.594273215162277
session_20260812_094454_breathing_off_breathing_off_w00040,session_20260812_094454_breathing_off_breathing_off,/Users/jandonyggarofalo/Documents/Desa/UNI/Semestre7/embebidos/esp-csi/examples/get-started/csi_send/data/raw/session_20260812_094454_breathing_off_breathing_off.csv,90.0,98.0,breathing_off,accepted,,trusted_breathing,breathing,786,37.016,0.00357824,71.67296796833428,1.6558015826606152,43.28596416312376,53.806794678959896,4,1.3241030211907376,0.125,150.11765732871788,0.6742948889732361,1.8553553889202452,1.594273215162277
session_20260812_094454_breathing_off_breathing_off_w00041,session_20260812_094454_breathing_off_breathing_off,/Users/jandonyggarofalo/Documents/Desa/UNI/Semestre7/embebidos/esp-csi/examples/get-started/csi_send/data/raw/session_20260812_094454_breathing_off_breathing_off.csv,92.0,100.0,breathing_off,accepted,,trusted_breathing,breathing,772,40.958,0.00393661,69.64096535360412,1.4252125282621992,48.86356523856157,22.359525679478942,4,1.3658898273543554,0.25,112.95744541944117,0.6554242372512817,1.842864782618154,1.594273215162277
session_20260812_094454_breathing_off_breathing_off_w00042,session_20260812_094454_breathing_off_breathing_off,/Users/jandonyggarofalo/Documents/Desa/UNI/Semestre7/embebidos/esp-csi/examples/get-started/csi_send/data/raw/session_20260812_094454_breathing_off_breathing_off.csv,94.0,102.0,breathing_off,accepted,,trusted_breathing,breathing,769,76.036,0.0039926,75.97622885635553,1.7288244597358844,43.94675724793864,50.26665462887922,4,1.4668535815419221,0.375,108.19567157075939,0.6405414938926697,1.8806777331839475,1.594273215162277
session_20260812_094454_breathing_off_breathing_off_w00043,session_20260812_094454_breathing_off_breathing_off,/Users/jandonyggarofalo/Documents/Desa/UNI/Semestre7/embebidos/esp-csi/examples/get-started/csi_send/data/raw/session_20260812_094454_breathing_off_breathing_off.csv,96.0,104.0,breathing_off,accepted,,trusted_breathing,breathing,767,76.036,0.00411506,49.81611321009105,1.2611709175042611,39.499890553005265,70.69972466707861,4,1.4061480834099396,0.125,117.95078205952191,0.7188130021095276,1.849417722484299,1.594273215162277
session_20260812_094454_breathing_off_breathing_off_w00044,session_20260812_094454_breathing_off_breathing_off,/Users/jandonyggarofalo/Documents/Desa/UNI/Semestre7/embebidos/esp-csi/examples/get-started/csi_send/data/raw/session_20260812_094454_breathing_off_breathing_off.csv,98.0,106.0,breathing_off,accepted,,trusted_breathing,breathing,764,76.036,0.00476522,22.091216219473154,0.5996670910839683,36.83913382590974,29.63945963021347,3,1.2046265179028108,0.125,54.76100443694859,0.6881040930747986,1.4718702815692575,1.594273215162277
session_20260812_094454_breathing_off_breathing_off_w00045,session_20260812_094454_breathing_off_breathing_off,/Users/jandonyggarofalo/Documents/Desa/UNI/Semestre7/embebidos/esp-csi/examples/get-started/csi_send/data/raw/session_20260812_094454_breathing_off_breathing_off.csv,100.0,108.0,breathing_off,accepted,,trusted_breathing,breathing,778,48.83,0.00686857,10.50639590798377,0.22818957659766578,46.04240064156024,3.0177084990212744,5,1.5618670671119428,0.375,13.02709789776983,0.6652266383171082,1.0214537621070576,1.594273215162277
session_20260812_094454_breathing_off_breathing_off_w00046,session_20260812_094454_breathing_off_breathing_off,/Users/jandonyggarofalo/Documents/Desa/UNI/Semestre7/embebidos/esp-csi/examples/get-started/csi_send/data/raw/session_20260812_094454_breathing_off_breathing_off.csv,102.0,110.0,breathing_off,accepted,,trusted_breathing,breathing,781,43.169,0.01787572,98.51807008096729,2.719567783107535,36.22563507807062,115.45948315044514,4,1.1557603248686634,0.125,288.28067121713934,0.7889347076416016,2.0624296090658545,1.594273215162277
session_20260812_094454_breathing_off_breathing_off_w00047,session_20260812_094454_breathing_off_breathing_off,/Users/jandonyggarofalo/Documents/Desa/UNI/Semestre7/embebidos/esp-csi/examples/get-started/csi_send/data/raw/session_20260812_094454_breathing_off_breathing_off.csv,104.0,112.0,breathing_off,rejected,too_many_amplitude_outliers,not_evaluated,,787,40.017,0.02056861,,,,,,,,,,,
session_20260812_094454_breathing_off_breathing_off_w00048,session_20260812_094454_breathing_off_breathing_off,/Users/jandonyggarofalo/Documents/Desa/UNI/Semestre7/embebidos/esp-csi/examples/get-started/csi_send/data/raw/session_20260812_094454_breathing_off_breathing_off.csv,106.0,114.0,breathing_off,accepted,,trusted_breathing,breathing,794,48.981,0.01665814,533.4040067826392,16.102856118593312,33.1248073543119,926.0156483372011,2,1.0341444674107565,0.125,1788.8447114288101,0.817863941192627,2.9666183256982155,1.594273215162277
session_20260812_094454_breathing_off_breathing_off_w00049,session_20260812_094454_breathing_off_breathing_off,/Users/jandonyggarofalo/Documents/Desa/UNI/Semestre7/embebidos/esp-csi/examples/get-started/csi_send/data/raw/session_20260812_094454_breathing_off_breathing_off.csv,108.0,116.0,breathing_off,accepted,,trusted_breathing,breathing,791,48.981,0.01054836,23.589662673747554,0.483847160005193,48.754368370056405,14.961070623581254,5,1.0982803020240828,0.25,48.87862287107362,0.7860938906669617,1.3727217306279842,1.594273215162277
session_20260812_094454_breathing_off_breathing_off_w00050,session_20260812_094454_breathing_off_breathing_off,/Users/jandonyggarofalo/Documents/Desa/UNI/Semestre7/embebidos/esp-csi/examples/get-started/csi_send/data/raw/session_20260812_094454_breathing_off_breathing_off.csv,110.0,118.0,breathing_off,accepted,,trusted_breathing,breathing,790,48.981,0.00382714,20.47775800530468,0.5622496968410262,36.42110990956792,40.629989189624034,6,1.4380825483174602,0.125,31.026243962974608,0.8248050808906555,1.4917292030773126,1.594273215162277
session_20260812_094454_breathing_off_breathing_off_w00051,session_20260812_094454_breathing_off_breathing_off,/Users/jandonyggarofalo/Documents/Desa/UNI/Semestre7/embebidos/esp-csi/examples/get-started/csi_send/data/raw/session_20260812_094454_breathing_off_breathing_off.csv,112.0,120.0,breathing_off,accepted,,trusted_breathing,breathing,794,48.981,0.00410304,21.28784207251578,0.45969778869876854,46.30834125334243,8.211445902851397,3,1.53299794900135,0.25,29.659589273666963,0.7793077826499939,1.3281316396676788,1.594273215162277
session_20260812_094454_breathing_off_breathing_off_w00052,session_20260812_094454_breathing_off_breathing_off,/Users/jandonyggarofalo/Documents/Desa/UNI/Semestre7/embebidos/esp-csi/examples/get-started/csi_send/data/raw/session_20260812_094454_breathing_off_breathing_off.csv,114.0,122.0,breathing_off,accepted,,trusted_breathing,breathing,792,43.254,0.00375829,39.808423408677,0.8086204253773308,49.23004930286266,15.185439670036265,4,1.1696074010802946,0.25,85.45968641401588,0.6954774260520935,1.5999749779239656,1.594273215162277
session_20260812_094454_breathing_off_breathing_off_w00053,session_20260812_094454_breathing_off_breathing_off,/Users/jandonyggarofalo/Documents/Desa/UNI/Semestre7/embebidos/esp-csi/examples/get-started/csi_send/data/raw/session_20260812_094454_breathing_off_breathing_off.csv,116.0,124.0,breathing_off,accepted,,trusted_breathing,breathing,798,33.041,0.00336779,59.08309313695647,1.2129267006715687,48.71118189103665,25.984511857284403,5,1.2751220830968268,0.25,113.64778424277777,0.6729785203933716,1.7714632235584715,1.594273215162277
session_20260812_094454_breathing_off_breathing_off_w00054,session_20260812_094454_breathing_off_breathing_off,/Users/jandonyggarofalo/Documents/Desa/UNI/Semestre7/embebidos/esp-csi/examples/get-started/csi_send/data/raw/session_20260812_094454_breathing_off_breathing_off.csv,118.0,126.0,breathing_off,accepted,,trusted_breathing,breathing,796,30.876,0.00436754,49.58238601770252,1.0793011426533226,45.93934357909107,24.668719026933285,5,1.4816301533231593,0.375,92.39184286300338,0.6715138554573059,1.6953274221774457,1.594273215162277
session_20260812_094454_breathing_off_breathing_off_w00055,session_20260812_094454_breathing_off_breathing_off,/Users/jandonyggarofalo/Documents/Desa/UNI/Semestre7/embebidos/esp-csi/examples/get-started/csi_send/data/raw/session_20260812_094454_breathing_off_breathing_off.csv,120.0,128.0,breathing_off,accepted,,trusted_breathing,breathing,802,71.592,0.00337048,26.408333831144297,0.563136953875181,46.895046843171286,10.093474492907847,4,1.5193844798911427,0.125,38.21261750363649,0.682029128074646,1.4217410013293712,1.594273215162277
session_20260812_094454_breathing_off_breathing_off_w00056,session_20260812_094454_breathing_off_breathing_off,/Users/jandonyggarofalo/Documents/Desa/UNI/Semestre7/embebidos/esp-csi/examples/get-started/csi_send/data/raw/session_20260812_094454_breathing_off_breathing_off.csv,122.0,130.0,breathing_off,accepted,,trusted_breathing,breathing,810,71.592,0.00495756,30.42791176954979,0.6584876512558598,46.20878115401531,12.392599331021092,4,1.545222231298812,0.25,46.79717250225578,0.7419862747192383,1.4832721482806028,1.594273215162277
session_20260812_094454_breathing_off_breathing_off_w00057,session_20260812_094454_breathing_off_breathing_off,/Users/jandonyggarofalo/Documents/Desa/UNI/Semestre7/embebidos/esp-csi/examples/get-started/csi_send/data/raw/session_20260812_094454_breathing_off_breathing_off.csv,124.0,132.0,breathing_off,accepted,,trusted_breathing,breathing,810,71.592,0.00364583,25.250212508011654,0.5239961850312557,48.18777928022,7.283824687206112,4,1.3820951777382575,0.25,46.111160684707116,0.7632110714912415,1.4022650375306758,1.594273215162277
session_20260812_094454_breathing_off_breathing_off_w00058,session_20260812_094454_breathing_off_breathing_off,/Users/jandonyggarofalo/Documents/Desa/UNI/Semestre7/embebidos/esp-csi/examples/get-started/csi_send/data/raw/session_20260812_094454_breathing_off_breathing_off.csv,126.0,134.0,breathing_off,accepted,,trusted_breathing,breathing,813,71.592,0.00322878,18.646442162755747,0.3934349431105321,47.39396560785349,10.641907895996441,5,1.29316567037633,0.25,43.023544422984415,0.7007837295532227,1.27059597842438,1.594273215162277
session_20260812_094454_breathing_off_breathing_off_w00059,session_20260812_094454_breathing_off_breathing_off,/Users/jandonyggarofalo/Documents/Desa/UNI/Semestre7/embebidos/esp-csi/examples/get-started/csi_send/data/raw/session_20260812_094454_breathing_off_breathing_off.csv,128.0,136.0,breathing_off,accepted,,trusted_breathing,breathing,805,50.127,0.0039014,24.013915626555324,0.55587856549587,43.19993091493027,21.994421072980956,5,1.4547549059562,0.375,53.386390699301565,0.7078008055686951,1.3804629803967763,1.594273215162277
session_20260812_094454_breathing_off_breathing_off_w00060,session_20260812_094454_breathing_off_breathing_off,/Users/jandonyggarofalo/Documents/Desa/UNI/Semestre7/embebidos/esp-csi/examples/get-started/csi_send/data/raw/session_20260812_094454_breathing_off_breathing_off.csv,130.0,138.0,breathing_off,rejected,time_gap,not_evaluated,,755,193.538,,,,,,,,,,,,
session_20260812_094454_breathing_off_breathing_off_w00061,session_20260812_094454_breathing_off_breathing_off,/Users/jandonyggarofalo/Documents/Desa/UNI/Semestre7/embebidos/esp-csi/examples/get-started/csi_send/data/raw/session_20260812_094454_breathing_off_breathing_off.csv,132.0,140.0,breathing_off,rejected,time_gap,not_evaluated,,772,300.717,,,,,,,,,,,,
session_20260812_094454_breathing_off_breathing_off_w00062,session_20260812_094454_breathing_off_breathing_off,/Users/jandonyggarofalo/Documents/Desa/UNI/Semestre7/embebidos/esp-csi/examples/get-started/csi_send/data/raw/session_20260812_094454_breathing_off_breathing_off.csv,134.0,142.0,breathing_off,rejected,time_gap,not_evaluated,,766,300.717,,,,,,,,,,,,
session_20260812_094454_breathing_off_breathing_off_w00063,session_20260812_094454_breathing_off_breathing_off,/Users/jandonyggarofalo/Documents/Desa/UNI/Semestre7/embebidos/esp-csi/examples/get-started/csi_send/data/raw/session_20260812_094454_breathing_off_breathing_off.csv,136.0,144.0,breathing_off,rejected,time_gap,not_evaluated,,774,300.717,,,,,,,,,,,,
session_20260812_094454_breathing_off_breathing_off_w00064,session_20260812_094454_breathing_off_breathing_off,/Users/jandonyggarofalo/Documents/Desa/UNI/Semestre7/embebidos/esp-csi/examples/get-started/csi_send/data/raw/session_20260812_094454_breathing_off_breathing_off.csv,138.0,146.0,breathing_off,accepted,,trusted_breathing,breathing,819,73.057,0.00199367,96.23523644246391,2.8093067839013264,34.25586589328857,137.00234804763082,2,1.0727356555070442,0.125,318.1690965355917,0.7110183238983154,2.1367280104804296,1.594273215162277
session_20260812_094454_breathing_off_breathing_off_w00065,session_20260812_094454_breathing_off_breathing_off,/Users/jandonyggarofalo/Documents/Desa/UNI/Semestre7/embebidos/esp-csi/examples/get-started/csi_send/data/raw/session_20260812_094454_breathing_off_breathing_off.csv,140.0,148.0,breathing_off,accepted,,trusted_breathing,breathing,794,73.057,0.00259761,45.87125659277967,1.0472332744052109,43.80232915993719,30.595600181187184,5,1.4977098301554903,0.125,72.24701522551267,0.607962429523468,1.6615406373161057,1.594273215162277
session_20260812_094454_breathing_off_breathing_off_w00066,session_20260812_094454_breathing_off_breathing_off,/Users/jandonyggarofalo/Documents/Desa/UNI/Semestre7/embebidos/esp-csi/examples/get-started/csi_send/data/raw/session_20260812_094454_breathing_off_breathing_off.csv,142.0,150.0,breathing_off,accepted,,trusted_breathing,breathing,800,37.86,0.00233398,53.14847952788321,1.337354533841571,39.741503231139205,56.048186286094406,4,1.4532580227261271,0.125,92.2608822148564,0.5962457656860352,1.7485615634308118,1.594273215162277
session_20260812_094454_breathing_off_breathing_off_w00067,session_20260812_094454_breathing_off_breathing_off,/Users/jandonyggarofalo/Documents/Desa/UNI/Semestre7/embebidos/esp-csi/examples/get-started/csi_send/data/raw/session_20260812_094454_breathing_off_breathing_off.csv,144.0,152.0,breathing_off,accepted,,trusted_breathing,breathing,795,43.331,0.00340998,26.21638363250195,0.5486546836298074,47.78303077449548,8.458215760170985,7,1.365386738405524,0.375,42.93523760215044,0.5988069772720337,1.4185727835871695,1.594273215162277
session_20260812_094454_breathing_off_breathing_off_w00068,session_20260812_094454_breathing_off_breathing_off,/Users/jandonyggarofalo/Documents/Desa/UNI/Semestre7/embebidos/esp-csi/examples/get-started/csi_send/data/raw/session_20260812_094454_breathing_off_breathing_off.csv,146.0,154.0,breathing_off,accepted,,trusted_breathing,breathing,788,79.16,0.00457051,3.0054854553396892,0.06482630169862041,46.36213043998602,2.909150869658002,4,1.3367225287831113,0.25,6.601422892209493,0.6339880228042603,0.4779146305975771,1.594273215162277
session_20260812_094454_breathing_off_breathing_off_w00069,session_20260812_094454_breathing_off_breathing_off,/Users/jandonyggarofalo/Documents/Desa/UNI/Semestre7/embebidos/esp-csi/examples/get-started/csi_send/data/raw/session_20260812_094454_breathing_off_breathing_off.csv,148.0,156.0,breathing_off,accepted,,trusted_breathing,breathing,802,79.16,0.00853335,8.652425220013864,0.18473844388822847,46.83608369680741,6.1273800565326315,6,1.5514504322614524,0.5,12.908809341353638,0.7189412713050842,0.937137854522046,1.594273215162277
session_20260812_094454_breathing_off_breathing_off_w00070,session_20260812_094454_breathing_off_breathing_off,/Users/jandonyggarofalo/Documents/Desa/UNI/Semestre7/embebidos/esp-csi/examples/get-started/csi_send/data/raw/session_20260812_094454_breathing_off_breathing_off.csv,150.0,158.0,breathing_off,accepted,,trusted_breathing,breathing,798,79.16,0.01080827,27.359779183460404,0.5760647144969256,47.49428058148999,26.506133965950127,6,1.2372277778327814,0.375,58.97699297773664,0.7976372241973877,1.4371125879387505,1.594273215162277
session_20260812_094454_breathing_off_breathing_off_w00071,session_20260812_094454_breathing_off_breathing_off,/Users/jandonyggarofalo/Documents/Desa/UNI/Semestre7/embebidos/esp-csi/examples/get-started/csi_send/data/raw/session_20260812_094454_breathing_off_breathing_off.csv,152.0,160.0,breathing_off,accepted,,trusted_breathing,breathing,789,79.16,0.0139318,23.295081482815963,0.4872161984313961,47.81261698146985,11.034246960098503,6,1.2241081616755034,0.5,43.384756013880725,0.7968955039978027,1.3672642338860164,1.594273215162277
session_20260812_094454_breathing_off_breathing_off_w00072,session_20260812_094454_breathing_off_breathing_off,/Users/jandonyggarofalo/Documents/Desa/UNI/Semestre7/embebidos/esp-csi/examples/get-started/csi_send/data/raw/session_20260812_094454_breathing_off_breathing_off.csv,154.0,162.0,breathing_off,accepted,,trusted_breathing,breathing,789,66.716,0.01554579,104.02483057157865,2.5475591240750104,40.83313693820866,96.15295278298645,5,1.532338103091285,0.125,195.5028479957616,0.7903398275375366,2.017137017116867,1.594273215162277
session_20260812_094454_breathing_off_breathing_off_w00073,session_20260812_094454_breathing_off_breathing_off,/Users/jandonyggarofalo/Documents/Desa/UNI/Semestre7/embebidos/esp-csi/examples/get-started/csi_send/data/raw/session_20260812_094454_breathing_off_breathing_off.csv,156.0,164.0,breathing_off,accepted,,trusted_breathing,breathing,777,66.716,0.01500161,33.734271520185565,0.9369390466355708,36.00476641600651,52.19716288656218,4,1.3620490117104367,0.125,63.45812118700795,0.8097082376480103,1.7176468980943054,1.594273215162277
session_20260812_094454_breathing_off_breathing_off_w00074,session_20260812_094454_breathing_off_breathing_off,/Users/jandonyggarofalo/Documents/Desa/UNI/Semestre7/embebidos/esp-csi/examples/get-started/csi_send/data/raw/session_20260812_094454_breathing_off_breathing_off.csv,158.0,166.0,breathing_off,accepted,,trusted_breathing,breathing,770,66.716,0.01532062,6.924516125958252,0.15199538114291114,45.55741150714332,6.244876642006832,5,1.4194178003027371,0.375,13.451021284097823,0.7547436356544495,0.8403894309974367,1.594273215162277
session_20260812_094454_breathing_off_breathing_off_w00075,session_20260812_094454_breathing_off_breathing_off,/Users/jandonyggarofalo/Documents/Desa/UNI/Semestre7/embebidos/esp-csi/examples/get-started/csi_send/data/raw/session_20260812_094454_breathing_off_breathing_off.csv,160.0,168.0,breathing_off,rejected,too_many_amplitude_outliers,not_evaluated,,771,88.805,0.02201889,,,,,,,,,,,
session_20260812_094454_breathing_off_breathing_off_w00076,session_20260812_094454_breathing_off_breathing_off,/Users/jandonyggarofalo/Documents/Desa/UNI/Semestre7/embebidos/esp-csi/examples/get-started/csi_send/data/raw/session_20260812_094454_breathing_off_breathing_off.csv,162.0,170.0,breathing_off,rejected,time_gap,not_evaluated,,739,220.739,,,,,,,,,,,,
session_20260812_094454_breathing_off_breathing_off_w00077,session_20260812_094454_breathing_off_breathing_off,/Users/jandonyggarofalo/Documents/Desa/UNI/Semestre7/embebidos/esp-csi/examples/get-started/csi_send/data/raw/session_20260812_094454_breathing_off_breathing_off.csv,164.0,172.0,breathing_off,rejected,time_gap,not_evaluated,,699,275.62,,,,,,,,,,,,
session_20260812_094454_breathing_off_breathing_off_w00078,session_20260812_094454_breathing_off_breathing_off,/Users/jandonyggarofalo/Documents/Desa/UNI/Semestre7/embebidos/esp-csi/examples/get-started/csi_send/data/raw/session_20260812_094454_breathing_off_breathing_off.csv,166.0,174.0,breathing_off,rejected,time_gap,not_evaluated,,661,292.691,,,,,,,,,,,,
session_20260812_094454_breathing_off_breathing_off_w00079,session_20260812_094454_breathing_off_breathing_off,/Users/jandonyggarofalo/Documents/Desa/UNI/Semestre7/embebidos/esp-csi/examples/get-started/csi_send/data/raw/session_20260812_094454_breathing_off_breathing_off.csv,168.0,176.0,breathing_off,rejected,time_gap,not_evaluated,,549,822.694,,,,,,,,,,,,
session_20260812_094809_breathing_off_breathing_off_w00000,session_20260812_094809_breathing_off_breathing_off,/Users/jandonyggarofalo/Documents/Desa/UNI/Semestre7/embebidos/esp-csi/examples/get-started/csi_send/data/raw/session_20260812_094809_breathing_off_breathing_off.csv,10.0,18.0,breathing_off,rejected,insufficient_samples,not_evaluated,,31,,,,,,,,,,,,,
session_20260812_094809_breathing_off_breathing_off_w00001,session_20260812_094809_breathing_off_breathing_off,/Users/jandonyggarofalo/Documents/Desa/UNI/Semestre7/embebidos/esp-csi/examples/get-started/csi_send/data/raw/session_20260812_094809_breathing_off_breathing_off.csv,12.0,20.0,breathing_off,rejected,insufficient_samples,not_evaluated,,267,,,,,,,,,,,,,
session_20260812_094809_breathing_off_breathing_off_w00002,session_20260812_094809_breathing_off_breathing_off,/Users/jandonyggarofalo/Documents/Desa/UNI/Semestre7/embebidos/esp-csi/examples/get-started/csi_send/data/raw/session_20260812_094809_breathing_off_breathing_off.csv,14.0,22.0,breathing_off,accepted,,trusted_breathing,breathing,436,38.971,0.0146574,10.84197208214545,0.21883114936584608,49.544921340106335,2.5690853034284187,6,1.2674194261303329,0.375,18.53233652775507,0.7513608336448669,1.0351082846467197,1.364881818025916
session_20260812_094809_breathing_off_breathing_off_w00003,session_20260812_094809_breathing_off_breathing_off,/Users/jandonyggarofalo/Documents/Desa/UNI/Semestre7/embebidos/esp-csi/examples/get-started/csi_send/data/raw/session_20260812_094809_breathing_off_breathing_off.csv,16.0,24.0,breathing_off,accepted,,trusted_breathing,breathing,640,38.971,0.01209717,7.520749526507229,0.1585071687593824,47.44737783990361,4.0328928267673305,6,1.195850446533776,0.375,16.4851441084608,0.7647973299026489,0.8762611250338517,1.364881818025916
session_20260812_094809_breathing_off_breathing_off_w00004,session_20260812_094809_breathing_off_breathing_off,/Users/jandonyggarofalo/Documents/Desa/UNI/Semestre7/embebidos/esp-csi/examples/get-started/csi_send/data/raw/session_20260812_094809_breathing_off_breathing_off.csv,18.0,26.0,breathing_off,accepted,,trusted_breathing,breathing,842,46.274,0.01015996,10.293018066231175,0.23742280461241527,43.35311463863308,6.782362922218524,5,1.4521657960188903,0.125,22.27144180992643,0.7624024748802185,1.0125427350470937,1.364881818025916
session_20260812_094809_breathing_off_breathing_off_w00005,session_20260812_094809_breathing_off_breathing_off,/Users/jandonyggarofalo/Documents/Desa/UNI/Semestre7/embebidos/esp-csi/examples/get-started/csi_send/data/raw/session_20260812_094809_breathing_off_breathing_off.csv,20.0,28.0,breathing_off,accepted,,trusted_breathing,breathing,806,46.274,0.00816145,9.279831718515078,0.23440529935940438,39.5888307296632,14.760620187475128,5,1.7039914476969507,0.25,14.213879242550167,0.7896372675895691,1.1527126214682737,1.364881818025916
session_20260812_094809_breathing_off_breathing_off_w00006,session_20260812_094809_breathing_off_breathing_off,/Users/jandonyggarofalo/Documents/Desa/UNI/Semestre7/embebidos/esp-csi/examples/get-started/csi_send/data/raw/session_20260812_094809_breathing_off_breathing_off.csv,22.0,30.0,breathing_off,accepted,,trusted_breathing,breathing,810,57.1,0.00552662,17.192806234136498,0.3702398887304744,46.436936584663904,5.1641531091151895,7,1.59275312546846,0.5,19.536674822722844,0.7584749460220337,1.2353467686320119,1.364881818025916
session_20260812_094809_breathing_off_breathing_off_w00007,session_20260812_094809_breathing_off_breathing_off,/Users/jandonyggarofalo/Documents/Desa/UNI/Semestre7/embebidos/esp-csi/examples/get-started/csi_send/data/raw/session_20260812_094809_breathing_off_breathing_off.csv,24.0,32.0,breathing_off,accepted,,trusted_breathing,breathing,810,57.1,0.00753279,13.70592511871761,0.2963337336065284,46.25165333647121,8.855464019171944,4,1.3169188246170482,0.125,26.462473149325312,0.7678630352020264,1.1369083547529255,1.364881818025916
session_20260812_094809_breathing_off_breathing_off_w00008,session_20260812_094809_breathing_off_breathing_off,/Users/jandonyggarofalo/Documents/Desa/UNI/Semestre7/embebidos/esp-csi/examples/get-started/csi_send/data/raw/session_20260812_094809_breathing_off_breathing_off.csv,26.0,34.0,breathing_off,accepted,,trusted_breathing,breathing,812,57.1,0.00883236,105.7801016769093,2.92291257493147,36.189964278816376,112.83537153202319,2,1.1622838187791034,0.125,305.0334074665297,0.7859071493148804,2.0524452632390164,1.364881818025916
session_20260812_094809_breathing_off_breathing_off_w00009,session_20260812_094809_breathing_off_breathing_off,/Users/jandonyggarofalo/Documents/Desa/UNI/Semestre7/embebidos/esp-csi/examples/get-started/csi_send/data/raw/session_20260812_094809_breathing_off_breathing_off.csv,28.0,36.0,breathing_off,accepted,,trusted_breathing,breathing,815,57.1,0.01074578,6.515782766009984,0.13012106280422756,50.074773641859736,4.831205409937519,3,1.2996034137721189,0.125,10.448912490219527,0.7354429364204407,0.8139665966470021,1.364881818025916
session_20260812_094809_breathing_off_breathing_off_w00010,session_20260812_094809_breathing_off_breathing_off,/Users/jandonyggarofalo/Documents/Desa/UNI/Semestre7/embebidos/esp-csi/examples/get-started/csi_send/data/raw/session_20260812_094809_breathing_off_breathing_off.csv,30.0,38.0,breathing_off,accepted,,trusted_breathing,breathing,814,31.055,0.01078778,3.149299115318219,0.0657408425327723,47.90475743751481,2.9009288680260217,5,1.2713429730427777,0.375,6.672926000384758,0.7409319877624512,0.498213911180638,1.364881818025916
session_20260812_094809_breathing_off_breathing_off_w00011,session_20260812_094809_breathing_off_breathing_off,/Users/jandonyggarofalo/Documents/Desa/UNI/Semestre7/embebidos/esp-csi/examples/get-started/csi_send/data/raw/session_20260812_094809_breathing_off_breathing_off.csv,32.0,40.0,breathing_off,accepted,,trusted_breathing,breathing,808,42.054,0.00846032,10.519687065098788,0.2896907288703056,36.31350960414109,13.202591576127265,3,1.0884230823421908,0.125,35.82379330856922,0.6990115642547607,1.120659188534647,1.364881818025916
session_20260812_094809_breathing_off_breathing_off_w00012,session_20260812_094809_breathing_off_breathing_off,/Users/jandonyggarofalo/Documents/Desa/UNI/Semestre7/embebidos/esp-csi/examples/get-started/csi_send/data/raw/session_20260812_094809_breathing_off_breathing_off.csv,34.0,42.0,breathing_off,accepted,,trusted_breathing,breathing,795,42.054,0.0099941,14.756342197802208,0.337374067148109,43.73881585652627,13.249505970649894,3,1.426428338558256,0.25,28.443489617471784,0.7285580039024353,1.168978717908416,1.364881818025916
session_20260812_094809_breathing_off_breathing_off_w00013,session_20260812_094809_breathing_off_breathing_off,/Users/jandonyggarofalo/Documents/Desa/UNI/Semestre7/embebidos/esp-csi/examples/get-started/csi_send/data/raw/session_20260812_094809_breathing_off_breathing_off.csv,36.0,44.0,breathing_off,accepted,,trusted_breathing,breathing,797,68.678,0.00635194,103.10449904284964,2.6400674416727203,39.053736815709755,88.74949988676701,3,1.3054557700675096,0.125,250.41745164472127,0.72732013463974,2.013277616465409,1.364881818025916
session_20260812_094809_breathing_off_breathing_off_w00014,session_20260812_094809_breathing_off_breathing_off,/Users/jandonyggarofalo/Documents/Desa/UNI/Semestre7/embebidos/esp-csi/examples/get-started/csi_send/data/raw/session_20260812_094809_breathing_off_breathing_off.csv,38.0,46.0,breathing_off,accepted,,trusted_breathing,breathing,794,68.678,0.00624803,28.869720773809533,0.8146017836318651,35.44028671906383,40.954361201010414,3,1.2774019309416587,0.125,76.7151465237023,0.7291938066482544,1.6123001562718307,1.364881818025916
session_20260812_094809_breathing_off_breathing_off_w00015,session_20260812_094809_breathing_off_breathing_off,/Users/jandonyggarofalo/Documents/Desa/UNI/Semestre7/embebidos/esp-csi/examples/get-started/csi_send/data/raw/session_20260812_094809_breathing_off_breathing_off.csv,40.0,48.0,breathing_off,accepted,,trusted_breathing,breathing,798,68.678,0.00706845,44.31177240735944,1.1340044301245578,39.075484389821305,35.82458828374875,2,1.1826506883925667,0.125,124.46839407404454,0.7474073171615601,1.6465191215356005,1.364881818025916
session_20260812_094809_breathing_off_breathing_off_w00016,session_20260812_094809_breathing_off_breathing_off,/Users/jandonyggarofalo/Documents/Desa/UNI/Semestre7/embebidos/esp-csi/examples/get-started/csi_send/data/raw/session_20260812_094809_breathing_off_breathing_off.csv,42.0,50.0,breathing_off,accepted,,trusted_breathing,breathing,803,39.912,0.00560399,49.36895661430584,1.4670456187742589,33.65195736416211,87.9020664367321,4,1.3254735028323932,0.125,134.43160066627865,0.7276110053062439,1.943999084761162,1.364881818025916
session_20260812_094809_breathing_off_breathing_off_w00017,session_20260812_094809_breathing_off_breathing_off,/Users/jandonyggarofalo/Documents/Desa/UNI/Semestre7/embebidos/esp-csi/examples/get-started/csi_send/data/raw/session_20260812_094809_breathing_off_breathing_off.csv,44.0,52.0,breathing_off,accepted,,trusted_breathing,breathing,804,34.377,0.01029035,24.100577494357687,0.4882912183630874,49.35697507545064,10.578553031777519,6,0.9957559940764932,0.375,56.480905393283976,0.7857467532157898,1.382027449197625,1.364881818025916
session_20260812_094809_breathing_off_breathing_off_w00018,session_20260812_094809_breathing_off_breathing_off,/Users/jandonyggarofalo/Documents/Desa/UNI/Semestre7/embebidos/esp-csi/examples/get-started/csi_send/data/raw/session_20260812_094809_breathing_off_breathing_off.csv,46.0,54.0,breathing_off,accepted,,trusted_breathing,breathing,803,39.081,0.01355269,12.618445294718512,0.2537680982496757,49.724316735249495,7.732743393630523,6,0.9101542169813481,0.375,27.4963718110488,0.8196424841880798,1.1010058492410848,1.364881818025916
session_20260812_094809_breathing_off_breathing_off_w00019,session_20260812_094809_breathing_off_breathing_off,/Users/jandonyggarofalo/Documents/Desa/UNI/Semestre7/embebidos/esp-csi/examples/get-started/csi_send/data/raw/session_20260812_094809_breathing_off_breathing_off.csv,48.0,56.0,breathing_off,accepted,,trusted_breathing,breathing,800,71.053,0.01422852,11.247693369335433,0.2545560134444795,44.18553393060758,7.093852028355862,6,1.5136656873306766,0.5,17.996588941496547,0.8214189410209656,1.0510634682535989,1.364881818025916
session_20260812_094809_breathing_off_breathing_off_w00020,session_20260812_094809_breathing_off_breathing_off,/Users/jandonyggarofalo/Documents/Desa/UNI/Semestre7/embebidos/esp-csi/examples/get-started/csi_send/data/raw/session_20260812_094809_breathing_off_breathing_off.csv,50.0,58.0,breathing_off,accepted,,trusted_breathing,breathing,804,71.053,0.01224347,17.23782144040456,0.4283338399250164,40.243893509282266,11.45331251943453,3,1.472814146481097,0.125,34.44292831053003,0.8396779894828796,1.2364823777186589,1.364881818025916
session_20260812_094809_breathing_off_breathing_off_w00021,session_20260812_094809_breathing_off_breathing_off,/Users/jandonyggarofalo/Documents/Desa/UNI/Semestre7/embebidos/esp-csi/examples/get-started/csi_send/data/raw/session_20260812_094809_breathing_off_breathing_off.csv,52.0,60.0,breathing_off,accepted,,trusted_breathing,breathing,796,71.053,0.01265115,10.668590172996296,0.24219747395303312,44.04913890646563,10.211426345254681,6,1.3580826919236766,0.375,20.107840034639032,0.8312066793441772,1.028107032307173,1.364881818025916
session_20260812_094809_breathing_off_breathing_off_w00022,session_20260812_094809_breathing_off_breathing_off,/Users/jandonyggarofalo/Documents/Desa/UNI/Semestre7/embebidos/esp-csi/examples/get-started/csi_send/data/raw/session_20260812_094809_breathing_off_breathing_off.csv,54.0,62.0,breathing_off,accepted,,trusted_breathing,breathing,805,71.053,0.01381017,7.889584728943467,0.1592655365660999,49.537300404092875,2.942321320946986,4,1.1229091032111844,0.375,15.634322293101775,0.8049032092094421,0.8970541445688348,1.364881818025916
session_20260812_094809_breathing_off_breathing_off_w00023,session_20260812_094809_breathing_off_breathing_off,/Users/jandonyggarofalo/Documents/Desa/UNI/Semestre7/embebidos/esp-csi/examples/get-started/csi_send/data/raw/session_20260812_094809_breathing_off_breathing_off.csv,56.0,64.0,breathing_off,accepted,,trusted_breathing,breathing,804,37.115,0.0181903,15.066826004069734,0.37381847042784855,40.305194087346486,15.974989078028438,6,1.4233546924940061,0.125,35.06732816334629,0.8338351845741272,1.2034405699069217,1.364881818025916
session_20260812_094809_breathing_off_breathing_off_w00024,session_20260812_094809_breathing_off_breathing_off,/Users/jandonyggarofalo/Documents/Desa/UNI/Semestre7/embebidos/esp-csi/examples/get-started/csi_send/data/raw/session_20260812_094809_breathing_off_breathing_off.csv,58.0,66.0,breathing_off,rejected,too_many_amplitude_outliers,not_evaluated,,804,46.576,0.02068758,,,,,,,,,,,
session_20260812_094809_breathing_off_breathing_off_w00025,session_20260812_094809_breathing_off_breathing_off,/Users/jandonyggarofalo/Documents/Desa/UNI/Semestre7/embebidos/esp-csi/examples/get-started/csi_send/data/raw/session_20260812_094809_breathing_off_breathing_off.csv,60.0,68.0,breathing_off,accepted,,trusted_breathing,breathing,809,46.576,0.017624,16.205400768271357,0.49099287310974943,33.005368622969876,27.5451954597241,2,1.1088968431012152,0.125,45.964707540376466,0.8352838754653931,1.4400458584584368,1.364881818025916
session_20260812_094809_breathing_off_breathing_off_w00026,session_20260812_094809_breathing_off_breathing_off,/Users/jandonyggarofalo/Documents/Desa/UNI/Semestre7/embebidos/esp-csi/examples/get-started/csi_send/data/raw/session_20260812_094809_breathing_off_breathing_off.csv,62.0,70.0,breathing_off,accepted,,trusted_breathing,breathing,805,86.694,0.01362578,167.8077882553946,4.69025848121731,35.77794036882291,201.6319859838678,2,1.0723843386381469,0.125,524.3779825047421,0.8777453303337097,2.304559427745734,1.364881818025916
session_20260812_094809_breathing_off_breathing_off_w00027,session_20260812_094809_breathing_off_breathing_off,/Users/jandonyggarofalo/Documents/Desa/UNI/Semestre7/embebidos/esp-csi/examples/get-started/csi_send/data/raw/session_20260812_094809_breathing_off_breathing_off.csv,64.0,72.0,breathing_off,accepted,,trusted_breathing,breathing,810,86.694,0.0117284,23.16764116942133,0.5638882601419188,41.08551783566027,15.401276822260833,3,1.1185652874813636,0.125,61.09475076861442,0.8612485527992249,1.364881818025916,1.364881818025916
session_20260812_094809_breathing_off_breathing_off_w00028,session_20260812_094809_breathing_off_breathing_off,/Users/jandonyggarofalo/Documents/Desa/UNI/Semestre7/embebidos/esp-csi/examples/get-started/csi_send/data/raw/session_20260812_094809_breathing_off_breathing_off.csv,66.0,74.0,breathing_off,accepted,,trusted_breathing,breathing,808,86.694,0.01003636,40.65335990111229,0.9992710196910812,40.68301701938615,28.707418528426626,3,1.3035780116748608,0.125,89.1612476194294,0.8499079942703247,1.6090964447938625,1.364881818025916
session_20260812_094809_breathing_off_breathing_off_w00029,session_20260812_094809_breathing_off_breathing_off,/Users/jandonyggarofalo/Documents/Desa/UNI/Semestre7/embebidos/esp-csi/examples/get-started/csi_send/data/raw/session_20260812_094809_breathing_off_breathing_off.csv,68.0,76.0,breathing_off,accepted,,trusted_breathing,breathing,807,86.694,0.00982613,8.529074595179384,0.25598120431887517,33.31914394980898,18.637695338510934,4,1.5347480518411474,0.125,16.585824371737246,0.8110003471374512,1.2197370623010484,1.364881818025916
session_20260812_094809_breathing_off_breathing_off_w00030,session_20260812_094809_breathing_off_breathing_off,/Users/jandonyggarofalo/Documents/Desa/UNI/Semestre7/embebidos/esp-csi/examples/get-started/csi_send/data/raw/session_20260812_094809_breathing_off_breathing_off.csv,70.0,78.0,breathing_off,accepted,,trusted_breathing,breathing,802,45.974,0.00858206,51.16973194390526,1.2572545055135382,40.699581285623445,42.417773951863325,4,1.3937635903059558,0.125,108.08856369363652,0.8324609994888306,1.7090131418971266,1.364881818025916
session_20260812_094809_breathing_off_breathing_off_w00031,session_20260812_094809_breathing_off_breathing_off,/Users/jandonyggarofalo/Documents/Desa/UNI/Semestre7/embebidos/esp-csi/examples/get-started/csi_send/data/raw/session_20260812_094809_breathing_off_breathing_off.csv,72.0,80.0,breathing_off,accepted,,trusted_breathing,breathing,804,45.974,0.00543183,9.676399890253721,0.19867405513345016,48.70489950842016,4.744326180760502,5,1.1809240603338886,0.375,22.448579273104805,0.8091544508934021,0.9857138078649523,1.364881818025916
session_20260812_094809_breathing_off_breathing_off_w00032,session_20260812_094809_breathing_off_breathing_off,/Users/jandonyggarofalo/Documents/Desa/UNI/Semestre7/embebidos/esp-csi/examples/get-started/csi_send/data/raw/session_20260812_094809_breathing_off_breathing_off.csv,74.0,82.0,breathing_off,accepted,,trusted_breathing,breathing,798,45.974,0.00510064,4.944512728894393,0.11187149823251129,44.19814525567207,2.8753028069979756,4,1.5602996799418969,0.375,6.074783414969022,0.793998658657074,0.6941234992539494,1.364881818025916
session_20260812_094809_breathing_off_breathing_off_w00033,session_20260812_094809_breathing_off_breathing_off,/Users/jandonyggarofalo/Documents/Desa/UNI/Semestre7/embebidos/esp-csi/examples/get-started/csi_send/data/raw/session_20260812_094809_breathing_off_breathing_off.csv,76.0,84.0,breathing_off,rejected,time_gap,not_evaluated,,804,106.126,,,,,,,,,,,,
session_20260812_094809_breathing_off_breathing_off_w00034,session_20260812_094809_breathing_off_breathing_off,/Users/jandonyggarofalo/Documents/Desa/UNI/Semestre7/embebidos/esp-csi/examples/get-started/csi_send/data/raw/session_20260812_094809_breathing_off_breathing_off.csv,78.0,86.0,breathing_off,rejected,time_gap,not_evaluated,,807,106.126,,,,,,,,,,,,
session_20260812_094809_breathing_off_breathing_off_w00035,session_20260812_094809_breathing_off_breathing_off,/Users/jandonyggarofalo/Documents/Desa/UNI/Semestre7/embebidos/esp-csi/examples/get-started/csi_send/data/raw/session_20260812_094809_breathing_off_breathing_off.csv,80.0,88.0,breathing_off,rejected,time_gap,not_evaluated,,803,106.126,,,,,,,,,,,,
session_20260812_094809_breathing_off_breathing_off_w00036,session_20260812_094809_breathing_off_breathing_off,/Users/jandonyggarofalo/Documents/Desa/UNI/Semestre7/embebidos/esp-csi/examples/get-started/csi_send/data/raw/session_20260812_094809_breathing_off_breathing_off.csv,82.0,90.0,breathing_off,rejected,time_gap,not_evaluated,,811,104.641,,,,,,,,,,,,
session_20260812_094809_breathing_off_breathing_off_w00037,session_20260812_094809_breathing_off_breathing_off,/Users/jandonyggarofalo/Documents/Desa/UNI/Semestre7/embebidos/esp-csi/examples/get-started/csi_send/data/raw/session_20260812_094809_breathing_off_breathing_off.csv,84.0,92.0,breathing_off,accepted,,trusted_breathing,breathing,806,30.281,0.0121937,7.53059432375205,0.1613176260273949,46.681782450893024,6.4931140303335635,5,1.314823475162382,0.375,16.678370207778617,0.780241847038269,0.8768292526071955,1.364881818025916
session_20260812_094809_breathing_off_breathing_off_w00038,session_20260812_094809_breathing_off_breathing_off,/Users/jandonyggarofalo/Documents/Desa/UNI/Semestre7/embebidos/esp-csi/examples/get-started/csi_send/data/raw/session_20260812_094809_breathing_off_breathing_off.csv,86.0,94.0,breathing_off,accepted,,trusted_breathing,breathing,800,30.281,0.01042969,24.498975806116093,0.7463255419220493,32.82612537015662,45.32307367232063,2,1.0292968703457432,0.125,78.20031570356177,0.7662095427513123,1.65631935471439,1.364881818025916
session_20260812_094809_breathing_off_breathing_off_w00039,session_20260812_094809_breathing_off_breathing_off,/Users/jandonyggarofalo/Documents/Desa/UNI/Semestre7/embebidos/esp-csi/examples/get-started/csi_send/data/raw/session_20260812_094809_breathing_off_breathing_off.csv,88.0,96.0,breathing_off,accepted,,trusted_breathing,breathing,794,42.883,0.00933761,138.49932163464513,3.670974500268042,37.72821675129987,155.48535162364183,3,1.0502010204949654,0.125,416.0859977333704,0.5545937418937683,2.1916894801237454,1.364881818025916
session_20260812_094809_breathing_off_breathing_off_w00040,session_20260812_094809_breathing_off_breathing_off,/Users/jandonyggarofalo/Documents/Desa/UNI/Semestre7/embebidos/esp-csi/examples/get-started/csi_send/data/raw/session_20260812_094809_breathing_off_breathing_off.csv,90.0,98.0,breathing_off,accepted,,trusted_breathing,breathing,785,42.883,0.0098328,5.850908730313631,0.1375030295923686,42.551125946942804,3.314888557074006,4,1.3106472980058919,0.125,13.68937927749661,0.6451804041862488,0.7672233235029795,1.364881818025916
session_20260812_094809_breathing_off_breathing_off_w00041,session_20260812_094809_breathing_off_breathing_off,/Users/jandonyggarofalo/Documents/Desa/UNI/Semestre7/embebidos/esp-csi/examples/get-started/csi_send/data/raw/session_20260812_094809_breathing_off_breathing_off.csv,92.0,100.0,breathing_off,accepted,,trusted_breathing,breathing,778,42.883,0.00492047,6.158009425020884,0.14651975229300104,42.02852740744779,6.689270534656581,7,1.645607577878633,0.125,7.717797257302162,0.5864410400390625,0.8253787605113202,1.364881818025916
session_20260812_094809_breathing_off_breathing_off_w00042,session_20260812_094809_breathing_off_breathing_off,/Users/jandonyggarofalo/Documents/Desa/UNI/Semestre7/embebidos/esp-csi/examples/get-started/csi_send/data/raw/session_20260812_094809_breathing_off_breathing_off.csv,94.0,102.0,breathing_off,rejected,time_gap,not_evaluated,,764,321.014,,,,,,,,,,,,
session_20260812_094809_breathing_off_breathing_off_w00043,session_20260812_094809_breathing_off_breathing_off,/Users/jandonyggarofalo/Documents/Desa/UNI/Semestre7/embebidos/esp-csi/examples/get-started/csi_send/data/raw/session_20260812_094809_breathing_off_breathing_off.csv,96.0,104.0,breathing_off,rejected,time_gap,not_evaluated,,732,333.882,,,,,,,,,,,,
session_20260812_094809_breathing_off_breathing_off_w00044,session_20260812_094809_breathing_off_breathing_off,/Users/jandonyggarofalo/Documents/Desa/UNI/Semestre7/embebidos/esp-csi/examples/get-started/csi_send/data/raw/session_20260812_094809_breathing_off_breathing_off.csv,98.0,106.0,breathing_off,rejected,time_gap,not_evaluated,,699,333.882,,,,,,,,,,,,
session_20260812_094809_breathing_off_breathing_off_w00045,session_20260812_094809_breathing_off_breathing_off,/Users/jandonyggarofalo/Documents/Desa/UNI/Semestre7/embebidos/esp-csi/examples/get-started/csi_send/data/raw/session_20260812_094809_breathing_off_breathing_off.csv,100.0,108.0,breathing_off,rejected,time_gap,not_evaluated,,644,704.03,,,,,,,,,,,,
session_20260812_094809_breathing_off_breathing_off_w00046,session_20260812_094809_breathing_off_breathing_off,/Users/jandonyggarofalo/Documents/Desa/UNI/Semestre7/embebidos/esp-csi/examples/get-started/csi_send/data/raw/session_20260812_094809_breathing_off_breathing_off.csv,102.0,110.0,breathing_off,rejected,time_gap,not_evaluated,,465,704.03,,,,,,,,,,,,
session_20260812_094809_breathing_off_breathing_off_w00047,session_20260812_094809_breathing_off_breathing_off,/Users/jandonyggarofalo/Documents/Desa/UNI/Semestre7/embebidos/esp-csi/examples/get-started/csi_send/data/raw/session_20260812_094809_breathing_off_breathing_off.csv,104.0,112.0,breathing_off,rejected,time_gap,not_evaluated,,332,3583.913,,,,,,,,,,,,
session_20260812_094809_breathing_off_breathing_off_w00048,session_20260812_094809_breathing_off_breathing_off,/Users/jandonyggarofalo/Documents/Desa/UNI/Semestre7/embebidos/esp-csi/examples/get-started/csi_send/data/raw/session_20260812_094809_breathing_off_breathing_off.csv,106.0,114.0,breathing_off,rejected,insufficient_samples,not_evaluated,,234,,,,,,,,,,,,,
session_20260812_094809_breathing_off_breathing_off_w00049,session_20260812_094809_breathing_off_breathing_off,/Users/jandonyggarofalo/Documents/Desa/UNI/Semestre7/embebidos/esp-csi/examples/get-started/csi_send/data/raw/session_20260812_094809_breathing_off_breathing_off.csv,108.0,116.0,breathing_off,rejected,insufficient_samples,not_evaluated,,93,,,,,,,,,,,,,
session_20260812_094809_breathing_off_breathing_off_w00050,session_20260812_094809_breathing_off_breathing_off,/Users/jandonyggarofalo/Documents/Desa/UNI/Semestre7/embebidos/esp-csi/examples/get-started/csi_send/data/raw/session_20260812_094809_breathing_off_breathing_off.csv,110.0,118.0,breathing_off,rejected,insufficient_samples,not_evaluated,,272,,,,,,,,,,,,,
session_20260812_094809_breathing_off_breathing_off_w00051,session_20260812_094809_breathing_off_breathing_off,/Users/jandonyggarofalo/Documents/Desa/UNI/Semestre7/embebidos/esp-csi/examples/get-started/csi_send/data/raw/session_20260812_094809_breathing_off_breathing_off.csv,112.0,120.0,breathing_off,rejected,time_gap,not_evaluated,,438,3580.253,,,,,,,,,,,,
session_20260812_094809_breathing_off_breathing_off_w00052,session_20260812_094809_breathing_off_breathing_off,/Users/jandonyggarofalo/Documents/Desa/UNI/Semestre7/embebidos/esp-csi/examples/get-started/csi_send/data/raw/session_20260812_094809_breathing_off_breathing_off.csv,114.0,122.0,breathing_off,accepted,,trusted_breathing,breathing,573,67.589,0.01428883,69.2355377869379,1.4194231809616253,48.777234806031345,28.154327593383424,4,1.4131188484214556,0.25,110.08127780057502,0.721125602722168,1.8403290699347654,1.364881818025916
session_20260812_094809_breathing_off_breathing_off_w00053,session_20260812_094809_breathing_off_breathing_off,/Users/jandonyggarofalo/Documents/Desa/UNI/Semestre7/embebidos/esp-csi/examples/get-started/csi_send/data/raw/session_20260812_094809_breathing_off_breathing_off.csv,116.0,124.0,breathing_off,accepted,,trusted_breathing,breathing,765,67.589,0.01170343,28.43964898593954,0.7714320522337801,36.86604530308539,46.3465010171669,7,1.5807226018834206,0.125,59.174576537347306,0.6864421367645264,1.6660169521526544,1.364881818025916
session_20260812_094809_breathing_off_breathing_off_w00054,session_20260812_094809_breathing_off_breathing_off,/Users/jandonyggarofalo/Documents/Desa/UNI/Semestre7/embebidos/esp-csi/examples/get-started/csi_send/data/raw/session_20260812_094809_breathing_off_breathing_off.csv,118.0,126.0,breathing_off,accepted,,trusted_breathing,breathing,779,50.142,0.00523508,30.81881296032862,0.6579766495775744,46.83876392888361,10.39845987885255,6,1.4588467927725892,0.375,51.367003918624796,0.7075170278549194,1.488815907104442,1.364881818025916
session_20260812_094809_breathing_off_breathing_off_w00055,session_20260812_094809_breathing_off_breathing_off,/Users/jandonyggarofalo/Documents/Desa/UNI/Semestre7/embebidos/esp-csi/examples/get-started/csi_send/data/raw/session_20260812_094809_breathing_off_breathing_off.csv,120.0,128.0,breathing_off,accepted,,trusted_breathing,breathing,783,50.142,0.00556753,15.940214821155902,0.3367849961363964,47.33053729820214,8.134944962424948,4,1.4297773191867387,0.375,30.519879984849446,0.7299385070800781,1.2024941699468175,1.364881818025916
session_20260812_094809_breathing_off_breathing_off_w00056,session_20260812_094809_breathing_off_breathing_off,/Users/jandonyggarofalo/Documents/Desa/UNI/Semestre7/embebidos/esp-csi/examples/get-started/csi_send/data/raw/session_20260812_094809_breathing_off_breathing_off.csv,122.0,130.0,breathing_off,accepted,,trusted_breathing,breathing,789,50.142,0.00534696,20.914586721289755,0.45766198899784327,45.69876289495088,26.6973362681473,5,1.323100141437171,0.375,40.057449207616706,0.611078679561615,1.4264679317108406,1.364881818025916
session_20260812_094809_breathing_off_breathing_off_w00057,session_20260812_094809_breathing_off_breathing_off,/Users/jandonyggarofalo/Documents/Desa/UNI/Semestre7/embebidos/esp-csi/examples/get-started/csi_send/data/raw/session_20260812_094809_breathing_off_breathing_off.csv,124.0,132.0,breathing_off,accepted,,trusted_breathing,breathing,795,47.931,0.00967964,45.09568372038745,1.4061544437988673,32.07022096273071,96.95261371050663,4,1.1275929425015758,0.125,141.57094225323326,0.6680679321289062,1.9865595215606753,1.364881818025916
session_20260812_094809_breathing_off_breathing_off_w00058,session_20260812_094809_breathing_off_breathing_off,/Users/jandonyggarofalo/Documents/Desa/UNI/Semestre7/embebidos/esp-csi/examples/get-started/csi_send/data/raw/session_20260812_094809_breathing_off_breathing_off.csv,126.0,134.0,breathing_off,accepted,,trusted_breathing,breathing,802,43.994,0.00886456,31.05493492129849,0.7699281167182979,40.33484976964488,24.28029012755337,3,1.2182537244844756,0.125,72.83231847431782,0.6735807657241821,1.492130623475302,1.364881818025916
session_20260812_094809_breathing_off_breathing_off_w00059,session_20260812_094809_breathing_off_breathing_off,/Users/jandonyggarofalo/Documents/Desa/UNI/Semestre7/embebidos/esp-csi/examples/get-started/csi_send/data/raw/session_20260812_094809_breathing_off_breathing_off.csv,128.0,136.0,breathing_off,accepted,,trusted_breathing,breathing,798,58.025,0.00848802,13.938135013175893,0.2986172104407628,46.67559178038116,15.278125902217067,3,1.552114385774047,0.125,18.96645557830391,0.7488994002342224,1.1840700845902912,1.364881818025916
session_20260812_094809_breathing_off_breathing_off_w00060,session_20260812_094809_breathing_off_breathing_off,/Users/jandonyggarofalo/Documents/Desa/UNI/Semestre7/embebidos/esp-csi/examples/get-started/csi_send/data/raw/session_20260812_094809_breathing_off_breathing_off.csv,130.0,138.0,breathing_off,rejected,time_gap,not_evaluated,,825,289.0,,,,,,,,,,,,
session_20260812_094809_breathing_off_breathing_off_w00061,session_20260812_094809_breathing_off_breathing_off,/Users/jandonyggarofalo/Documents/Desa/UNI/Semestre7/embebidos/esp-csi/examples/get-started/csi_send/data/raw/session_20260812_094809_breathing_off_breathing_off.csv,132.0,140.0,breathing_off,rejected,time_gap,not_evaluated,,825,289.0,,,,,,,,,,,,
session_20260812_094809_breathing_off_breathing_off_w00062,session_20260812_094809_breathing_off_breathing_off,/Users/jandonyggarofalo/Documents/Desa/UNI/Semestre7/embebidos/esp-csi/examples/get-started/csi_send/data/raw/session_20260812_094809_breathing_off_breathing_off.csv,134.0,142.0,breathing_off,rejected,time_gap,not_evaluated,,819,289.0,,,,,,,,,,,,
session_20260812_094809_breathing_off_breathing_off_w00063,session_20260812_094809_breathing_off_breathing_off,/Users/jandonyggarofalo/Documents/Desa/UNI/Semestre7/embebidos/esp-csi/examples/get-started/csi_send/data/raw/session_20260812_094809_breathing_off_breathing_off.csv,136.0,144.0,breathing_off,rejected,time_gap,not_evaluated,,823,289.0,,,,,,,,,,,,
session_20260812_094809_breathing_off_breathing_off_w00064,session_20260812_094809_breathing_off_breathing_off,/Users/jandonyggarofalo/Documents/Desa/UNI/Semestre7/embebidos/esp-csi/examples/get-started/csi_send/data/raw/session_20260812_094809_breathing_off_breathing_off.csv,138.0,146.0,breathing_off,rejected,time_gap,not_evaluated,,798,106.105,,,,,,,,,,,,
session_20260812_094809_breathing_off_breathing_off_w00065,session_20260812_094809_breathing_off_breathing_off,/Users/jandonyggarofalo/Documents/Desa/UNI/Semestre7/embebidos/esp-csi/examples/get-started/csi_send/data/raw/session_20260812_094809_breathing_off_breathing_off.csv,140.0,148.0,breathing_off,accepted,,trusted_breathing,breathing,798,53.337,0.00746006,16.35899855905008,0.41036856314971454,39.86416121510256,20.731217334279386,5,1.3684140662215816,0.375,27.706594282112448,0.679299533367157,1.3166248045559084,1.364881818025916
session_20260812_094809_breathing_off_breathing_off_w00066,session_20260812_094809_breathing_off_breathing_off,/Users/jandonyggarofalo/Documents/Desa/UNI/Semestre7/embebidos/esp-csi/examples/get-started/csi_send/data/raw/session_20260812_094809_breathing_off_breathing_off.csv,142.0,150.0,breathing_off,accepted,,trusted_breathing,breathing,796,53.337,0.00617345,34.400270252927456,1.0155629073061399,33.87310624030469,72.92985342052353,6,1.4301829561823705,0.125,77.08442635270139,0.673938512802124,1.8629053406887168,1.364881818025916
session_20260812_094809_breathing_off_breathing_off_w00067,session_20260812_094809_breathing_off_breathing_off,/Users/jandonyggarofalo/Documents/Desa/UNI/Semestre7/embebidos/esp-csi/examples/get-started/csi_send/data/raw/session_20260812_094809_breathing_off_breathing_off.csv,144.0,152.0,breathing_off,accepted,,trusted_breathing,breathing,799,36.548,0.00538759,38.71700956751827,0.942109406257409,41.09608641026419,33.59127657250081,6,1.5306238499313645,0.125,63.65305169115861,0.6359489560127258,1.587901805803729,1.364881818025916
session_20260812_094809_breathing_off_breathing_off_w00068,session_20260812_094809_breathing_off_breathing_off,/Users/jandonyggarofalo/Documents/Desa/UNI/Semestre7/embebidos/esp-csi/examples/get-started/csi_send/data/raw/session_20260812_094809_breathing_off_breathing_off.csv,146.0,154.0,breathing_off,accepted,,trusted_breathing,breathing,792,47.123,0.00429096,60.83872646316481,1.715990917883989,35.45399094428215,88.5920165547638,2,1.300894522707392,0.125,167.04292823963002,0.6515714526176453,1.9473945873223906,1.364881818025916
session_20260812_094809_breathing_off_breathing_off_w00069,session_20260812_094809_breathing_off_breathing_off,/Users/jandonyggarofalo/Documents/Desa/UNI/Semestre7/embebidos/esp-csi/examples/get-started/csi_send/data/raw/session_20260812_094809_breathing_off_breathing_off.csv,148.0,156.0,breathing_off,accepted,,trusted_breathing,breathing,785,47.123,0.00469745,13.137924843599675,0.34428936011438194,38.15954358623442,11.774632322805077,5,1.3729141666522091,0.125,30.932331411481265,0.642365038394928,1.1185267731275024,1.364881818025916
session_20260812_094809_breathing_off_breathing_off_w00070,session_20260812_094809_breathing_off_breathing_off,/Users/jandonyggarofalo/Documents/Desa/UNI/Semestre7/embebidos/esp-csi/examples/get-started/csi_send/data/raw/session_20260812_094809_breathing_off_breathing_off.csv,150.0,158.0,breathing_off,accepted,,trusted_breathing,breathing,787,47.123,0.00690915,318.72368311035115,9.533443509919964,33.43216779736218,460.1094901427863,2,0.9622793710755191,0.125,1094.4964517340616,0.6427196264266968,2.662861191043844,1.364881818025916
session_20260812_094809_breathing_off_breathing_off_w00071,session_20260812_094809_breathing_off_breathing_off,/Users/jandonyggarofalo/Documents/Desa/UNI/Semestre7/embebidos/esp-csi/examples/get-started/csi_send/data/raw/session_20260812_094809_breathing_off_breathing_off.csv,152.0,160.0,breathing_off,rejected,time_gap,not_evaluated,,785,117.541,,,,,,,,,,,,
session_20260812_094809_breathing_off_breathing_off_w00072,session_20260812_094809_breathing_off_breathing_off,/Users/jandonyggarofalo/Documents/Desa/UNI/Semestre7/embebidos/esp-csi/examples/get-started/csi_send/data/raw/session_20260812_094809_breathing_off_breathing_off.csv,154.0,162.0,breathing_off,rejected,time_gap,not_evaluated,,794,117.541,,,,,,,,,,,,
session_20260812_094809_breathing_off_breathing_off_w00073,session_20260812_094809_breathing_off_breathing_off,/Users/jandonyggarofalo/Documents/Desa/UNI/Semestre7/embebidos/esp-csi/examples/get-started/csi_send/data/raw/session_20260812_094809_breathing_off_breathing_off.csv,156.0,164.0,breathing_off,rejected,time_gap,not_evaluated,,807,117.541,,,,,,,,,,,,
session_20260812_094809_breathing_off_breathing_off_w00074,session_20260812_094809_breathing_off_breathing_off,/Users/jandonyggarofalo/Documents/Desa/UNI/Semestre7/embebidos/esp-csi/examples/get-started/csi_send/data/raw/session_20260812_094809_breathing_off_breathing_off.csv,158.0,166.0,breathing_off,rejected,time_gap,not_evaluated,,809,117.541,,,,,,,,,,,,
session_20260812_094809_breathing_off_breathing_off_w00075,session_20260812_094809_breathing_off_breathing_off,/Users/jandonyggarofalo/Documents/Desa/UNI/Semestre7/embebidos/esp-csi/examples/get-started/csi_send/data/raw/session_20260812_094809_breathing_off_breathing_off.csv,160.0,168.0,breathing_off,accepted,,trusted_breathing,breathing,804,76.524,0.00508201,17.777229214010717,0.48732026602197714,36.47956067801318,32.808846872979665,5,1.4829439591623854,0.375,30.692498956196147,0.6749483346939087,1.4870322497450956,1.364881818025916
session_20260812_094809_breathing_off_breathing_off_w00076,session_20260812_094809_breathing_off_breathing_off,/Users/jandonyggarofalo/Documents/Desa/UNI/Semestre7/embebidos/esp-csi/examples/get-started/csi_send/data/raw/session_20260812_094809_breathing_off_breathing_off.csv,162.0,170.0,breathing_off,accepted,,trusted_breathing,breathing,797,76.524,0.00456791,2.171006122164681,0.06420118640698891,33.815669828408815,8.096247075345593,4,1.615075970958228,0.125,4.069355893400918,0.624275267124176,0.6095256735794142,1.364881818025916
session_20260812_094809_breathing_off_breathing_off_w00077,session_20260812_094809_breathing_off_breathing_off,/Users/jandonyggarofalo/Documents/Desa/UNI/Semestre7/embebidos/esp-csi/examples/get-started/csi_send/data/raw/session_20260812_094809_breathing_off_breathing_off.csv,164.0,172.0,breathing_off,accepted,,trusted_breathing,breathing,794,76.524,0.00392593,40.07031224654133,1.2045264610291664,33.26644415289254,70.23085485941432,2,1.1225684922681018,0.125,127.17981316160784,0.5933539867401123,1.8465279547393303,1.364881818025916
session_20260812_094809_breathing_off_breathing_off_w00078,session_20260812_094809_breathing_off_breathing_off,/Users/jandonyggarofalo/Documents/Desa/UNI/Semestre7/embebidos/esp-csi/examples/get-started/csi_send/data/raw/session_20260812_094809_breathing_off_breathing_off.csv,166.0,174.0,breathing_off,accepted,,trusted_breathing,breathing,794,48.695,0.00292231,27.03541034701297,0.635415984846094,42.547576692642934,17.952698378723326,4,1.3878107265023198,0.125,54.63432502763128,0.5611721873283386,1.4319329657404345,1.364881818025916
session_20260812_094809_breathing_off_breathing_off_w00079,session_20260812_094809_breathing_off_breathing_off,/Users/jandonyggarofalo/Documents/Desa/UNI/Semestre7/embebidos/esp-csi/examples/get-started/csi_send/data/raw/session_20260812_094809_breathing_off_breathing_off.csv,168.0,176.0,breathing_off,accepted,,trusted_breathing,breathing,795,48.695,0.00425511,36.38042363062687,0.9244347983275858,39.354234280669765,36.573712210093205,4,1.5003608592646378,0.375,64.26548787650387,0.5862341523170471,1.5631690432075693,1.364881818025916
session_20260812_094809_breathing_off_breathing_off_w00080,session_20260812_094809_breathing_off_breathing_off,/Users/jandonyggarofalo/Documents/Desa/UNI/Semestre7/embebidos/esp-csi/examples/get-started/csi_send/data/raw/session_20260812_094809_breathing_off_breathing_off.csv,170.0,178.0,breathing_off,accepted,,trusted_breathing,breathing,789,48.695,0.0072283,40.6141496522889,0.8251300054582456,49.22151586244175,10.95736125028801,5,1.3361129485793555,0.25,67.10279809720305,0.5776997804641724,1.6086773647429784,1.364881818025916
session_20260812_095153_hold_breath_off_hold_breath_off_w00000,session_20260812_095153_hold_breath_off_hold_breath_off,/Users/jandonyggarofalo/Documents/Desa/UNI/Semestre7/embebidos/esp-csi/examples/get-started/csi_send/data/raw/session_20260812_095153_hold_breath_off_hold_breath_off.csv,10.0,18.0,breathing,rejected,insufficient_samples,not_evaluated,,122,,,,,,,,,,,,,
session_20260812_095153_hold_breath_off_hold_breath_off_w00001,session_20260812_095153_hold_breath_off_hold_breath_off,/Users/jandonyggarofalo/Documents/Desa/UNI/Semestre7/embebidos/esp-csi/examples/get-started/csi_send/data/raw/session_20260812_095153_hold_breath_off_hold_breath_off.csv,12.0,20.0,breathing,rejected,insufficient_samples,not_evaluated,,119,,,,,,,,,,,,,
session_20260812_095153_hold_breath_off_hold_breath_off_w00002,session_20260812_095153_hold_breath_off_hold_breath_off,/Users/jandonyggarofalo/Documents/Desa/UNI/Semestre7/embebidos/esp-csi/examples/get-started/csi_send/data/raw/session_20260812_095153_hold_breath_off_hold_breath_off.csv,14.0,22.0,breathing,rejected,insufficient_samples,not_evaluated,,127,,,,,,,,,,,,,
session_20260812_095153_hold_breath_off_hold_breath_off_w00003,session_20260812_095153_hold_breath_off_hold_breath_off,/Users/jandonyggarofalo/Documents/Desa/UNI/Semestre7/embebidos/esp-csi/examples/get-started/csi_send/data/raw/session_20260812_095153_hold_breath_off_hold_breath_off.csv,16.0,24.0,breathing,rejected,insufficient_samples,not_evaluated,,53,,,,,,,,,,,,,
session_20260812_095153_hold_breath_off_hold_breath_off_w00004,session_20260812_095153_hold_breath_off_hold_breath_off,/Users/jandonyggarofalo/Documents/Desa/UNI/Semestre7/embebidos/esp-csi/examples/get-started/csi_send/data/raw/session_20260812_095153_hold_breath_off_hold_breath_off.csv,18.0,26.0,breathing,rejected,insufficient_samples,not_evaluated,,65,,,,,,,,,,,,,
session_20260812_095153_hold_breath_off_hold_breath_off_w00005,session_20260812_095153_hold_breath_off_hold_breath_off,/Users/jandonyggarofalo/Documents/Desa/UNI/Semestre7/embebidos/esp-csi/examples/get-started/csi_send/data/raw/session_20260812_095153_hold_breath_off_hold_breath_off.csv,20.0,28.0,breathing,rejected,insufficient_samples,not_evaluated,,40,,,,,,,,,,,,,
session_20260812_095153_hold_breath_off_hold_breath_off_w00006,session_20260812_095153_hold_breath_off_hold_breath_off,/Users/jandonyggarofalo/Documents/Desa/UNI/Semestre7/embebidos/esp-csi/examples/get-started/csi_send/data/raw/session_20260812_095153_hold_breath_off_hold_breath_off.csv,22.0,30.0,breathing,rejected,insufficient_samples,not_evaluated,,32,,,,,,,,,,,,,
session_20260812_095153_hold_breath_off_hold_breath_off_w00007,session_20260812_095153_hold_breath_off_hold_breath_off,/Users/jandonyggarofalo/Documents/Desa/UNI/Semestre7/embebidos/esp-csi/examples/get-started/csi_send/data/raw/session_20260812_095153_hold_breath_off_hold_breath_off.csv,24.0,32.0,breathing,rejected,insufficient_samples,not_evaluated,,182,,,,,,,,,,,,,
session_20260812_095153_hold_breath_off_hold_breath_off_w00008,session_20260812_095153_hold_breath_off_hold_breath_off,/Users/jandonyggarofalo/Documents/Desa/UNI/Semestre7/embebidos/esp-csi/examples/get-started/csi_send/data/raw/session_20260812_095153_hold_breath_off_hold_breath_off.csv,26.0,34.0,breathing,accepted,,trusted_breathing,breathing,345,50.841,0.01886322,5.080154423269338,0.10386035244799241,48.91331777219116,2.3019569439013465,5,1.3972470567582675,0.375,8.178472319730123,0.6732050180435181,0.7058769138892093,1.5186705297035603
session_20260812_095153_hold_breath_off_hold_breath_off_w00009,session_20260812_095153_hold_breath_off_hold_breath_off,/Users/jandonyggarofalo/Documents/Desa/UNI/Semestre7/embebidos/esp-csi/examples/get-started/csi_send/data/raw/session_20260812_095153_hold_breath_off_hold_breath_off.csv,28.0,36.0,breathing,accepted,,trusted_breathing,breathing,541,50.841,0.01620263,10.43794284679835,0.2271484278865547,45.95208051347573,4.252299013031558,3,1.2841919569686984,0.25,18.436979064077022,0.6924748420715332,1.0186149145363395,1.5186705297035603
session_20260812_095153_hold_breath_off_hold_breath_off_w00010,session_20260812_095153_hold_breath_off_hold_breath_off,/Users/jandonyggarofalo/Documents/Desa/UNI/Semestre7/embebidos/esp-csi/examples/get-started/csi_send/data/raw/session_20260812_095153_hold_breath_off_hold_breath_off.csv,30.0,38.0,breathing,accepted,,trusted_breathing,breathing,736,66.429,0.01510487,32.35986786932082,0.6615519327567044,48.91508325646859,9.127316947266822,3,1.3005057666513224,0.25,58.705512858695464,0.6081410646438599,1.5100067396478498,1.5186705297035603
session_20260812_095153_hold_breath_off_hold_breath_off_w00011,session_20260812_095153_hold_breath_off_hold_breath_off,/Users/jandonyggarofalo/Documents/Desa/UNI/Semestre7/embebidos/esp-csi/examples/get-started/csi_send/data/raw/session_20260812_095153_hold_breath_off_hold_breath_off.csv,32.0,40.0,breathing,accepted,,trusted_breathing,breathing,780,66.429,0.01013622,401.58215759428157,12.274349684201175,32.717184040401094,763.4664412513177,2,1.0694171530707215,0.125,1336.364215630231,0.6486408114433289,2.882789952067383,1.5186705297035603
session_20260812_095153_hold_breath_off_hold_breath_off_w00012,session_20260812_095153_hold_breath_off_hold_breath_off,/Users/jandonyggarofalo/Documents/Desa/UNI/Semestre7/embebidos/esp-csi/examples/get-started/csi_send/data/raw/session_20260812_095153_hold_breath_off_hold_breath_off.csv,34.0,42.0,breathing,accepted,,trusted_breathing,breathing,784,66.429,0.00641741,94.86556495873477,2.950218045426397,32.155441902258325,180.50698027913822,4,1.1099655787277267,0.125,273.1448316963012,0.6347116231918335,2.256494000912574,1.5186705297035603
session_20260812_095153_hold_breath_off_hold_breath_off_w00013,session_20260812_095153_hold_breath_off_hold_breath_off,/Users/jandonyggarofalo/Documents/Desa/UNI/Semestre7/embebidos/esp-csi/examples/get-started/csi_send/data/raw/session_20260812_095153_hold_breath_off_hold_breath_off.csv,36.0,44.0,breathing,accepted,,trusted_breathing,breathing,772,66.429,0.00603141,64.10808425687614,1.6159582090183948,39.671870162891516,79.94930972734288,4,1.48896974500941,0.125,107.60705531006921,0.6201947927474976,1.9028147184524886,1.5186705297035603
session_20260812_095153_hold_breath_off_hold_breath_off_w00014,session_20260812_095153_hold_breath_off_hold_breath_off,/Users/jandonyggarofalo/Documents/Desa/UNI/Semestre7/embebidos/esp-csi/examples/get-started/csi_send/data/raw/session_20260812_095153_hold_breath_off_hold_breath_off.csv,38.0,46.0,breathing,accepted,,trusted_breathing,breathing,768,86.792,0.00095622,44.12767835543239,1.0987287239748007,40.162487238664646,49.36485616713381,4,1.4021778347665623,0.125,69.60764362696835,0.6244271397590637,1.6934178759614056,1.5186705297035603
session_20260812_095153_hold_breath_off_hold_breath_off_w00015,session_20260812_095153_hold_breath_off_hold_breath_off,/Users/jandonyggarofalo/Documents/Desa/UNI/Semestre7/embebidos/esp-csi/examples/get-started/csi_send/data/raw/session_20260812_095153_hold_breath_off_hold_breath_off.csv,40.0,48.0,breathing,rejected,time_gap,not_evaluated,,758,146.528,,,,,,,,,,,,
session_20260812_095153_hold_breath_off_hold_breath_off_w00016,session_20260812_095153_hold_breath_off_hold_breath_off,/Users/jandonyggarofalo/Documents/Desa/UNI/Semestre7/embebidos/esp-csi/examples/get-started/csi_send/data/raw/session_20260812_095153_hold_breath_off_hold_breath_off.csv,42.0,50.0,breathing,rejected,time_gap,not_evaluated,,755,146.528,,,,,,,,,,,,
session_20260812_095153_hold_breath_off_hold_breath_off_w00017,session_20260812_095153_hold_breath_off_hold_breath_off,/Users/jandonyggarofalo/Documents/Desa/UNI/Semestre7/embebidos/esp-csi/examples/get-started/csi_send/data/raw/session_20260812_095153_hold_breath_off_hold_breath_off.csv,44.0,52.0,breathing,rejected,time_gap,not_evaluated,,767,146.528,,,,,,,,,,,,
session_20260812_095153_hold_breath_off_hold_breath_off_w00018,session_20260812_095153_hold_breath_off_hold_breath_off,/Users/jandonyggarofalo/Documents/Desa/UNI/Semestre7/embebidos/esp-csi/examples/get-started/csi_send/data/raw/session_20260812_095153_hold_breath_off_hold_breath_off.csv,46.0,54.0,breathing,rejected,time_gap,not_evaluated,,774,146.528,,,,,,,,,,,,
session_20260812_095153_hold_breath_off_hold_breath_off_w00019,session_20260812_095153_hold_breath_off_hold_breath_off,/Users/jandonyggarofalo/Documents/Desa/UNI/Semestre7/embebidos/esp-csi/examples/get-started/csi_send/data/raw/session_20260812_095153_hold_breath_off_hold_breath_off.csv,48.0,56.0,breathing,accepted,,trusted_breathing,breathing,787,72.268,0.0026902,33.67707156111592,0.7264370264200596,46.35924427893344,12.847212330508267,6,1.5601681584838603,0.5,47.70882086609426,0.6088115572929382,1.5273343197592708,1.5186705297035603
session_20260812_095153_hold_breath_off_hold_breath_off_w00020,session_20260812_095153_hold_breath_off_hold_breath_off,/Users/jandonyggarofalo/Documents/Desa/UNI/Semestre7/embebidos/esp-csi/examples/get-started/csi_send/data/raw/session_20260812_095153_hold_breath_off_hold_breath_off.csv,50.0,58.0,breathing,accepted,,trusted_breathing,breathing,791,72.268,0.00458281,56.134029968851095,1.3698084390899907,40.97947447754214,40.46173654434391,5,1.4413971870899365,0.125,112.96518706372883,0.6844187378883362,1.749226222166374,1.5186705297035603
session_20260812_095153_hold_breath_off_hold_breath_off_w00021,session_20260812_095153_hold_breath_off_hold_breath_off,/Users/jandonyggarofalo/Documents/Desa/UNI/Semestre7/embebidos/esp-csi/examples/get-started/csi_send/data/raw/session_20260812_095153_hold_breath_off_hold_breath_off.csv,52.0,60.0,breathing,rejected,transition_guard,not_evaluated,,798,,,,,,,,,,,,,
session_20260812_095153_hold_breath_off_hold_breath_off_w00022,session_20260812_095153_hold_breath_off_hold_breath_off,/Users/jandonyggarofalo/Documents/Desa/UNI/Semestre7/embebidos/esp-csi/examples/get-started/csi_send/data/raw/session_20260812_095153_hold_breath_off_hold_breath_off.csv,54.0,62.0,breathing,rejected,mixed_or_unknown_label,not_evaluated,,799,,,,,,,,,,,,,
session_20260812_095153_hold_breath_off_hold_breath_off_w00023,session_20260812_095153_hold_breath_off_hold_breath_off,/Users/jandonyggarofalo/Documents/Desa/UNI/Semestre7/embebidos/esp-csi/examples/get-started/csi_send/data/raw/session_20260812_095153_hold_breath_off_hold_breath_off.csv,56.0,64.0,breathing,rejected,mixed_or_unknown_label,not_evaluated,,797,,,,,,,,,,,,,
session_20260812_095153_hold_breath_off_hold_breath_off_w00024,session_20260812_095153_hold_breath_off_hold_breath_off,/Users/jandonyggarofalo/Documents/Desa/UNI/Semestre7/embebidos/esp-csi/examples/get-started/csi_send/data/raw/session_20260812_095153_hold_breath_off_hold_breath_off.csv,58.0,66.0,hold_breath,rejected,mixed_or_unknown_label,not_evaluated,,799,,,,,,,,,,,,,
session_20260812_095153_hold_breath_off_hold_breath_off_w00025,session_20260812_095153_hold_breath_off_hold_breath_off,/Users/jandonyggarofalo/Documents/Desa/UNI/Semestre7/embebidos/esp-csi/examples/get-started/csi_send/data/raw/session_20260812_095153_hold_breath_off_hold_breath_off.csv,60.0,68.0,hold_breath,rejected,transition_guard,not_evaluated,,803,,,,,,,,,,,,,
session_20260812_095153_hold_breath_off_hold_breath_off_w00026,session_20260812_095153_hold_breath_off_hold_breath_off,/Users/jandonyggarofalo/Documents/Desa/UNI/Semestre7/embebidos/esp-csi/examples/get-started/csi_send/data/raw/session_20260812_095153_hold_breath_off_hold_breath_off.csv,62.0,70.0,hold_breath,rejected,time_gap,not_evaluated,,796,139.874,,,,,,,,,,,,
session_20260812_095153_hold_breath_off_hold_breath_off_w00027,session_20260812_095153_hold_breath_off_hold_breath_off,/Users/jandonyggarofalo/Documents/Desa/UNI/Semestre7/embebidos/esp-csi/examples/get-started/csi_send/data/raw/session_20260812_095153_hold_breath_off_hold_breath_off.csv,64.0,72.0,hold_breath,rejected,time_gap,not_evaluated,,801,139.874,,,,,,,,,,,,
session_20260812_095153_hold_breath_off_hold_breath_off_w00028,session_20260812_095153_hold_breath_off_hold_breath_off,/Users/jandonyggarofalo/Documents/Desa/UNI/Semestre7/embebidos/esp-csi/examples/get-started/csi_send/data/raw/session_20260812_095153_hold_breath_off_hold_breath_off.csv,66.0,74.0,hold_breath,accepted,,ambiguous_breathing_evidence,,798,63.311,0.00480694,82.94265500300219,1.8208969007785363,45.550439987840036,41.307725931207344,4,1.5530869604758715,0.25,114.4152574994759,0.641757071018219,1.9187779330619856,1.5186705297035603
session_20260812_095153_hold_breath_off_hold_breath_off_w00029,session_20260812_095153_hold_breath_off_hold_breath_off,/Users/jandonyggarofalo/Documents/Desa/UNI/Semestre7/embebidos/esp-csi/examples/get-started/csi_send/data/raw/session_20260812_095153_hold_breath_off_hold_breath_off.csv,68.0,76.0,hold_breath,accepted,,ambiguous_breathing_evidence,,783,63.311,0.00529813,57.46439447366881,1.185702088765434,48.46444567998771,27.377910969030026,5,1.2932209629459697,0.375,114.77141504147407,0.607913613319397,1.759398834720489,1.5186705297035603
session_20260812_095153_hold_breath_off_hold_breath_off_w00030,session_20260812_095153_hold_breath_off_hold_breath_off,/Users/jandonyggarofalo/Documents/Desa/UNI/Semestre7/embebidos/esp-csi/examples/get-started/csi_send/data/raw/session_20260812_095153_hold_breath_off_hold_breath_off.csv,70.0,78.0,hold_breath,accepted,,ambiguous_breathing_evidence,,783,63.311,0.00520833,34.13765460290567,0.6809564636234244,50.13191947867903,11.268178375049711,5,1.0554279571789789,0.25,66.33371072177384,0.6133309006690979,1.5332336799888653,1.5186705297035603
session_20260812_095153_hold_breath_off_hold_breath_off_w00031,session_20260812_095153_hold_breath_off_hold_breath_off,/Users/jandonyggarofalo/Documents/Desa/UNI/Semestre7/embebidos/esp-csi/examples/get-started/csi_send/data/raw/session_20260812_095153_hold_breath_off_hold_breath_off.csv,72.0,80.0,hold_breath,accepted,,ambiguous_breathing_evidence,,784,80.662,0.00547074,37.68354540051908,0.7549286533959613,49.91669773157237,14.11538216312416,5,1.0895250977656867,0.375,87.09272551259868,0.6040235757827759,1.5761517559957678,1.5186705297035603
session_20260812_095153_hold_breath_off_hold_breath_off_w00032,session_20260812_095153_hold_breath_off_hold_breath_off,/Users/jandonyggarofalo/Documents/Desa/UNI/Semestre7/embebidos/esp-csi/examples/get-started/csi_send/data/raw/session_20260812_095153_hold_breath_off_hold_breath_off.csv,74.0,82.0,hold_breath,accepted,,ambiguous_breathing_evidence,,782,80.662,0.0065637,52.05213701671684,1.1777879305857135,44.194829701461735,24.555536117218935,4,1.6279927156752163,0.125,60.184655831294386,0.6182389259338379,1.7164385643079656,1.5186705297035603
session_20260812_095153_hold_breath_off_hold_breath_off_w00033,session_20260812_095153_hold_breath_off_hold_breath_off,/Users/jandonyggarofalo/Documents/Desa/UNI/Semestre7/embebidos/esp-csi/examples/get-started/csi_send/data/raw/session_20260812_095153_hold_breath_off_hold_breath_off.csv,76.0,84.0,hold_breath,accepted,,ambiguous_breathing_evidence,,792,80.662,0.00464607,23.682703453478023,0.6415082650622584,36.917222650502715,33.71033374348771,5,1.6403399041897286,0.125,45.79148169744754,0.655764102935791,1.5277630522017203,1.5186705297035603
session_20260812_095153_hold_breath_off_hold_breath_off_w00034,session_20260812_095153_hold_breath_off_hold_breath_off,/Users/jandonyggarofalo/Documents/Desa/UNI/Semestre7/embebidos/esp-csi/examples/get-started/csi_send/data/raw/session_20260812_095153_hold_breath_off_hold_breath_off.csv,78.0,86.0,hold_breath,accepted,,ambiguous_breathing_evidence,,801,80.662,0.0055302,110.41125796912704,3.3111498760372466,33.34529154603924,156.41105928662853,2,1.0557635464067006,0.125,369.66334245709197,0.6141735315322876,2.194267457274671,1.5186705297035603
session_20260812_095153_hold_breath_off_hold_breath_off_w00035,session_20260812_095153_hold_breath_off_hold_breath_off,/Users/jandonyggarofalo/Documents/Desa/UNI/Semestre7/embebidos/esp-csi/examples/get-started/csi_send/data/raw/session_20260812_095153_hold_breath_off_hold_breath_off.csv,80.0,88.0,hold_breath,accepted,,high_confidence_hold,hold_breath,803,29.676,0.00685904,7.346700737269975,0.1487557162383011,49.38768689366832,2.8738375623881858,6,1.1791725466115182,0.375,14.23469992050741,0.6053352952003479,0.8660923495219457,1.5186705297035603
session_20260812_095153_hold_breath_off_hold_breath_off_w00036,session_20260812_095153_hold_breath_off_hold_breath_off,/Users/jandonyggarofalo/Documents/Desa/UNI/Semestre7/embebidos/esp-csi/examples/get-started/csi_send/data/raw/session_20260812_095153_hold_breath_off_hold_breath_off.csv,82.0,90.0,hold_breath,accepted,,ambiguous_breathing_evidence,,808,29.676,0.00600441,76.51905591666667,2.273667717857449,33.6544585278008,138.8326657144771,3,1.0814441439402276,0.125,250.64911529274366,0.579360842704773,2.142491662591821,1.5186705297035603
session_20260812_095153_hold_breath_off_hold_breath_off_w00037,session_20260812_095153_hold_breath_off_hold_breath_off,/Users/jandonyggarofalo/Documents/Desa/UNI/Semestre7/embebidos/esp-csi/examples/get-started/csi_send/data/raw/session_20260812_095153_hold_breath_off_hold_breath_off.csv,84.0,92.0,hold_breath,accepted,,ambiguous_breathing_evidence,,808,98.782,0.00820893,49.83006225645392,1.3693295592214905,36.390116550721054,82.70881404290608,4,1.5148140615654795,0.125,92.76455951877038,0.6446388959884644,1.9175517935456166,1.5186705297035603
session_20260812_095153_hold_breath_off_hold_breath_off_w00038,session_20260812_095153_hold_breath_off_hold_breath_off,/Users/jandonyggarofalo/Documents/Desa/UNI/Semestre7/embebidos/esp-csi/examples/get-started/csi_send/data/raw/session_20260812_095153_hold_breath_off_hold_breath_off.csv,86.0,94.0,hold_breath,accepted,,high_confidence_hold,hold_breath,805,98.782,0.01064635,29.310965787268785,0.590718421373629,49.61918356813864,9.54823355027839,6,1.0789902968829277,0.375,64.41847565025633,0.672161340713501,1.4670301285432372,1.5186705297035603
session_20260812_095153_hold_breath_off_hold_breath_off_w00039,session_20260812_095153_hold_breath_off_hold_breath_off,/Users/jandonyggarofalo/Documents/Desa/UNI/Semestre7/embebidos/esp-csi/examples/get-started/csi_send/data/raw/session_20260812_095153_hold_breath_off_hold_breath_off.csv,88.0,96.0,hold_breath,accepted,,ambiguous_breathing_evidence,,795,98.782,0.00613208,35.336692180669736,0.7507629818676276,47.06770716467363,22.873191823682124,6,1.2741106995181897,0.375,81.89236309931972,0.6552855968475342,1.5482258933621063,1.5186705297035603
session_20260812_095153_hold_breath_off_hold_breath_off_w00040,session_20260812_095153_hold_breath_off_hold_breath_off,/Users/jandonyggarofalo/Documents/Desa/UNI/Semestre7/embebidos/esp-csi/examples/get-started/csi_send/data/raw/session_20260812_095153_hold_breath_off_hold_breath_off.csv,90.0,98.0,hold_breath,accepted,,high_confidence_hold,hold_breath,793,98.782,0.00760561,25.562384416076974,0.5464397666448916,46.779875800368174,11.720623275879744,5,1.5445446285889266,0.125,35.71226306597286,0.6771848797798157,1.407601361632179,1.5186705297035603
session_20260812_095153_hold_breath_off_hold_breath_off_w00041,session_20260812_095153_hold_breath_off_hold_breath_off,/Users/jandonyggarofalo/Documents/Desa/UNI/Semestre7/embebidos/esp-csi/examples/get-started/csi_send/data/raw/session_20260812_095153_hold_breath_off_hold_breath_off.csv,92.0,100.0,hold_breath,accepted,,high_confidence_hold,hold_breath,790,48.318,0.00853441,9.36651074168272,0.21366837887409398,43.83667246878016,8.106143205585667,5,1.481634667872995,0.25,15.687637931125808,0.6694846749305725,0.9715778355138877,1.5186705297035603
session_20260812_095153_hold_breath_off_hold_breath_off_w00042,session_20260812_095153_hold_breath_off_hold_breath_off,/Users/jandonyggarofalo/Documents/Desa/UNI/Semestre7/embebidos/esp-csi/examples/get-started/csi_send/data/raw/session_20260812_095153_hold_breath_off_hold_breath_off.csv,94.0,102.0,hold_breath,accepted,,ambiguous_breathing_evidence,,792,48.318,0.00685567,100.10662823821836,2.9523577184802616,33.907350593584155,168.19631568277444,4,1.1749280508109663,0.125,312.62483413741006,0.6305829286575317,2.2258164784050276,1.5186705297035603
session_20260812_095153_hold_breath_off_hold_breath_off_w00043,session_20260812_095153_hold_breath_off_hold_breath_off,/Users/jandonyggarofalo/Documents/Desa/UNI/Semestre7/embebidos/esp-csi/examples/get-started/csi_send/data/raw/session_20260812_095153_hold_breath_off_hold_breath_off.csv,96.0,104.0,hold_breath,accepted,,ambiguous_breathing_evidence,,794,48.318,0.00737957,48.737970881391725,1.2731869295581724,38.28029470760176,49.11723529548038,3,1.3999487714047587,0.125,123.35915155538538,0.6845887899398804,1.6912339133100616,1.5186705297035603
session_20260812_095153_hold_breath_off_hold_breath_off_w00044,session_20260812_095153_hold_breath_off_hold_breath_off,/Users/jandonyggarofalo/Documents/Desa/UNI/Semestre7/embebidos/esp-csi/examples/get-started/csi_send/data/raw/session_20260812_095153_hold_breath_off_hold_breath_off.csv,98.0,106.0,hold_breath,accepted,,ambiguous_breathing_evidence,,791,84.349,0.00547171,63.67457412490107,1.5333498052826984,41.52645006735438,65.6333367003924,7,1.641877674444695,0.5,89.30820747476916,0.6837286353111267,1.8171244836982257,1.5186705297035603
session_20260812_095153_hold_breath_off_hold_breath_off_w00045,session_20260812_095153_hold_breath_off_hold_breath_off,/Users/jandonyggarofalo/Documents/Desa/UNI/Semestre7/embebidos/esp-csi/examples/get-started/csi_send/data/raw/session_20260812_095153_hold_breath_off_hold_breath_off.csv,100.0,108.0,hold_breath,accepted,,high_confidence_hold,hold_breath,792,84.349,0.003561,19.22895868810093,0.4115778842934436,46.72009702626417,7.924275508906422,6,1.289027166576596,0.5,34.18277936376228,0.6537503004074097,1.283955766388449,1.5186705297035603
session_20260812_095153_hold_breath_off_hold_breath_off_w00046,session_20260812_095153_hold_breath_off_hold_breath_off,/Users/jandonyggarofalo/Documents/Desa/UNI/Semestre7/embebidos/esp-csi/examples/get-started/csi_send/data/raw/session_20260812_095153_hold_breath_off_hold_breath_off.csv,102.0,110.0,hold_breath,accepted,,ambiguous_breathing_evidence,,792,84.349,0.00326507,41.15429181933261,1.1733941464127622,35.07286272486721,48.26044907042903,2,1.1187512932570054,0.125,136.88204350201158,0.6407920718193054,1.6835913587642788,1.5186705297035603
session_20260812_095153_hold_breath_off_hold_breath_off_w00047,session_20260812_095153_hold_breath_off_hold_breath_off,/Users/jandonyggarofalo/Documents/Desa/UNI/Semestre7/embebidos/esp-csi/examples/get-started/csi_send/data/raw/session_20260812_095153_hold_breath_off_hold_breath_off.csv,104.0,112.0,hold_breath,accepted,,ambiguous_breathing_evidence,,796,84.349,0.00459328,106.43276587278896,3.184717216246926,33.419848182999026,163.56921213810116,2,1.0706190512718372,0.125,342.31015539411544,0.6168616414070129,2.2137015618241005,1.5186705297035603
session_20260812_095153_hold_breath_off_hold_breath_off_w00048,session_20260812_095153_hold_breath_off_hold_breath_off,/Users/jandonyggarofalo/Documents/Desa/UNI/Semestre7/embebidos/esp-csi/examples/get-started/csi_send/data/raw/session_20260812_095153_hold_breath_off_hold_breath_off.csv,106.0,114.0,hold_breath,accepted,,high_confidence_hold,hold_breath,795,42.874,0.00401926,13.087742524447922,0.2889798284250814,45.28946741968067,11.214299912222172,4,1.54301702710331,0.375,22.341873213134857,0.572787344455719,1.1168647425229254,1.5186705297035603
session_20260812_095153_hold_breath_off_hold_breath_off_w00049,session_20260812_095153_hold_breath_off_hold_breath_off,/Users/jandonyggarofalo/Documents/Desa/UNI/Semestre7/embebidos/esp-csi/examples/get-started/csi_send/data/raw/session_20260812_095153_hold_breath_off_hold_breath_off.csv,108.0,116.0,hold_breath,accepted,,ambiguous_breathing_evidence,,799,42.874,0.00424359,61.67281206474954,1.5163986751942762,40.6705789668456,60.716706725275344,5,1.363022887012169,0.125,119.78159578091575,0.6038038730621338,1.7900937511887631,1.5186705297035603
session_20260812_095153_hold_breath_off_hold_breath_off_w00050,session_20260812_095153_hold_breath_off_hold_breath_off,/Users/jandonyggarofalo/Documents/Desa/UNI/Semestre7/embebidos/esp-csi/examples/get-started/csi_send/data/raw/session_20260812_095153_hold_breath_off_hold_breath_off.csv,110.0,118.0,hold_breath,accepted,,ambiguous_breathing_evidence,,796,42.874,0.00900989,73.48482963557642,1.5941246725996685,46.09729144690587,40.58129545488692,5,1.4400916353535285,0.375,149.73733699787192,0.6218367218971252,1.8661976916614382,1.5186705297035603
session_20260812_095153_hold_breath_off_hold_breath_off_w00051,session_20260812_095153_hold_breath_off_hold_breath_off,/Users/jandonyggarofalo/Documents/Desa/UNI/Semestre7/embebidos/esp-csi/examples/get-started/csi_send/data/raw/session_20260812_095153_hold_breath_off_hold_breath_off.csv,112.0,120.0,hold_breath,rejected,transition_guard,not_evaluated,,795,,,,,,,,,,,,,
session_20260812_095153_hold_breath_off_hold_breath_off_w00052,session_20260812_095153_hold_breath_off_hold_breath_off,/Users/jandonyggarofalo/Documents/Desa/UNI/Semestre7/embebidos/esp-csi/examples/get-started/csi_send/data/raw/session_20260812_095153_hold_breath_off_hold_breath_off.csv,114.0,122.0,hold_breath,rejected,mixed_or_unknown_label,not_evaluated,,803,,,,,,,,,,,,,
session_20260812_095153_hold_breath_off_hold_breath_off_w00053,session_20260812_095153_hold_breath_off_hold_breath_off,/Users/jandonyggarofalo/Documents/Desa/UNI/Semestre7/embebidos/esp-csi/examples/get-started/csi_send/data/raw/session_20260812_095153_hold_breath_off_hold_breath_off.csv,116.0,124.0,breathing,rejected,mixed_or_unknown_label,not_evaluated,,798,,,,,,,,,,,,,
session_20260812_095153_hold_breath_off_hold_breath_off_w00054,session_20260812_095153_hold_breath_off_hold_breath_off,/Users/jandonyggarofalo/Documents/Desa/UNI/Semestre7/embebidos/esp-csi/examples/get-started/csi_send/data/raw/session_20260812_095153_hold_breath_off_hold_breath_off.csv,118.0,126.0,breathing,rejected,mixed_or_unknown_label,not_evaluated,,802,,,,,,,,,,,,,
session_20260812_095153_hold_breath_off_hold_breath_off_w00055,session_20260812_095153_hold_breath_off_hold_breath_off,/Users/jandonyggarofalo/Documents/Desa/UNI/Semestre7/embebidos/esp-csi/examples/get-started/csi_send/data/raw/session_20260812_095153_hold_breath_off_hold_breath_off.csv,120.0,128.0,breathing,rejected,transition_guard,not_evaluated,,769,,,,,,,,,,,,,
session_20260812_095153_hold_breath_off_hold_breath_off_w00056,session_20260812_095153_hold_breath_off_hold_breath_off,/Users/jandonyggarofalo/Documents/Desa/UNI/Semestre7/embebidos/esp-csi/examples/get-started/csi_send/data/raw/session_20260812_095153_hold_breath_off_hold_breath_off.csv,122.0,130.0,breathing,rejected,time_gap,not_evaluated,,716,284.249,,,,,,,,,,,,
session_20260812_095153_hold_breath_off_hold_breath_off_w00057,session_20260812_095153_hold_breath_off_hold_breath_off,/Users/jandonyggarofalo/Documents/Desa/UNI/Semestre7/embebidos/esp-csi/examples/get-started/csi_send/data/raw/session_20260812_095153_hold_breath_off_hold_breath_off.csv,124.0,132.0,breathing,rejected,time_gap,not_evaluated,,639,284.249,,,,,,,,,,,,
session_20260812_095153_hold_breath_off_hold_breath_off_w00058,session_20260812_095153_hold_breath_off_hold_breath_off,/Users/jandonyggarofalo/Documents/Desa/UNI/Semestre7/embebidos/esp-csi/examples/get-started/csi_send/data/raw/session_20260812_095153_hold_breath_off_hold_breath_off.csv,126.0,134.0,breathing,rejected,time_gap,not_evaluated,,481,284.249,,,,,,,,,,,,
session_20260812_095153_hold_breath_off_hold_breath_off_w00059,session_20260812_095153_hold_breath_off_hold_breath_off,/Users/jandonyggarofalo/Documents/Desa/UNI/Semestre7/embebidos/esp-csi/examples/get-started/csi_send/data/raw/session_20260812_095153_hold_breath_off_hold_breath_off.csv,128.0,136.0,breathing,rejected,insufficient_samples,not_evaluated,,316,,,,,,,,,,,,,
session_20260812_095153_hold_breath_off_hold_breath_off_w00060,session_20260812_095153_hold_breath_off_hold_breath_off,/Users/jandonyggarofalo/Documents/Desa/UNI/Semestre7/embebidos/esp-csi/examples/get-started/csi_send/data/raw/session_20260812_095153_hold_breath_off_hold_breath_off.csv,130.0,138.0,breathing,rejected,insufficient_samples,not_evaluated,,165,,,,,,,,,,,,,
session_20260812_095153_hold_breath_off_hold_breath_off_w00061,session_20260812_095153_hold_breath_off_hold_breath_off,/Users/jandonyggarofalo/Documents/Desa/UNI/Semestre7/embebidos/esp-csi/examples/get-started/csi_send/data/raw/session_20260812_095153_hold_breath_off_hold_breath_off.csv,132.0,140.0,breathing,rejected,insufficient_samples,not_evaluated,,126,,,,,,,,,,,,,
session_20260812_095153_hold_breath_off_hold_breath_off_w00062,session_20260812_095153_hold_breath_off_hold_breath_off,/Users/jandonyggarofalo/Documents/Desa/UNI/Semestre7/embebidos/esp-csi/examples/get-started/csi_send/data/raw/session_20260812_095153_hold_breath_off_hold_breath_off.csv,134.0,142.0,breathing,rejected,insufficient_samples,not_evaluated,,284,,,,,,,,,,,,,
session_20260812_095153_hold_breath_off_hold_breath_off_w00063,session_20260812_095153_hold_breath_off_hold_breath_off,/Users/jandonyggarofalo/Documents/Desa/UNI/Semestre7/embebidos/esp-csi/examples/get-started/csi_send/data/raw/session_20260812_095153_hold_breath_off_hold_breath_off.csv,136.0,144.0,breathing,accepted,,trusted_breathing,breathing,475,42.704,0.01560855,36.88972258716808,0.7403552263923436,49.82705770428225,10.32030286859429,4,1.0870889894944344,0.375,78.94613344222793,0.8145866990089417,1.5669053893196556,1.5186705297035603
session_20260812_095153_hold_breath_off_hold_breath_off_w00064,session_20260812_095153_hold_breath_off_hold_breath_off,/Users/jandonyggarofalo/Documents/Desa/UNI/Semestre7/embebidos/esp-csi/examples/get-started/csi_send/data/raw/session_20260812_095153_hold_breath_off_hold_breath_off.csv,138.0,146.0,breathing,accepted,,trusted_breathing,breathing,670,44.801,0.01239506,23.07412118586997,0.4892289347686081,47.16426103606532,16.296467954079052,6,1.3395404943783826,0.5,40.323592866974025,0.7950997352600098,1.3631251692257977,1.5186705297035603
session_20260812_095153_hold_breath_off_hold_breath_off_w00065,session_20260812_095153_hold_breath_off_hold_breath_off,/Users/jandonyggarofalo/Documents/Desa/UNI/Semestre7/embebidos/esp-csi/examples/get-started/csi_send/data/raw/session_20260812_095153_hold_breath_off_hold_breath_off.csv,140.0,148.0,breathing,accepted,,trusted_breathing,breathing,786,77.725,0.01003896,60.47508088368677,1.543531409465716,39.1796891937435,42.608220105060425,2,1.3966724576170135,0.125,143.1360385537395,0.7777283787727356,1.7815764578907307,1.5186705297035603
session_20260812_095153_hold_breath_off_hold_breath_off_w00066,session_20260812_095153_hold_breath_off_hold_breath_off,/Users/jandonyggarofalo/Documents/Desa/UNI/Semestre7/embebidos/esp-csi/examples/get-started/csi_send/data/raw/session_20260812_095153_hold_breath_off_hold_breath_off.csv,142.0,150.0,breathing,accepted,,trusted_breathing,breathing,785,77.725,0.00792197,93.70230144002899,2.207021146231386,42.456458380559035,69.93314968678342,4,1.3362926874250154,0.125,208.61833900255508,0.758453905582428,1.971750257808065,1.5186705297035603
session_20260812_095153_hold_breath_off_hold_breath_off_w00067,session_20260812_095153_hold_breath_off_hold_breath_off,/Users/jandonyggarofalo/Documents/Desa/UNI/Semestre7/embebidos/esp-csi/examples/get-started/csi_send/data/raw/session_20260812_095153_hold_breath_off_hold_breath_off.csv,144.0,152.0,breathing,accepted,,trusted_breathing,breathing,797,77.725,0.00928286,19.139058450714987,0.4778503112302889,40.052413906352584,33.71443551499923,7,1.475080812624167,0.375,29.55528597600239,0.70020991563797,1.4706351659247763,1.5186705297035603
session_20260812_095153_hold_breath_off_hold_breath_off_w00068,session_20260812_095153_hold_breath_off_hold_breath_off,/Users/jandonyggarofalo/Documents/Desa/UNI/Semestre7/embebidos/esp-csi/examples/get-started/csi_send/data/raw/session_20260812_095153_hold_breath_off_hold_breath_off.csv,146.0,154.0,breathing,accepted,,trusted_breathing,breathing,800,77.725,0.00710938,11.959301281124732,0.25206888135724836,47.44457632645178,6.927537502656273,6,1.379828328152657,0.375,20.288459335015165,0.6570053696632385,1.0777058068584282,1.5186705297035603
session_20260812_095153_hold_breath_off_hold_breath_off_w00069,session_20260812_095153_hold_breath_off_hold_breath_off,/Users/jandonyggarofalo/Documents/Desa/UNI/Semestre7/embebidos/esp-csi/examples/get-started/csi_send/data/raw/session_20260812_095153_hold_breath_off_hold_breath_off.csv,148.0,156.0,breathing,accepted,,trusted_breathing,breathing,798,35.534,0.0078125,29.33293221199229,0.6618264850494759,44.321182174743484,20.408803018098702,5,1.4091765429393157,0.125,50.93806472872581,0.6224876642227173,1.467355478590427,1.5186705297035603
session_20260812_095153_hold_breath_off_hold_breath_off_w00070,session_20260812_095153_hold_breath_off_hold_breath_off,/Users/jandonyggarofalo/Documents/Desa/UNI/Semestre7/embebidos/esp-csi/examples/get-started/csi_send/data/raw/session_20260812_095153_hold_breath_off_hold_breath_off.csv,150.0,158.0,breathing,accepted,,trusted_breathing,breathing,802,35.534,0.00679941,19.466830083316196,0.40271587829823297,48.33886899500798,6.25475131203614,6,1.4547051795414279,0.375,24.510646626428347,0.7361984848976135,1.2892952381453922,1.5186705297035603
session_20260812_095153_hold_breath_off_hold_breath_off_w00071,session_20260812_095153_hold_breath_off_hold_breath_off,/Users/jandonyggarofalo/Documents/Desa/UNI/Semestre7/embebidos/esp-csi/examples/get-started/csi_send/data/raw/session_20260812_095153_hold_breath_off_hold_breath_off.csv,152.0,160.0,breathing,accepted,,trusted_breathing,breathing,801,52.244,0.00472066,19.9532378850517,0.4279162086344993,46.62884340996755,28.416469542817886,5,1.2776608989222347,0.375,43.647722506721024,0.699175238609314,1.453570120272863,1.5186705297035603
session_20260812_095153_hold_breath_off_hold_breath_off_w00072,session_20260812_095153_hold_breath_off_hold_breath_off,/Users/jandonyggarofalo/Documents/Desa/UNI/Semestre7/embebidos/esp-csi/examples/get-started/csi_send/data/raw/session_20260812_095153_hold_breath_off_hold_breath_off.csv,154.0,162.0,breathing,accepted,,trusted_breathing,breathing,807,52.244,0.00574078,64.76622306706943,1.7072462531968533,37.93607568079615,51.542356737900306,3,1.07607900597667,0.125,191.20030971614452,0.7098208665847778,1.8113485713018918,1.5186705297035603
session_20260812_095153_hold_breath_off_hold_breath_off_w00073,session_20260812_095153_hold_breath_off_hold_breath_off,/Users/jandonyggarofalo/Documents/Desa/UNI/Semestre7/embebidos/esp-csi/examples/get-started/csi_send/data/raw/session_20260812_095153_hold_breath_off_hold_breath_off.csv,156.0,164.0,breathing,accepted,,trusted_breathing,breathing,811,52.244,0.0036317,13.391014538971566,0.37727168907285413,35.494353079724895,25.224278060595893,3,1.2680064829082511,0.125,36.438969062884496,0.7217891216278076,1.4018187452246746,1.5186705297035603
session_20260812_095153_hold_breath_off_hold_breath_off_w00074,session_20260812_095153_hold_breath_off_hold_breath_off,/Users/jandonyggarofalo/Documents/Desa/UNI/Semestre7/embebidos/esp-csi/examples/get-started/csi_send/data/raw/session_20260812_095153_hold_breath_off_hold_breath_off.csv,158.0,166.0,breathing,accepted,,trusted_breathing,breathing,804,52.244,0.00274021,13.591570173418917,0.2844519969898893,47.78159519778039,4.357604796747877,3,1.4887621422258974,0.25,18.807162087284325,0.6801273226737976,1.1332696317332989,1.5186705297035603
session_20260812_095153_hold_breath_off_hold_breath_off_w00075,session_20260812_095153_hold_breath_off_hold_breath_off,/Users/jandonyggarofalo/Documents/Desa/UNI/Semestre7/embebidos/esp-csi/examples/get-started/csi_send/data/raw/session_20260812_095153_hold_breath_off_hold_breath_off.csv,160.0,168.0,breathing,accepted,,trusted_breathing,breathing,801,36.727,0.00413546,33.528234802917325,0.8866510725124069,37.814463707661446,37.98124896470169,3,1.3218968034508904,0.125,81.4912794974223,0.650012195110321,1.5795692418533422,1.5186705297035603
session_20260812_095153_hold_breath_off_hold_breath_off_w00076,session_20260812_095153_hold_breath_off_hold_breath_off,/Users/jandonyggarofalo/Documents/Desa/UNI/Semestre7/embebidos/esp-csi/examples/get-started/csi_send/data/raw/session_20260812_095153_hold_breath_off_hold_breath_off.csv,162.0,170.0,breathing,accepted,,trusted_breathing,breathing,794,36.727,0.00526409,6.755370679261975,0.16960797826184137,39.82932140605544,18.70669566852245,7,1.650737628633768,0.25,12.85190693128185,0.6283904314041138,1.1089675718921908,1.5186705297035603
session_20260812_095153_hold_breath_off_hold_breath_off_w00077,session_20260812_095153_hold_breath_off_hold_breath_off,/Users/jandonyggarofalo/Documents/Desa/UNI/Semestre7/embebidos/esp-csi/examples/get-started/csi_send/data/raw/session_20260812_095153_hold_breath_off_hold_breath_off.csv,164.0,172.0,breathing,accepted,,trusted_breathing,breathing,789,42.224,0.00589156,31.550049688624767,0.8242521559894411,38.27718187853991,30.637414574906714,4,1.3418398506517477,0.125,79.0349686001414,0.615238606929779,1.4990000475573002,1.5186705297035603
session_20260812_095153_hold_breath_off_hold_breath_off_w00078,session_20260812_095153_hold_breath_off_hold_breath_off,/Users/jandonyggarofalo/Documents/Desa/UNI/Semestre7/embebidos/esp-csi/examples/get-started/csi_send/data/raw/session_20260812_095153_hold_breath_off_hold_breath_off.csv,166.0,174.0,breathing,rejected,time_gap,not_evaluated,,790,109.799,,,,,,,,,,,,
session_20260812_095153_hold_breath_off_hold_breath_off_w00079,session_20260812_095153_hold_breath_off_hold_breath_off,/Users/jandonyggarofalo/Documents/Desa/UNI/Semestre7/embebidos/esp-csi/examples/get-started/csi_send/data/raw/session_20260812_095153_hold_breath_off_hold_breath_off.csv,168.0,176.0,breathing,rejected,time_gap,not_evaluated,,784,109.799,,,,,,,,,,,,
session_20260812_095153_hold_breath_off_hold_breath_off_w00080,session_20260812_095153_hold_breath_off_hold_breath_off,/Users/jandonyggarofalo/Documents/Desa/UNI/Semestre7/embebidos/esp-csi/examples/get-started/csi_send/data/raw/session_20260812_095153_hold_breath_off_hold_breath_off.csv,170.0,178.0,breathing,rejected,time_gap,not_evaluated,,776,109.799,,,,,,,,,,,,
session_20260812_095153_hold_breath_off_hold_breath_off_w00081,session_20260812_095153_hold_breath_off_hold_breath_off,/Users/jandonyggarofalo/Documents/Desa/UNI/Semestre7/embebidos/esp-csi/examples/get-started/csi_send/data/raw/session_20260812_095153_hold_breath_off_hold_breath_off.csv,172.0,180.0,breathing,rejected,transition_guard,not_evaluated,,777,,,,,,,,,,,,,
session_20260812_095153_hold_breath_off_hold_breath_off_w00082,session_20260812_095153_hold_breath_off_hold_breath_off,/Users/jandonyggarofalo/Documents/Desa/UNI/Semestre7/embebidos/esp-csi/examples/get-started/csi_send/data/raw/session_20260812_095153_hold_breath_off_hold_breath_off.csv,174.0,182.0,breathing,rejected,mixed_or_unknown_label,not_evaluated,,776,,,,,,,,,,,,,
session_20260812_095153_hold_breath_off_hold_breath_off_w00083,session_20260812_095153_hold_breath_off_hold_breath_off,/Users/jandonyggarofalo/Documents/Desa/UNI/Semestre7/embebidos/esp-csi/examples/get-started/csi_send/data/raw/session_20260812_095153_hold_breath_off_hold_breath_off.csv,176.0,184.0,hold_breath,rejected,mixed_or_unknown_label,not_evaluated,,782,,,,,,,,,,,,,
session_20260812_095153_hold_breath_off_hold_breath_off_w00084,session_20260812_095153_hold_breath_off_hold_breath_off,/Users/jandonyggarofalo/Documents/Desa/UNI/Semestre7/embebidos/esp-csi/examples/get-started/csi_send/data/raw/session_20260812_095153_hold_breath_off_hold_breath_off.csv,178.0,186.0,hold_breath,rejected,mixed_or_unknown_label,not_evaluated,,795,,,,,,,,,,,,,
session_20260812_095153_hold_breath_off_hold_breath_off_w00085,session_20260812_095153_hold_breath_off_hold_breath_off,/Users/jandonyggarofalo/Documents/Desa/UNI/Semestre7/embebidos/esp-csi/examples/get-started/csi_send/data/raw/session_20260812_095153_hold_breath_off_hold_breath_off.csv,180.0,188.0,hold_breath,rejected,transition_guard,not_evaluated,,757,,,,,,,,,,,,,
session_20260812_095153_hold_breath_off_hold_breath_off_w00086,session_20260812_095153_hold_breath_off_hold_breath_off,/Users/jandonyggarofalo/Documents/Desa/UNI/Semestre7/embebidos/esp-csi/examples/get-started/csi_send/data/raw/session_20260812_095153_hold_breath_off_hold_breath_off.csv,182.0,190.0,hold_breath,rejected,time_gap,not_evaluated,,724,284.629,,,,,,,,,,,,
session_20260812_095153_hold_breath_off_hold_breath_off_w00087,session_20260812_095153_hold_breath_off_hold_breath_off,/Users/jandonyggarofalo/Documents/Desa/UNI/Semestre7/embebidos/esp-csi/examples/get-started/csi_send/data/raw/session_20260812_095153_hold_breath_off_hold_breath_off.csv,184.0,192.0,hold_breath,rejected,time_gap,not_evaluated,,694,291.621,,,,,,,,,,,,
session_20260812_095153_hold_breath_off_hold_breath_off_w00088,session_20260812_095153_hold_breath_off_hold_breath_off,/Users/jandonyggarofalo/Documents/Desa/UNI/Semestre7/embebidos/esp-csi/examples/get-started/csi_send/data/raw/session_20260812_095153_hold_breath_off_hold_breath_off.csv,186.0,194.0,hold_breath,rejected,time_gap,not_evaluated,,537,291.621,,,,,,,,,,,,
session_20260812_095153_hold_breath_off_hold_breath_off_w00089,session_20260812_095153_hold_breath_off_hold_breath_off,/Users/jandonyggarofalo/Documents/Desa/UNI/Semestre7/embebidos/esp-csi/examples/get-started/csi_send/data/raw/session_20260812_095153_hold_breath_off_hold_breath_off.csv,188.0,196.0,hold_breath,rejected,time_gap,not_evaluated,,378,291.621,,,,,,,,,,,,
session_20260812_095153_hold_breath_off_hold_breath_off_w00090,session_20260812_095153_hold_breath_off_hold_breath_off,/Users/jandonyggarofalo/Documents/Desa/UNI/Semestre7/embebidos/esp-csi/examples/get-started/csi_send/data/raw/session_20260812_095153_hold_breath_off_hold_breath_off.csv,190.0,198.0,hold_breath,rejected,insufficient_samples,not_evaluated,,214,,,,,,,,,,,,,
session_20260812_095153_hold_breath_off_hold_breath_off_w00091,session_20260812_095153_hold_breath_off_hold_breath_off,/Users/jandonyggarofalo/Documents/Desa/UNI/Semestre7/embebidos/esp-csi/examples/get-started/csi_send/data/raw/session_20260812_095153_hold_breath_off_hold_breath_off.csv,192.0,200.0,hold_breath,rejected,insufficient_samples,not_evaluated,,45,,,,,,,,,,,,,
session_20260812_095153_hold_breath_off_hold_breath_off_w00092,session_20260812_095153_hold_breath_off_hold_breath_off,/Users/jandonyggarofalo/Documents/Desa/UNI/Semestre7/embebidos/esp-csi/examples/get-started/csi_send/data/raw/session_20260812_095153_hold_breath_off_hold_breath_off.csv,194.0,202.0,unknown,rejected,no_samples,not_evaluated,,0,,,,,,,,,,,,,
session_20260812_095153_hold_breath_off_hold_breath_off_w00093,session_20260812_095153_hold_breath_off_hold_breath_off,/Users/jandonyggarofalo/Documents/Desa/UNI/Semestre7/embebidos/esp-csi/examples/get-started/csi_send/data/raw/session_20260812_095153_hold_breath_off_hold_breath_off.csv,196.0,204.0,unknown,rejected,no_samples,not_evaluated,,0,,,,,,,,,,,,,
session_20260812_095153_hold_breath_off_hold_breath_off_w00094,session_20260812_095153_hold_breath_off_hold_breath_off,/Users/jandonyggarofalo/Documents/Desa/UNI/Semestre7/embebidos/esp-csi/examples/get-started/csi_send/data/raw/session_20260812_095153_hold_breath_off_hold_breath_off.csv,198.0,206.0,unknown,rejected,no_samples,not_evaluated,,0,,,,,,,,,,,,,
session_20260812_095153_hold_breath_off_hold_breath_off_w00095,session_20260812_095153_hold_breath_off_hold_breath_off,/Users/jandonyggarofalo/Documents/Desa/UNI/Semestre7/embebidos/esp-csi/examples/get-started/csi_send/data/raw/session_20260812_095153_hold_breath_off_hold_breath_off.csv,200.0,208.0,hold_breath,rejected,insufficient_samples,not_evaluated,,32,,,,,,,,,,,,,
session_20260812_095153_hold_breath_off_hold_breath_off_w00096,session_20260812_095153_hold_breath_off_hold_breath_off,/Users/jandonyggarofalo/Documents/Desa/UNI/Semestre7/embebidos/esp-csi/examples/get-started/csi_send/data/raw/session_20260812_095153_hold_breath_off_hold_breath_off.csv,202.0,210.0,hold_breath,rejected,insufficient_samples,not_evaluated,,32,,,,,,,,,,,,,
session_20260812_095153_hold_breath_off_hold_breath_off_w00097,session_20260812_095153_hold_breath_off_hold_breath_off,/Users/jandonyggarofalo/Documents/Desa/UNI/Semestre7/embebidos/esp-csi/examples/get-started/csi_send/data/raw/session_20260812_095153_hold_breath_off_hold_breath_off.csv,204.0,212.0,hold_breath,rejected,insufficient_samples,not_evaluated,,32,,,,,,,,,,,,,
session_20260812_095153_hold_breath_off_hold_breath_off_w00098,session_20260812_095153_hold_breath_off_hold_breath_off,/Users/jandonyggarofalo/Documents/Desa/UNI/Semestre7/embebidos/esp-csi/examples/get-started/csi_send/data/raw/session_20260812_095153_hold_breath_off_hold_breath_off.csv,206.0,214.0,hold_breath,rejected,insufficient_samples,not_evaluated,,64,,,,,,,,,,,,,
session_20260812_095153_hold_breath_off_hold_breath_off_w00099,session_20260812_095153_hold_breath_off_hold_breath_off,/Users/jandonyggarofalo/Documents/Desa/UNI/Semestre7/embebidos/esp-csi/examples/get-started/csi_send/data/raw/session_20260812_095153_hold_breath_off_hold_breath_off.csv,208.0,216.0,hold_breath,rejected,insufficient_samples,not_evaluated,,32,,,,,,,,,,,,,
session_20260812_095153_hold_breath_off_hold_breath_off_w00100,session_20260812_095153_hold_breath_off_hold_breath_off,/Users/jandonyggarofalo/Documents/Desa/UNI/Semestre7/embebidos/esp-csi/examples/get-started/csi_send/data/raw/session_20260812_095153_hold_breath_off_hold_breath_off.csv,210.0,218.0,hold_breath,rejected,insufficient_samples,not_evaluated,,32,,,,,,,,,,,,,
session_20260812_095153_hold_breath_off_hold_breath_off_w00101,session_20260812_095153_hold_breath_off_hold_breath_off,/Users/jandonyggarofalo/Documents/Desa/UNI/Semestre7/embebidos/esp-csi/examples/get-started/csi_send/data/raw/session_20260812_095153_hold_breath_off_hold_breath_off.csv,212.0,220.0,hold_breath,rejected,insufficient_samples,not_evaluated,,64,,,,,,,,,,,,,
session_20260812_095153_hold_breath_off_hold_breath_off_w00102,session_20260812_095153_hold_breath_off_hold_breath_off,/Users/jandonyggarofalo/Documents/Desa/UNI/Semestre7/embebidos/esp-csi/examples/get-started/csi_send/data/raw/session_20260812_095153_hold_breath_off_hold_breath_off.csv,214.0,222.0,hold_breath,rejected,insufficient_samples,not_evaluated,,32,,,,,,,,,,,,,
session_20260812_095153_hold_breath_off_hold_breath_off_w00103,session_20260812_095153_hold_breath_off_hold_breath_off,/Users/jandonyggarofalo/Documents/Desa/UNI/Semestre7/embebidos/esp-csi/examples/get-started/csi_send/data/raw/session_20260812_095153_hold_breath_off_hold_breath_off.csv,216.0,224.0,hold_breath,rejected,insufficient_samples,not_evaluated,,86,,,,,,,,,,,,,
session_20260812_095153_hold_breath_off_hold_breath_off_w00104,session_20260812_095153_hold_breath_off_hold_breath_off,/Users/jandonyggarofalo/Documents/Desa/UNI/Semestre7/embebidos/esp-csi/examples/get-started/csi_send/data/raw/session_20260812_095153_hold_breath_off_hold_breath_off.csv,218.0,226.0,hold_breath,rejected,insufficient_samples,not_evaluated,,283,,,,,,,,,,,,,
session_20260812_095153_hold_breath_off_hold_breath_off_w00105,session_20260812_095153_hold_breath_off_hold_breath_off,/Users/jandonyggarofalo/Documents/Desa/UNI/Semestre7/embebidos/esp-csi/examples/get-started/csi_send/data/raw/session_20260812_095153_hold_breath_off_hold_breath_off.csv,220.0,228.0,hold_breath,accepted,,high_confidence_hold,hold_breath,454,60.279,0.01949683,9.327476896929195,0.20262633478443307,46.03289551087391,3.9052922954054496,5,1.338813565626425,0.375,17.247597103407788,0.6204893589019775,0.9697641820175402,1.5186705297035603
session_20260812_095153_hold_breath_off_hold_breath_off_w00106,session_20260812_095153_hold_breath_off_hold_breath_off,/Users/jandonyggarofalo/Documents/Desa/UNI/Semestre7/embebidos/esp-csi/examples/get-started/csi_send/data/raw/session_20260812_095153_hold_breath_off_hold_breath_off.csv,222.0,230.0,hold_breath,accepted,,ambiguous_breathing_evidence,,643,60.279,0.01820082,35.5183160928882,0.7310636178871657,48.58443947120565,15.617338940554982,6,1.4869586011419218,0.5,43.075690504621335,0.6060826778411865,1.5504523678919926,1.5186705297035603
session_20260812_095153_hold_breath_off_hold_breath_off_w00107,session_20260812_095153_hold_breath_off_hold_breath_off,/Users/jandonyggarofalo/Documents/Desa/UNI/Semestre7/embebidos/esp-csi/examples/get-started/csi_send/data/raw/session_20260812_095153_hold_breath_off_hold_breath_off.csv,224.0,232.0,hold_breath,accepted,,ambiguous_breathing_evidence,,781,60.279,0.00768246,43.02018752783317,0.9474264516585298,45.40741653611023,19.783460456754447,5,1.5708615845097553,0.375,62.19886689467505,0.5234251022338867,1.6336722991738537,1.5186705297035603
session_20260812_095153_hold_breath_off_hold_breath_off_w00108,session_20260812_095153_hold_breath_off_hold_breath_off,/Users/jandonyggarofalo/Documents/Desa/UNI/Semestre7/embebidos/esp-csi/examples/get-started/csi_send/data/raw/session_20260812_095153_hold_breath_off_hold_breath_off.csv,226.0,234.0,hold_breath,accepted,,high_confidence_hold,hold_breath,769,60.279,0.00492726,32.4290200694258,0.7150067099642669,45.3548471887783,16.86132723618996,6,1.5707728754954016,0.375,50.21681590305273,0.5921815633773804,1.5109338254885594,1.5186705297035603
session_20260812_095153_hold_breath_off_hold_breath_off_w00109,session_20260812_095153_hold_breath_off_hold_breath_off,/Users/jandonyggarofalo/Documents/Desa/UNI/Semestre7/embebidos/esp-csi/examples/get-started/csi_send/data/raw/session_20260812_095153_hold_breath_off_hold_breath_off.csv,228.0,236.0,hold_breath,accepted,,high_confidence_hold,hold_breath,756,36.425,0.00751281,9.104845684141008,0.18943578558401378,48.06296580143773,9.212898502193053,5,1.2517016651640593,0.375,20.425434997554973,0.5982677936553955,0.9643962865996292,1.5186705297035603
session_20260812_095153_hold_breath_off_hold_breath_off_w00110,session_20260812_095153_hold_breath_off_hold_breath_off,/Users/jandonyggarofalo/Documents/Desa/UNI/Semestre7/embebidos/esp-csi/examples/get-started/csi_send/data/raw/session_20260812_095153_hold_breath_off_hold_breath_off.csv,230.0,238.0,hold_breath,accepted,,high_confidence_hold,hold_breath,763,51.677,0.00641997,23.69213459131348,0.6014395462189328,39.39237906821944,27.800280734887128,6,1.6065824327650973,0.125,38.05760871215913,0.6238515973091125,1.4440491815654573,1.5186705297035603
session_20260812_095153_hold_breath_off_hold_breath_off_w00111,session_20260812_095153_hold_breath_off_hold_breath_off,/Users/jandonyggarofalo/Documents/Desa/UNI/Semestre7/embebidos/esp-csi/examples/get-started/csi_send/data/raw/session_20260812_095153_hold_breath_off_hold_breath_off.csv,232.0,240.0,hold_breath,rejected,transition_guard,not_evaluated,,762,,,,,,,,,,,,,
session_20260812_095153_hold_breath_off_hold_breath_off_w00112,session_20260812_095153_hold_breath_off_hold_breath_off,/Users/jandonyggarofalo/Documents/Desa/UNI/Semestre7/embebidos/esp-csi/examples/get-started/csi_send/data/raw/session_20260812_095153_hold_breath_off_hold_breath_off.csv,234.0,242.0,hold_breath,rejected,mixed_or_unknown_label,not_evaluated,,772,,,,,,,,,,,,,
session_20260812_095153_hold_breath_off_hold_breath_off_w00113,session_20260812_095153_hold_breath_off_hold_breath_off,/Users/jandonyggarofalo/Documents/Desa/UNI/Semestre7/embebidos/esp-csi/examples/get-started/csi_send/data/raw/session_20260812_095153_hold_breath_off_hold_breath_off.csv,236.0,244.0,breathing,rejected,mixed_or_unknown_label,not_evaluated,,782,,,,,,,,,,,,,
session_20260812_095153_hold_breath_off_hold_breath_off_w00114,session_20260812_095153_hold_breath_off_hold_breath_off,/Users/jandonyggarofalo/Documents/Desa/UNI/Semestre7/embebidos/esp-csi/examples/get-started/csi_send/data/raw/session_20260812_095153_hold_breath_off_hold_breath_off.csv,238.0,246.0,breathing,rejected,mixed_or_unknown_label,not_evaluated,,786,,,,,,,,,,,,,
session_20260812_095153_hold_breath_off_hold_breath_off_w00115,session_20260812_095153_hold_breath_off_hold_breath_off,/Users/jandonyggarofalo/Documents/Desa/UNI/Semestre7/embebidos/esp-csi/examples/get-started/csi_send/data/raw/session_20260812_095153_hold_breath_off_hold_breath_off.csv,240.0,248.0,breathing,rejected,transition_guard,not_evaluated,,801,,,,,,,,,,,,,
session_20260812_095153_hold_breath_off_hold_breath_off_w00116,session_20260812_095153_hold_breath_off_hold_breath_off,/Users/jandonyggarofalo/Documents/Desa/UNI/Semestre7/embebidos/esp-csi/examples/get-started/csi_send/data/raw/session_20260812_095153_hold_breath_off_hold_breath_off.csv,242.0,250.0,breathing,accepted,,trusted_breathing,breathing,806,48.679,0.00463322,12.017349776021396,0.33836847615220156,35.515571405003925,18.003490829047266,3,0.9386507173705291,0.125,42.459574739550234,0.771521270275116,1.2553567218146733,1.5186705297035603
session_20260812_095153_hold_breath_off_hold_breath_off_w00117,session_20260812_095153_hold_breath_off_hold_breath_off,/Users/jandonyggarofalo/Documents/Desa/UNI/Semestre7/embebidos/esp-csi/examples/get-started/csi_send/data/raw/session_20260812_095153_hold_breath_off_hold_breath_off.csv,244.0,252.0,breathing,accepted,,trusted_breathing,breathing,806,48.679,0.00697891,35.14276500474008,0.9868428667154849,35.61130772690321,55.499624200026645,5,1.205782322928774,0.125,109.6404126217236,0.7810611128807068,1.7442900424306609,1.5186705297035603
session_20260812_095153_hold_breath_off_hold_breath_off_w00118,session_20260812_095153_hold_breath_off_hold_breath_off,/Users/jandonyggarofalo/Documents/Desa/UNI/Semestre7/embebidos/esp-csi/examples/get-started/csi_send/data/raw/session_20260812_095153_hold_breath_off_hold_breath_off.csv,246.0,254.0,breathing,accepted,,trusted_breathing,breathing,798,39.848,0.00772439,37.5801712841311,0.9779271370580618,38.42839600212613,39.34547498209553,3,1.1592475481797773,0.125,112.3541886827194,0.7673293352127075,1.5948947925195485,1.5186705297035603
session_20260812_095153_hold_breath_off_hold_breath_off_w00119,session_20260812_095153_hold_breath_off_hold_breath_off,/Users/jandonyggarofalo/Documents/Desa/UNI/Semestre7/embebidos/esp-csi/examples/get-started/csi_send/data/raw/session_20260812_095153_hold_breath_off_hold_breath_off.csv,248.0,256.0,breathing,rejected,time_gap,not_evaluated,,778,111.89,,,,,,,,,,,,
session_20260812_095153_hold_breath_off_hold_breath_off_w00120,session_20260812_095153_hold_breath_off_hold_breath_off,/Users/jandonyggarofalo/Documents/Desa/UNI/Semestre7/embebidos/esp-csi/examples/get-started/csi_send/data/raw/session_20260812_095153_hold_breath_off_hold_breath_off.csv,250.0,258.0,breathing,rejected,time_gap,not_evaluated,,769,111.89,,,,,,,,,,,,
session_20260812_095153_hold_breath_off_hold_breath_off_w00121,session_20260812_095153_hold_breath_off_hold_breath_off,/Users/jandonyggarofalo/Documents/Desa/UNI/Semestre7/embebidos/esp-csi/examples/get-started/csi_send/data/raw/session_20260812_095153_hold_breath_off_hold_breath_off.csv,252.0,260.0,breathing,rejected,time_gap,not_evaluated,,766,111.89,,,,,,,,,,,,
session_20260812_095153_hold_breath_off_hold_breath_off_w00122,session_20260812_095153_hold_breath_off_hold_breath_off,/Users/jandonyggarofalo/Documents/Desa/UNI/Semestre7/embebidos/esp-csi/examples/get-started/csi_send/data/raw/session_20260812_095153_hold_breath_off_hold_breath_off.csv,254.0,262.0,breathing,rejected,time_gap,not_evaluated,,765,111.89,,,,,,,,,,,,
session_20260812_095153_hold_breath_off_hold_breath_off_w00123,session_20260812_095153_hold_breath_off_hold_breath_off,/Users/jandonyggarofalo/Documents/Desa/UNI/Semestre7/embebidos/esp-csi/examples/get-started/csi_send/data/raw/session_20260812_095153_hold_breath_off_hold_breath_off.csv,256.0,264.0,breathing,accepted,,trusted_breathing,breathing,763,39.094,0.01014703,43.98395921045453,0.911238097150574,48.26834978469771,13.625787554978738,5,1.4808544260737848,0.25,59.202213681231456,0.7074528932571411,1.6432943197465217,1.5186705297035603
session_20260812_095153_hold_breath_off_hold_breath_off_w00124,session_20260812_095153_hold_breath_off_hold_breath_off,/Users/jandonyggarofalo/Documents/Desa/UNI/Semestre7/embebidos/esp-csi/examples/get-started/csi_send/data/raw/session_20260812_095153_hold_breath_off_hold_breath_off.csv,258.0,266.0,breathing,accepted,,trusted_breathing,breathing,770,39.094,0.01136364,112.65600285907513,2.6434046983304444,42.61776599329843,74.7687383358414,4,1.5459695111928327,0.125,160.51196876482447,0.686830997467041,2.0517543379960603,1.5186705297035603
session_20260812_095153_hold_breath_off_hold_breath_off_w00125,session_20260812_095153_hold_breath_off_hold_breath_off,/Users/jandonyggarofalo/Documents/Desa/UNI/Semestre7/embebidos/esp-csi/examples/get-started/csi_send/data/raw/session_20260812_095153_hold_breath_off_hold_breath_off.csv,260.0,268.0,breathing,accepted,,trusted_breathing,breathing,772,39.094,0.00991742,43.194364186966965,0.8682918905391747,49.74636370275812,16.643243007627927,6,1.004671834477406,0.375,101.71917311547247,0.6537628173828125,1.6354270856535653,1.5186705297035603
session_20260812_095153_hold_breath_off_hold_breath_off_w00126,session_20260812_095153_hold_breath_off_hold_breath_off,/Users/jandonyggarofalo/Documents/Desa/UNI/Semestre7/embebidos/esp-csi/examples/get-started/csi_send/data/raw/session_20260812_095153_hold_breath_off_hold_breath_off.csv,262.0,270.0,breathing,rejected,time_gap,not_evaluated,,773,299.071,,,,,,,,,,,,
session_20260812_095153_hold_breath_off_hold_breath_off_w00127,session_20260812_095153_hold_breath_off_hold_breath_off,/Users/jandonyggarofalo/Documents/Desa/UNI/Semestre7/embebidos/esp-csi/examples/get-started/csi_send/data/raw/session_20260812_095153_hold_breath_off_hold_breath_off.csv,264.0,272.0,breathing,rejected,time_gap,not_evaluated,,780,299.071,,,,,,,,,,,,
session_20260812_095153_hold_breath_off_hold_breath_off_w00128,session_20260812_095153_hold_breath_off_hold_breath_off,/Users/jandonyggarofalo/Documents/Desa/UNI/Semestre7/embebidos/esp-csi/examples/get-started/csi_send/data/raw/session_20260812_095153_hold_breath_off_hold_breath_off.csv,266.0,274.0,breathing,rejected,time_gap,not_evaluated,,781,299.071,,,,,,,,,,,,
session_20260812_095153_hold_breath_off_hold_breath_off_w00129,session_20260812_095153_hold_breath_off_hold_breath_off,/Users/jandonyggarofalo/Documents/Desa/UNI/Semestre7/embebidos/esp-csi/examples/get-started/csi_send/data/raw/session_20260812_095153_hold_breath_off_hold_breath_off.csv,268.0,276.0,breathing,rejected,time_gap,not_evaluated,,778,299.071,,,,,,,,,,,,
session_20260812_095153_hold_breath_off_hold_breath_off_w00130,session_20260812_095153_hold_breath_off_hold_breath_off,/Users/jandonyggarofalo/Documents/Desa/UNI/Semestre7/embebidos/esp-csi/examples/get-started/csi_send/data/raw/session_20260812_095153_hold_breath_off_hold_breath_off.csv,270.0,278.0,breathing,accepted,,trusted_breathing,breathing,781,34.037,0.00248079,65.9105144018229,1.9592522701599537,33.64064720282718,97.39761204872072,2,1.2239495536137412,0.125,199.40440673426681,0.677245020866394,1.9885483091704392,1.5186705297035603
session_20260812_095153_hold_breath_off_hold_breath_off_w00131,session_20260812_095153_hold_breath_off_hold_breath_off,/Users/jandonyggarofalo/Documents/Desa/UNI/Semestre7/embebidos/esp-csi/examples/get-started/csi_send/data/raw/session_20260812_095153_hold_breath_off_hold_breath_off.csv,272.0,280.0,breathing,accepted,,trusted_breathing,breathing,789,34.037,0.00258436,32.0700940908862,0.6595825462043033,48.62180522421523,15.528889981231748,6,1.156776555424958,0.375,71.26352369368533,0.6751709580421448,1.5061002341128236,1.5186705297035603
session_20260812_095153_hold_breath_off_hold_breath_off_w00132,session_20260812_095153_hold_breath_off_hold_breath_off,/Users/jandonyggarofalo/Documents/Desa/UNI/Semestre7/embebidos/esp-csi/examples/get-started/csi_send/data/raw/session_20260812_095153_hold_breath_off_hold_breath_off.csv,274.0,282.0,breathing,accepted,,trusted_breathing,breathing,784,32.241,0.00295958,87.2847936763773,2.1622678041316656,40.367244755507606,80.72424871644463,5,1.5443846361763949,0.125,162.20161509822069,0.6297187805175781,1.9409385896658728,1.5186705297035603
session_20260812_095153_hold_breath_off_hold_breath_off_w00133,session_20260812_095153_hold_breath_off_hold_breath_off,/Users/jandonyggarofalo/Documents/Desa/UNI/Semestre7/embebidos/esp-csi/examples/get-started/csi_send/data/raw/session_20260812_095153_hold_breath_off_hold_breath_off.csv,276.0,284.0,breathing,accepted,,trusted_breathing,breathing,784,84.95,0.00292969,47.74942311070014,1.2616356955093808,37.847235363282614,55.13467071457302,4,1.487524936972826,0.125,84.47420397286065,0.6152371764183044,1.7414247851446643,1.5186705297035603
session_20260812_095153_hold_breath_off_hold_breath_off_w00134,session_20260812_095153_hold_breath_off_hold_breath_off,/Users/jandonyggarofalo/Documents/Desa/UNI/Semestre7/embebidos/esp-csi/examples/get-started/csi_send/data/raw/session_20260812_095153_hold_breath_off_hold_breath_off.csv,278.0,286.0,breathing,accepted,,trusted_breathing,breathing,782,84.95,0.00383632,22.786313379600717,0.4712065261550076,48.35738071262748,7.231981905699529,4,1.4446634015284423,0.375,36.37570663940651,0.6104027628898621,1.3576740659259245,1.5186705297035603
session_20260812_095153_hold_breath_off_hold_breath_off_w00135,session_20260812_095153_hold_breath_off_hold_breath_off,/Users/jandonyggarofalo/Documents/Desa/UNI/Semestre7/embebidos/esp-csi/examples/get-started/csi_send/data/raw/session_20260812_095153_hold_breath_off_hold_breath_off.csv,280.0,288.0,breathing,accepted,,trusted_breathing,breathing,775,84.95,0.00451613,99.38917959349257,2.757939761752754,36.037472961444124,102.50671529868401,2,1.0770208778599775,0.125,320.7444230218887,0.5427628755569458,2.010752317310141,1.5186705297035603
session_20260812_095153_hold_breath_off_hold_breath_off_w00136,session_20260812_095153_hold_breath_off_hold_breath_off,/Users/jandonyggarofalo/Documents/Desa/UNI/Semestre7/embebidos/esp-csi/examples/get-started/csi_send/data/raw/session_20260812_095153_hold_breath_off_hold_breath_off.csv,282.0,290.0,breathing,accepted,,trusted_breathing,breathing,775,84.95,0.00429435,9.311570961589434,0.23588148706460624,39.47563277401073,7.861719564451115,5,1.533215424538899,0.5,14.8242186128707,0.5343095064163208,0.9690229572857998,1.5186705297035603
session_20260812_095153_hold_breath_off_hold_breath_off_w00137,session_20260812_095153_hold_breath_off_hold_breath_off,/Users/jandonyggarofalo/Documents/Desa/UNI/Semestre7/embebidos/esp-csi/examples/get-started/csi_send/data/raw/session_20260812_095153_hold_breath_off_hold_breath_off.csv,284.0,292.0,breathing,accepted,,trusted_breathing,breathing,774,36.684,0.00543039,16.614290875622018,0.3366319128834309,49.354473654213145,5.629305604731702,5,1.2202320053007378,0.375,32.5745732453803,0.5409510135650635,1.2204818096306123,1.5186705297035603
session_20260812_095153_hold_breath_off_hold_breath_off_w00138,session_20260812_095153_hold_breath_off_hold_breath_off,/Users/jandonyggarofalo/Documents/Desa/UNI/Semestre7/embebidos/esp-csi/examples/get-started/csi_send/data/raw/session_20260812_095153_hold_breath_off_hold_breath_off.csv,286.0,294.0,breathing,accepted,,trusted_breathing,breathing,776,36.684,0.00596005,8.151595156620553,0.17073960730432564,47.74284821941424,4.180126439518575,5,1.2359849135622079,0.375,17.649793765985834,0.5262635946273804,0.9112426025965983,1.5186705297035603
session_20260812_095153_hold_breath_off_hold_breath_off_w00139,session_20260812_095153_hold_breath_off_hold_breath_off,/Users/jandonyggarofalo/Documents/Desa/UNI/Semestre7/embebidos/esp-csi/examples/get-started/csi_send/data/raw/session_20260812_095153_hold_breath_off_hold_breath_off.csv,288.0,296.0,breathing,accepted,,trusted_breathing,breathing,770,48.174,0.00593547,12.493552869273632,0.260881094845401,47.88983608271601,6.877719440642628,6,1.503385271407863,0.375,16.870294741724777,0.5964143872261047,1.0966859589590077,1.5186705297035603
session_20260812_095153_hold_breath_off_hold_breath_off_w00140,session_20260812_095153_hold_breath_off_hold_breath_off,/Users/jandonyggarofalo/Documents/Desa/UNI/Semestre7/embebidos/esp-csi/examples/get-started/csi_send/data/raw/session_20260812_095153_hold_breath_off_hold_breath_off.csv,290.0,298.0,breathing,rejected,time_gap,not_evaluated,,778,114.118,,,,,,,,,,,,
session_20260812_095153_hold_breath_off_hold_breath_off_w00141,session_20260812_095153_hold_breath_off_hold_breath_off,/Users/jandonyggarofalo/Documents/Desa/UNI/Semestre7/embebidos/esp-csi/examples/get-started/csi_send/data/raw/session_20260812_095153_hold_breath_off_hold_breath_off.csv,292.0,300.0,breathing,rejected,transition_guard,not_evaluated,,781,,,,,,,,,,,,,
session_20260812_095153_hold_breath_off_hold_breath_off_w00142,session_20260812_095153_hold_breath_off_hold_breath_off,/Users/jandonyggarofalo/Documents/Desa/UNI/Semestre7/embebidos/esp-csi/examples/get-started/csi_send/data/raw/session_20260812_095153_hold_breath_off_hold_breath_off.csv,294.0,302.0,breathing,rejected,mixed_or_unknown_label,not_evaluated,,775,,,,,,,,,,,,,
session_20260812_095153_hold_breath_off_hold_breath_off_w00143,session_20260812_095153_hold_breath_off_hold_breath_off,/Users/jandonyggarofalo/Documents/Desa/UNI/Semestre7/embebidos/esp-csi/examples/get-started/csi_send/data/raw/session_20260812_095153_hold_breath_off_hold_breath_off.csv,296.0,304.0,breathing,rejected,mixed_or_unknown_label,not_evaluated,,787,,,,,,,,,,,,,
session_20260812_095153_hold_breath_off_hold_breath_off_w00144,session_20260812_095153_hold_breath_off_hold_breath_off,/Users/jandonyggarofalo/Documents/Desa/UNI/Semestre7/embebidos/esp-csi/examples/get-started/csi_send/data/raw/session_20260812_095153_hold_breath_off_hold_breath_off.csv,298.0,306.0,hold_breath,rejected,mixed_or_unknown_label,not_evaluated,,788,,,,,,,,,,,,,
session_20260812_095153_hold_breath_off_hold_breath_off_w00145,session_20260812_095153_hold_breath_off_hold_breath_off,/Users/jandonyggarofalo/Documents/Desa/UNI/Semestre7/embebidos/esp-csi/examples/get-started/csi_send/data/raw/session_20260812_095153_hold_breath_off_hold_breath_off.csv,300.0,308.0,hold_breath,rejected,transition_guard,not_evaluated,,793,,,,,,,,,,,,,
session_20260812_095153_hold_breath_off_hold_breath_off_w00146,session_20260812_095153_hold_breath_off_hold_breath_off,/Users/jandonyggarofalo/Documents/Desa/UNI/Semestre7/embebidos/esp-csi/examples/get-started/csi_send/data/raw/session_20260812_095153_hold_breath_off_hold_breath_off.csv,302.0,310.0,hold_breath,accepted,,high_confidence_hold,hold_breath,798,78.762,0.00390625,19.64050585662401,0.42373824012742556,46.35056267442706,10.978086323114553,5,1.4880754115215535,0.125,34.56883181641163,0.5824300646781921,1.2931526691898156,1.5186705297035603
session_20260812_095153_hold_breath_off_hold_breath_off_w00147,session_20260812_095153_hold_breath_off_hold_breath_off,/Users/jandonyggarofalo/Documents/Desa/UNI/Semestre7/embebidos/esp-csi/examples/get-started/csi_send/data/raw/session_20260812_095153_hold_breath_off_hold_breath_off.csv,304.0,312.0,hold_breath,accepted,,ambiguous_breathing_evidence,,809,78.762,0.00589076,1041.6272626894727,29.147831677322504,35.73601200324758,1282.805117372407,3,1.043397525886952,0.125,3450.8731204160104,0.7300089597702026,3.108160683749516,1.5186705297035603
session_20260812_095153_hold_breath_off_hold_breath_off_w00148,session_20260812_095153_hold_breath_off_hold_breath_off,/Users/jandonyggarofalo/Documents/Desa/UNI/Semestre7/embebidos/esp-csi/examples/get-started/csi_send/data/raw/session_20260812_095153_hold_breath_off_hold_breath_off.csv,306.0,314.0,hold_breath,accepted,,ambiguous_breathing_evidence,,807,78.762,0.00455003,193.69062389911016,4.1131018815549965,47.091132064503235,62.60253411160749,6,1.5195795365860596,0.375,275.6341765438334,0.6885597705841064,2.287108598068446,1.5186705297035603
session_20260812_095153_hold_breath_off_hold_breath_off_w00149,session_20260812_095153_hold_breath_off_hold_breath_off,/Users/jandonyggarofalo/Documents/Desa/UNI/Semestre7/embebidos/esp-csi/examples/get-started/csi_send/data/raw/session_20260812_095153_hold_breath_off_hold_breath_off.csv,308.0,316.0,hold_breath,accepted,,ambiguous_breathing_evidence,,806,78.762,0.00457506,143.19580484877082,3.080942154641817,46.47792709544459,49.831519907669524,3,1.357749488963085,0.125,240.51338968090351,0.699756920337677,2.1559302948034214,1.5186705297035603
session_20260812_095153_hold_breath_off_hold_breath_off_w00150,session_20260812_095153_hold_breath_off_hold_breath_off,/Users/jandonyggarofalo/Documents/Desa/UNI/Semestre7/embebidos/esp-csi/examples/get-started/csi_send/data/raw/session_20260812_095153_hold_breath_off_hold_breath_off.csv,310.0,318.0,hold_breath,accepted,,ambiguous_breathing_evidence,,812,39.111,0.00404095,183.04010913888553,4.231995446847755,43.251490092027765,91.94065168860183,2,1.0271970133014068,0.125,499.1132888286906,0.7110874056816101,2.2625462660639903,1.5186705297035603
session_20260812_095153_hold_breath_off_hold_breath_off_w00151,session_20260812_095153_hold_breath_off_hold_breath_off,/Users/jandonyggarofalo/Documents/Desa/UNI/Semestre7/embebidos/esp-csi/examples/get-started/csi_send/data/raw/session_20260812_095153_hold_breath_off_hold_breath_off.csv,312.0,320.0,hold_breath,accepted,,ambiguous_breathing_evidence,,800,37.132,0.00326172,80.19502673699856,1.6262654875748221,49.31238309468188,21.463394277038855,5,1.2285473127563356,0.25,156.35831497852095,0.6871019601821899,1.9041474365179762,1.5186705297035603
session_20260812_095153_hold_breath_off_hold_breath_off_w00152,session_20260812_095153_hold_breath_off_hold_breath_off,/Users/jandonyggarofalo/Documents/Desa/UNI/Semestre7/embebidos/esp-csi/examples/get-started/csi_send/data/raw/session_20260812_095153_hold_breath_off_hold_breath_off.csv,314.0,322.0,hold_breath,accepted,,ambiguous_breathing_evidence,,804,37.132,0.00557758,67.41432922868913,1.4555366648520953,46.3157891220096,23.813858781138563,2,1.4143210997813789,0.125,110.18237528762006,0.7193994522094727,1.8287522176559172,1.5186705297035603
session_20260812_095153_hold_breath_off_hold_breath_off_w00153,session_20260812_095153_hold_breath_off_hold_breath_off,/Users/jandonyggarofalo/Documents/Desa/UNI/Semestre7/embebidos/esp-csi/examples/get-started/csi_send/data/raw/session_20260812_095153_hold_breath_off_hold_breath_off.csv,316.0,324.0,hold_breath,accepted,,ambiguous_breathing_evidence,,799,95.306,0.00611115,40.766004492123194,0.8920029338510997,45.70164844197976,15.962286546565075,3,1.4085849003730042,0.25,66.0602153898902,0.7716959118843079,1.6102981479972742,1.5186705297035603
session_20260812_095153_hold_breath_off_hold_breath_off_w00154,session_20260812_095153_hold_breath_off_hold_breath_off,/Users/jandonyggarofalo/Documents/Desa/UNI/Semestre7/embebidos/esp-csi/examples/get-started/csi_send/data/raw/session_20260812_095153_hold_breath_off_hold_breath_off.csv,318.0,326.0,hold_breath,accepted,,high_confidence_hold,hold_breath,796,95.306,0.00790083,7.38969965683453,0.15352512922215855,48.13348599168499,3.295575047987061,5,1.4099738005849154,0.25,10.829007978038506,0.753206729888916,0.8686267875112418,1.5186705297035603
session_20260812_095153_hold_breath_off_hold_breath_off_w00155,session_20260812_095153_hold_breath_off_hold_breath_off,/Users/jandonyggarofalo/Documents/Desa/UNI/Semestre7/embebidos/esp-csi/examples/get-started/csi_send/data/raw/session_20260812_095153_hold_breath_off_hold_breath_off.csv,320.0,328.0,hold_breath,accepted,,high_confidence_hold,hold_breath,801,95.306,0.00674938,1.1356656132236111,0.027444957204573104,41.37975529409817,0.8638170126247903,5,1.6483830300543227,0.25,2.0694402533403027,0.6959431767463684,0.05525047599736331,1.5186705297035603
session_20260812_095153_hold_breath_off_hold_breath_off_w00156,session_20260812_095153_hold_breath_off_hold_breath_off,/Users/jandonyggarofalo/Documents/Desa/UNI/Semestre7/embebidos/esp-csi/examples/get-started/csi_send/data/raw/session_20260812_095153_hold_breath_off_hold_breath_off.csv,322.0,330.0,hold_breath,accepted,,high_confidence_hold,hold_breath,797,95.306,0.00630293,17.174156581669774,0.3983355173840505,43.114801046145224,13.525386677086084,3,1.4407249789522427,0.125,32.45775078164878,0.6547697186470032,1.2348754181670802,1.5186705297035603
session_20260812_095153_hold_breath_off_hold_breath_off_w00157,session_20260812_095153_hold_breath_off_hold_breath_off,/Users/jandonyggarofalo/Documents/Desa/UNI/Semestre7/embebidos/esp-csi/examples/get-started/csi_send/data/raw/session_20260812_095153_hold_breath_off_hold_breath_off.csv,324.0,332.0,hold_breath,accepted,,ambiguous_breathing_evidence,,798,53.981,0.00856634,63.704411037655305,1.8979935307980296,33.564082281585335,90.48598668734184,2,1.0068386350110115,0.125,217.2651601803459,0.7105993032455444,1.9565813264362597,1.5186705297035603
session_20260812_095153_hold_breath_off_hold_breath_off_w00158,session_20260812_095153_hold_breath_off_hold_breath_off,/Users/jandonyggarofalo/Documents/Desa/UNI/Semestre7/embebidos/esp-csi/examples/get-started/csi_send/data/raw/session_20260812_095153_hold_breath_off_hold_breath_off.csv,326.0,334.0,hold_breath,accepted,,ambiguous_breathing_evidence,,800,53.981,0.00767578,88.62173260470225,2.234039607335971,39.66882785500007,84.21114628960024,5,1.3793080943276526,0.125,207.71659524856,0.7440667152404785,1.9475402364799124,1.5186705297035603
session_20260812_095153_hold_breath_off_hold_breath_off_w00159,session_20260812_095153_hold_breath_off_hold_breath_off,/Users/jandonyggarofalo/Documents/Desa/UNI/Semestre7/embebidos/esp-csi/examples/get-started/csi_send/data/raw/session_20260812_095153_hold_breath_off_hold_breath_off.csv,328.0,336.0,hold_breath,accepted,,ambiguous_breathing_evidence,,800,53.981,0.00969727,79.07707432193602,2.0134898913452277,39.273638602210596,101.27695471832035,6,1.3675340203119946,0.125,146.043601346735,0.7689642906188965,2.005510634133465,1.5186705297035603
session_20260812_095153_hold_breath_off_hold_breath_off_w00160,session_20260812_095153_hold_breath_off_hold_breath_off,/Users/jandonyggarofalo/Documents/Desa/UNI/Semestre7/embebidos/esp-csi/examples/get-started/csi_send/data/raw/session_20260812_095153_hold_breath_off_hold_breath_off.csv,330.0,338.0,hold_breath,accepted,,ambiguous_breathing_evidence,,796,83.823,0.00908841,114.74606231709046,3.0308203096363644,37.85973782484642,109.28837869861641,2,1.2931294986315722,0.125,285.8442648792053,0.7735849618911743,2.059737790999705,1.5186705297035603
session_20260812_095153_hold_breath_off_hold_breath_off_w00161,session_20260812_095153_hold_breath_off_hold_breath_off,/Users/jandonyggarofalo/Documents/Desa/UNI/Semestre7/embebidos/esp-csi/examples/get-started/csi_send/data/raw/session_20260812_095153_hold_breath_off_hold_breath_off.csv,332.0,340.0,hold_breath,accepted,,high_confidence_hold,hold_breath,796,83.823,0.00658566,6.654840883788751,0.1388353020286998,47.9333482658837,10.410645575498977,6,1.1402442019370758,0.375,16.759577205912283,0.7457756400108337,1.0174776614206313,1.5186705297035603
session_20260812_095153_hold_breath_off_hold_breath_off_w00162,session_20260812_095153_hold_breath_off_hold_breath_off,/Users/jandonyggarofalo/Documents/Desa/UNI/Semestre7/embebidos/esp-csi/examples/get-started/csi_send/data/raw/session_20260812_095153_hold_breath_off_hold_breath_off.csv,334.0,342.0,hold_breath,accepted,,high_confidence_hold,hold_breath,794,83.823,0.00673016,19.26150024985179,0.4865791013648476,39.58554774708565,24.922288639790704,6,1.4715370664397467,0.125,44.81683684524491,0.7811859846115112,1.3965879215342332,1.5186705297035603
session_20260812_095153_hold_breath_off_hold_breath_off_w00163,session_20260812_095153_hold_breath_off_hold_breath_off,/Users/jandonyggarofalo/Documents/Desa/UNI/Semestre7/embebidos/esp-csi/examples/get-started/csi_send/data/raw/session_20260812_095153_hold_breath_off_hold_breath_off.csv,336.0,344.0,hold_breath,accepted,,high_confidence_hold,hold_breath,789,83.823,0.00601038,7.149973379019276,0.1715007494887498,41.69062467827065,9.163305410805766,4,1.5070412327319918,0.125,14.952967511945243,0.7941072583198547,0.9620521617388277,1.5186705297035603
session_20260812_095153_hold_breath_off_hold_breath_off_w00164,session_20260812_095153_hold_breath_off_hold_breath_off,/Users/jandonyggarofalo/Documents/Desa/UNI/Semestre7/embebidos/esp-csi/examples/get-started/csi_send/data/raw/session_20260812_095153_hold_breath_off_hold_breath_off.csv,338.0,346.0,hold_breath,accepted,,high_confidence_hold,hold_breath,787,39.02,0.00640287,5.344712321746861,0.12590669391597156,42.449786865751555,4.822478350189264,6,1.6342825629954052,0.125,8.776007299599195,0.8085085153579712,0.727924334345589,1.5186705297035603
session_20260812_095153_hold_breath_off_hold_breath_off_w00165,session_20260812_095153_hold_breath_off_hold_breath_off,/Users/jandonyggarofalo/Documents/Desa/UNI/Semestre7/embebidos/esp-csi/examples/get-started/csi_send/data/raw/session_20260812_095153_hold_breath_off_hold_breath_off.csv,340.0,348.0,hold_breath,accepted,,high_confidence_hold,hold_breath,783,69.736,0.00497885,20.83182045785802,0.45640321739405,45.643456627578004,9.388583109519663,7,1.5754616829454438,0.25,31.21686206981077,0.7746169567108154,1.3187272238726835,1.5186705297035603
session_20260812_095153_hold_breath_off_hold_breath_off_w00166,session_20260812_095153_hold_breath_off_hold_breath_off,/Users/jandonyggarofalo/Documents/Desa/UNI/Semestre7/embebidos/esp-csi/examples/get-started/csi_send/data/raw/session_20260812_095153_hold_breath_off_hold_breath_off.csv,342.0,350.0,hold_breath,accepted,,high_confidence_hold,hold_breath,786,69.736,0.00403546,23.63827668879372,0.4857526342475022,48.66319814274195,10.194316874832356,6,1.3056154141877612,0.375,46.210576654359485,0.7682059407234192,1.373615811810413,1.5186705297035603
session_20260812_095153_hold_breath_off_hold_breath_off_w00167,session_20260812_095153_hold_breath_off_hold_breath_off,/Users/jandonyggarofalo/Documents/Desa/UNI/Semestre7/embebidos/esp-csi/examples/get-started/csi_send/data/raw/session_20260812_095153_hold_breath_off_hold_breath_off.csv,344.0,352.0,hold_breath,accepted,,high_confidence_hold,hold_breath,787,69.736,0.00323618,27.474445351043364,0.6869031891154403,39.997551017900484,19.292033539601725,2,1.2757774002155802,0.125,75.89911949368364,0.7551170587539673,1.4389289337283857,1.5186705297035603
session_20260812_095153_hold_breath_off_hold_breath_off_w00168,session_20260812_095153_hold_breath_off_hold_breath_off,/Users/jandonyggarofalo/Documents/Desa/UNI/Semestre7/embebidos/esp-csi/examples/get-started/csi_send/data/raw/session_20260812_095153_hold_breath_off_hold_breath_off.csv,346.0,354.0,hold_breath,accepted,,ambiguous_breathing_evidence,,791,69.736,0.0028445,132.79718716399518,3.7459147396032138,35.451203883520925,157.77003213343872,2,1.0221383609015282,0.125,437.30419363761536,0.7361850738525391,2.1980245139870345,1.5186705297035603
session_20260812_095153_hold_breath_off_hold_breath_off_w00169,session_20260812_095153_hold_breath_off_hold_breath_off,/Users/jandonyggarofalo/Documents/Desa/UNI/Semestre7/embebidos/esp-csi/examples/get-started/csi_send/data/raw/session_20260812_095153_hold_breath_off_hold_breath_off.csv,348.0,356.0,hold_breath,accepted,,high_confidence_hold,hold_breath,800,63.199,0.00386719,14.073920411922067,0.38299873377337346,36.746649977733576,16.781272386391326,5,1.447021309141242,0.125,35.85497685220605,0.7663285732269287,1.2248248867334028,1.5186705297035603
session_20260812_095153_hold_breath_off_hold_breath_off_w00170,session_20260812_095153_hold_breath_off_hold_breath_off,/Users/jandonyggarofalo/Documents/Desa/UNI/Semestre7/embebidos/esp-csi/examples/get-started/csi_send/data/raw/session_20260812_095153_hold_breath_off_hold_breath_off.csv,350.0,358.0,hold_breath,accepted,,ambiguous_breathing_evidence,,802,63.199,0.00527003,80.52879117098593,2.229725308815595,36.11601431466273,94.85698676959211,3,1.1478268176442896,0.125,250.21961170790217,0.7933394908905029,1.977069324721048,1.5186705297035603
session_20260812_095800_hold_breath_off_hold_breath_off_w00000,session_20260812_095800_hold_breath_off_hold_breath_off,/Users/jandonyggarofalo/Documents/Desa/UNI/Semestre7/embebidos/esp-csi/examples/get-started/csi_send/data/raw/session_20260812_095800_hold_breath_off_hold_breath_off.csv,10.0,18.0,breathing,accepted,,trusted_breathing,breathing,791,53.873,0.00595567,19.531449725864576,0.4830682211264539,40.43207330070125,21.750038772723215,6,1.6297504496772761,0.125,25.444141138398237,0.735177755355835,1.3374600354867556,1.5675926411281607
session_20260812_095800_hold_breath_off_hold_breath_off_w00001,session_20260812_095800_hold_breath_off_hold_breath_off,/Users/jandonyggarofalo/Documents/Desa/UNI/Semestre7/embebidos/esp-csi/examples/get-started/csi_send/data/raw/session_20260812_095800_hold_breath_off_hold_breath_off.csv,12.0,20.0,breathing,accepted,,trusted_breathing,breathing,793,53.37,0.00534954,15.210350935850153,0.3286502031669295,46.2812765342432,9.388182307902277,5,1.4273663380542496,0.375,31.834508010154053,0.7221929430961609,1.1821392342860975,1.5675926411281607
session_20260812_095800_hold_breath_off_hold_breath_off_w00002,session_20260812_095800_hold_breath_off_hold_breath_off,/Users/jandonyggarofalo/Documents/Desa/UNI/Semestre7/embebidos/esp-csi/examples/get-started/csi_send/data/raw/session_20260812_095800_hold_breath_off_hold_breath_off.csv,14.0,22.0,breathing,accepted,,trusted_breathing,breathing,797,53.37,0.00660681,26.605523282725514,0.5483279804923521,48.52118481859614,14.015340504071018,5,1.1040338321349608,0.375,66.6546185138961,0.7171488404273987,1.4249718051350393,1.5675926411281607
session_20260812_095800_hold_breath_off_hold_breath_off_w00003,session_20260812_095800_hold_breath_off_hold_breath_off,/Users/jandonyggarofalo/Documents/Desa/UNI/Semestre7/embebidos/esp-csi/examples/get-started/csi_send/data/raw/session_20260812_095800_hold_breath_off_hold_breath_off.csv,16.0,24.0,breathing,accepted,,trusted_breathing,breathing,801,52.664,0.00656406,24.877655257988827,0.49799191133457127,49.95594243944466,11.424084558274085,5,1.1733297310219362,0.375,56.08740030643199,0.7322902679443359,1.3958094452911582,1.5675926411281607
session_20260812_095800_hold_breath_off_hold_breath_off_w00004,session_20260812_095800_hold_breath_off_hold_breath_off,/Users/jandonyggarofalo/Documents/Desa/UNI/Semestre7/embebidos/esp-csi/examples/get-started/csi_send/data/raw/session_20260812_095800_hold_breath_off_hold_breath_off.csv,18.0,26.0,breathing,rejected,time_gap,not_evaluated,,803,106.921,,,,,,,,,,,,
session_20260812_095800_hold_breath_off_hold_breath_off_w00005,session_20260812_095800_hold_breath_off_hold_breath_off,/Users/jandonyggarofalo/Documents/Desa/UNI/Semestre7/embebidos/esp-csi/examples/get-started/csi_send/data/raw/session_20260812_095800_hold_breath_off_hold_breath_off.csv,20.0,28.0,breathing,rejected,time_gap,not_evaluated,,801,106.921,,,,,,,,,,,,
session_20260812_095800_hold_breath_off_hold_breath_off_w00006,session_20260812_095800_hold_breath_off_hold_breath_off,/Users/jandonyggarofalo/Documents/Desa/UNI/Semestre7/embebidos/esp-csi/examples/get-started/csi_send/data/raw/session_20260812_095800_hold_breath_off_hold_breath_off.csv,22.0,30.0,breathing,rejected,time_gap,not_evaluated,,805,106.921,,,,,,,,,,,,
session_20260812_095800_hold_breath_off_hold_breath_off_w00007,session_20260812_095800_hold_breath_off_hold_breath_off,/Users/jandonyggarofalo/Documents/Desa/UNI/Semestre7/embebidos/esp-csi/examples/get-started/csi_send/data/raw/session_20260812_095800_hold_breath_off_hold_breath_off.csv,24.0,32.0,breathing,rejected,time_gap,not_evaluated,,805,106.921,,,,,,,,,,,,
session_20260812_095800_hold_breath_off_hold_breath_off_w00008,session_20260812_095800_hold_breath_off_hold_breath_off,/Users/jandonyggarofalo/Documents/Desa/UNI/Semestre7/embebidos/esp-csi/examples/get-started/csi_send/data/raw/session_20260812_095800_hold_breath_off_hold_breath_off.csv,26.0,34.0,breathing,accepted,,trusted_breathing,breathing,809,32.05,0.00653778,35.87256640398631,0.8439841001377969,42.50384148005503,27.720035217175187,6,1.6236800169165397,0.5,58.33913862692617,0.7476087808609009,1.5547624481903093,1.5675926411281607
session_20260812_095800_hold_breath_off_hold_breath_off_w00009,session_20260812_095800_hold_breath_off_hold_breath_off,/Users/jandonyggarofalo/Documents/Desa/UNI/Semestre7/embebidos/esp-csi/examples/get-started/csi_send/data/raw/session_20260812_095800_hold_breath_off_hold_breath_off.csv,28.0,36.0,breathing,accepted,,trusted_breathing,breathing,818,32.05,0.00685743,85.1653391657448,2.3686954272023666,35.95453353253459,105.92544539127697,2,1.2395206968234156,0.125,230.6596609155434,0.732338547706604,2.025000298781761,1.5675926411281607
session_20260812_095800_hold_breath_off_hold_breath_off_w00010,session_20260812_095800_hold_breath_off_hold_breath_off,/Users/jandonyggarofalo/Documents/Desa/UNI/Semestre7/embebidos/esp-csi/examples/get-started/csi_send/data/raw/session_20260812_095800_hold_breath_off_hold_breath_off.csv,30.0,38.0,breathing,rejected,time_gap,not_evaluated,,818,100.681,,,,,,,,,,,,
session_20260812_095800_hold_breath_off_hold_breath_off_w00011,session_20260812_095800_hold_breath_off_hold_breath_off,/Users/jandonyggarofalo/Documents/Desa/UNI/Semestre7/embebidos/esp-csi/examples/get-started/csi_send/data/raw/session_20260812_095800_hold_breath_off_hold_breath_off.csv,32.0,40.0,breathing,rejected,time_gap,not_evaluated,,820,100.681,,,,,,,,,,,,
session_20260812_095800_hold_breath_off_hold_breath_off_w00012,session_20260812_095800_hold_breath_off_hold_breath_off,/Users/jandonyggarofalo/Documents/Desa/UNI/Semestre7/embebidos/esp-csi/examples/get-started/csi_send/data/raw/session_20260812_095800_hold_breath_off_hold_breath_off.csv,34.0,42.0,breathing,rejected,time_gap,not_evaluated,,821,100.681,,,,,,,,,,,,
session_20260812_095800_hold_breath_off_hold_breath_off_w00013,session_20260812_095800_hold_breath_off_hold_breath_off,/Users/jandonyggarofalo/Documents/Desa/UNI/Semestre7/embebidos/esp-csi/examples/get-started/csi_send/data/raw/session_20260812_095800_hold_breath_off_hold_breath_off.csv,36.0,44.0,breathing,rejected,time_gap,not_evaluated,,814,100.681,,,,,,,,,,,,
session_20260812_095800_hold_breath_off_hold_breath_off_w00014,session_20260812_095800_hold_breath_off_hold_breath_off,/Users/jandonyggarofalo/Documents/Desa/UNI/Semestre7/embebidos/esp-csi/examples/get-started/csi_send/data/raw/session_20260812_095800_hold_breath_off_hold_breath_off.csv,38.0,46.0,breathing,accepted,,trusted_breathing,breathing,807,39.926,0.00866442,5.412525229890493,0.1326376025259115,40.80686869164661,5.561194724201462,4,1.567854370333,0.375,10.040930011274186,0.660955011844635,0.7451681020839215,1.5675926411281607
session_20260812_095800_hold_breath_off_hold_breath_off_w00015,session_20260812_095800_hold_breath_off_hold_breath_off,/Users/jandonyggarofalo/Documents/Desa/UNI/Semestre7/embebidos/esp-csi/examples/get-started/csi_send/data/raw/session_20260812_095800_hold_breath_off_hold_breath_off.csv,40.0,48.0,breathing,accepted,,trusted_breathing,breathing,795,39.926,0.0065055,44.83203136065539,1.4478235133425634,30.96512174824509,104.48014629503157,2,1.0030536037936153,0.125,157.86882365434937,0.5885881185531616,2.0190337720385876,1.5675926411281607
session_20260812_095800_hold_breath_off_hold_breath_off_w00016,session_20260812_095800_hold_breath_off_hold_breath_off,/Users/jandonyggarofalo/Documents/Desa/UNI/Semestre7/embebidos/esp-csi/examples/get-started/csi_send/data/raw/session_20260812_095800_hold_breath_off_hold_breath_off.csv,42.0,50.0,breathing,accepted,,trusted_breathing,breathing,789,35.071,0.00595097,80.71621805167601,1.9934448996917926,40.49081971822501,72.9506960440168,5,1.3945738869231283,0.125,174.4134457552296,0.5852137207984924,1.9069608048918125,1.5675926411281607
session_20260812_095800_hold_breath_off_hold_breath_off_w00017,session_20260812_095800_hold_breath_off_hold_breath_off,/Users/jandonyggarofalo/Documents/Desa/UNI/Semestre7/embebidos/esp-csi/examples/get-started/csi_send/data/raw/session_20260812_095800_hold_breath_off_hold_breath_off.csv,44.0,52.0,breathing,accepted,,trusted_breathing,breathing,785,81.849,0.00396099,69.91800153288072,1.7962220040147903,38.925033418233355,64.5280712127397,3,1.2369473859571347,0.125,175.52841167687203,0.5550632476806641,1.8445890063591048,1.5675926411281607
session_20260812_095800_hold_breath_off_hold_breath_off_w00018,session_20260812_095800_hold_breath_off_hold_breath_off,/Users/jandonyggarofalo/Documents/Desa/UNI/Semestre7/embebidos/esp-csi/examples/get-started/csi_send/data/raw/session_20260812_095800_hold_breath_off_hold_breath_off.csv,46.0,54.0,breathing,accepted,,trusted_breathing,breathing,781,81.849,0.00382122,12.961121613076672,0.39095483044582485,33.152478505671155,20.533105950387284,2,1.251691522929709,0.125,40.1097975551756,0.5749096274375916,1.3124546481084758,1.5675926411281607
session_20260812_095800_hold_breath_off_hold_breath_off_w00019,session_20260812_095800_hold_breath_off_hold_breath_off,/Users/jandonyggarofalo/Documents/Desa/UNI/Semestre7/embebidos/esp-csi/examples/get-started/csi_send/data/raw/session_20260812_095800_hold_breath_off_hold_breath_off.csv,48.0,56.0,breathing,accepted,,trusted_breathing,breathing,790,81.849,0.0078125,90.79234087591084,2.6550279110735175,34.196379065245395,120.8473564186892,5,1.0874069706268694,0.125,297.7588641458132,0.7171928286552429,2.0822371544926748,1.5675926411281607
session_20260812_095800_hold_breath_off_hold_breath_off_w00020,session_20260812_095800_hold_breath_off_hold_breath_off,/Users/jandonyggarofalo/Documents/Desa/UNI/Semestre7/embebidos/esp-csi/examples/get-started/csi_send/data/raw/session_20260812_095800_hold_breath_off_hold_breath_off.csv,50.0,58.0,breathing,accepted,,trusted_breathing,breathing,789,81.849,0.00715898,92.22952046358442,2.645509245504156,34.86267175980832,145.65508030078985,6,1.2240181294530457,0.125,271.83212100117396,0.7694334387779236,2.1633256369768814,1.5675926411281607
session_20260812_095800_hold_breath_off_hold_breath_off_w00021,session_20260812_095800_hold_breath_off_hold_breath_off,/Users/jandonyggarofalo/Documents/Desa/UNI/Semestre7/embebidos/esp-csi/examples/get-started/csi_send/data/raw/session_20260812_095800_hold_breath_off_hold_breath_off.csv,52.0,60.0,breathing,rejected,transition_guard,not_evaluated,,790,,,,,,,,,,,,,
session_20260812_095800_hold_breath_off_hold_breath_off_w00022,session_20260812_095800_hold_breath_off_hold_breath_off,/Users/jandonyggarofalo/Documents/Desa/UNI/Semestre7/embebidos/esp-csi/examples/get-started/csi_send/data/raw/session_20260812_095800_hold_breath_off_hold_breath_off.csv,54.0,62.0,breathing,rejected,mixed_or_unknown_label,not_evaluated,,792,,,,,,,,,,,,,
session_20260812_095800_hold_breath_off_hold_breath_off_w00023,session_20260812_095800_hold_breath_off_hold_breath_off,/Users/jandonyggarofalo/Documents/Desa/UNI/Semestre7/embebidos/esp-csi/examples/get-started/csi_send/data/raw/session_20260812_095800_hold_breath_off_hold_breath_off.csv,56.0,64.0,breathing,rejected,mixed_or_unknown_label,not_evaluated,,785,,,,,,,,,,,,,
session_20260812_095800_hold_breath_off_hold_breath_off_w00024,session_20260812_095800_hold_breath_off_hold_breath_off,/Users/jandonyggarofalo/Documents/Desa/UNI/Semestre7/embebidos/esp-csi/examples/get-started/csi_send/data/raw/session_20260812_095800_hold_breath_off_hold_breath_off.csv,58.0,66.0,hold_breath,rejected,mixed_or_unknown_label,not_evaluated,,783,,,,,,,,,,,,,
session_20260812_095800_hold_breath_off_hold_breath_off_w00025,session_20260812_095800_hold_breath_off_hold_breath_off,/Users/jandonyggarofalo/Documents/Desa/UNI/Semestre7/embebidos/esp-csi/examples/get-started/csi_send/data/raw/session_20260812_095800_hold_breath_off_hold_breath_off.csv,60.0,68.0,hold_breath,rejected,transition_guard,not_evaluated,,789,,,,,,,,,,,,,
session_20260812_095800_hold_breath_off_hold_breath_off_w00026,session_20260812_095800_hold_breath_off_hold_breath_off,/Users/jandonyggarofalo/Documents/Desa/UNI/Semestre7/embebidos/esp-csi/examples/get-started/csi_send/data/raw/session_20260812_095800_hold_breath_off_hold_breath_off.csv,62.0,70.0,hold_breath,rejected,time_gap,not_evaluated,,797,130.004,,,,,,,,,,,,
session_20260812_095800_hold_breath_off_hold_breath_off_w00027,session_20260812_095800_hold_breath_off_hold_breath_off,/Users/jandonyggarofalo/Documents/Desa/UNI/Semestre7/embebidos/esp-csi/examples/get-started/csi_send/data/raw/session_20260812_095800_hold_breath_off_hold_breath_off.csv,64.0,72.0,hold_breath,rejected,time_gap,not_evaluated,,757,224.266,,,,,,,,,,,,
session_20260812_095800_hold_breath_off_hold_breath_off_w00028,session_20260812_095800_hold_breath_off_hold_breath_off,/Users/jandonyggarofalo/Documents/Desa/UNI/Semestre7/embebidos/esp-csi/examples/get-started/csi_send/data/raw/session_20260812_095800_hold_breath_off_hold_breath_off.csv,66.0,74.0,hold_breath,rejected,time_gap,not_evaluated,,710,227.893,,,,,,,,,,,,
session_20260812_095800_hold_breath_off_hold_breath_off_w00029,session_20260812_095800_hold_breath_off_hold_breath_off,/Users/jandonyggarofalo/Documents/Desa/UNI/Semestre7/embebidos/esp-csi/examples/get-started/csi_send/data/raw/session_20260812_095800_hold_breath_off_hold_breath_off.csv,68.0,76.0,hold_breath,rejected,time_gap,not_evaluated,,618,232.264,,,,,,,,,,,,
session_20260812_095800_hold_breath_off_hold_breath_off_w00030,session_20260812_095800_hold_breath_off_hold_breath_off,/Users/jandonyggarofalo/Documents/Desa/UNI/Semestre7/embebidos/esp-csi/examples/get-started/csi_send/data/raw/session_20260812_095800_hold_breath_off_hold_breath_off.csv,70.0,78.0,hold_breath,rejected,time_gap,not_evaluated,,415,232.264,,,,,,,,,,,,
session_20260812_095800_hold_breath_off_hold_breath_off_w00031,session_20260812_095800_hold_breath_off_hold_breath_off,/Users/jandonyggarofalo/Documents/Desa/UNI/Semestre7/embebidos/esp-csi/examples/get-started/csi_send/data/raw/session_20260812_095800_hold_breath_off_hold_breath_off.csv,72.0,80.0,hold_breath,rejected,insufficient_samples,not_evaluated,,260,,,,,,,,,,,,,
session_20260812_095800_hold_breath_off_hold_breath_off_w00032,session_20260812_095800_hold_breath_off_hold_breath_off,/Users/jandonyggarofalo/Documents/Desa/UNI/Semestre7/embebidos/esp-csi/examples/get-started/csi_send/data/raw/session_20260812_095800_hold_breath_off_hold_breath_off.csv,74.0,82.0,hold_breath,rejected,insufficient_samples,not_evaluated,,147,,,,,,,,,,,,,
session_20260812_095800_hold_breath_off_hold_breath_off_w00033,session_20260812_095800_hold_breath_off_hold_breath_off,/Users/jandonyggarofalo/Documents/Desa/UNI/Semestre7/embebidos/esp-csi/examples/get-started/csi_send/data/raw/session_20260812_095800_hold_breath_off_hold_breath_off.csv,76.0,84.0,hold_breath,rejected,insufficient_samples,not_evaluated,,36,,,,,,,,,,,,,
session_20260812_095800_hold_breath_off_hold_breath_off_w00034,session_20260812_095800_hold_breath_off_hold_breath_off,/Users/jandonyggarofalo/Documents/Desa/UNI/Semestre7/embebidos/esp-csi/examples/get-started/csi_send/data/raw/session_20260812_095800_hold_breath_off_hold_breath_off.csv,78.0,86.0,hold_breath,rejected,insufficient_samples,not_evaluated,,69,,,,,,,,,,,,,
session_20260812_095800_hold_breath_off_hold_breath_off_w00035,session_20260812_095800_hold_breath_off_hold_breath_off,/Users/jandonyggarofalo/Documents/Desa/UNI/Semestre7/embebidos/esp-csi/examples/get-started/csi_send/data/raw/session_20260812_095800_hold_breath_off_hold_breath_off.csv,80.0,88.0,hold_breath,rejected,insufficient_samples,not_evaluated,,69,,,,,,,,,,,,,
session_20260812_095800_hold_breath_off_hold_breath_off_w00036,session_20260812_095800_hold_breath_off_hold_breath_off,/Users/jandonyggarofalo/Documents/Desa/UNI/Semestre7/embebidos/esp-csi/examples/get-started/csi_send/data/raw/session_20260812_095800_hold_breath_off_hold_breath_off.csv,82.0,90.0,hold_breath,rejected,insufficient_samples,not_evaluated,,33,,,,,,,,,,,,,
session_20260812_095800_hold_breath_off_hold_breath_off_w00037,session_20260812_095800_hold_breath_off_hold_breath_off,/Users/jandonyggarofalo/Documents/Desa/UNI/Semestre7/embebidos/esp-csi/examples/get-started/csi_send/data/raw/session_20260812_095800_hold_breath_off_hold_breath_off.csv,84.0,92.0,hold_breath,rejected,insufficient_samples,not_evaluated,,71,,,,,,,,,,,,,
session_20260812_095800_hold_breath_off_hold_breath_off_w00038,session_20260812_095800_hold_breath_off_hold_breath_off,/Users/jandonyggarofalo/Documents/Desa/UNI/Semestre7/embebidos/esp-csi/examples/get-started/csi_send/data/raw/session_20260812_095800_hold_breath_off_hold_breath_off.csv,86.0,94.0,hold_breath,rejected,insufficient_samples,not_evaluated,,38,,,,,,,,,,,,,
session_20260812_095800_hold_breath_off_hold_breath_off_w00039,session_20260812_095800_hold_breath_off_hold_breath_off,/Users/jandonyggarofalo/Documents/Desa/UNI/Semestre7/embebidos/esp-csi/examples/get-started/csi_send/data/raw/session_20260812_095800_hold_breath_off_hold_breath_off.csv,88.0,96.0,hold_breath,rejected,insufficient_samples,not_evaluated,,70,,,,,,,,,,,,,
session_20260812_095800_hold_breath_off_hold_breath_off_w00040,session_20260812_095800_hold_breath_off_hold_breath_off,/Users/jandonyggarofalo/Documents/Desa/UNI/Semestre7/embebidos/esp-csi/examples/get-started/csi_send/data/raw/session_20260812_095800_hold_breath_off_hold_breath_off.csv,90.0,98.0,hold_breath,rejected,insufficient_samples,not_evaluated,,70,,,,,,,,,,,,,
session_20260812_095800_hold_breath_off_hold_breath_off_w00041,session_20260812_095800_hold_breath_off_hold_breath_off,/Users/jandonyggarofalo/Documents/Desa/UNI/Semestre7/embebidos/esp-csi/examples/get-started/csi_send/data/raw/session_20260812_095800_hold_breath_off_hold_breath_off.csv,92.0,100.0,hold_breath,rejected,insufficient_samples,not_evaluated,,32,,,,,,,,,,,,,
session_20260812_095800_hold_breath_off_hold_breath_off_w00042,session_20260812_095800_hold_breath_off_hold_breath_off,/Users/jandonyggarofalo/Documents/Desa/UNI/Semestre7/embebidos/esp-csi/examples/get-started/csi_send/data/raw/session_20260812_095800_hold_breath_off_hold_breath_off.csv,94.0,102.0,hold_breath,rejected,insufficient_samples,not_evaluated,,63,,,,,,,,,,,,,
session_20260812_095800_hold_breath_off_hold_breath_off_w00043,session_20260812_095800_hold_breath_off_hold_breath_off,/Users/jandonyggarofalo/Documents/Desa/UNI/Semestre7/embebidos/esp-csi/examples/get-started/csi_send/data/raw/session_20260812_095800_hold_breath_off_hold_breath_off.csv,96.0,104.0,hold_breath,rejected,insufficient_samples,not_evaluated,,31,,,,,,,,,,,,,
session_20260812_095800_hold_breath_off_hold_breath_off_w00044,session_20260812_095800_hold_breath_off_hold_breath_off,/Users/jandonyggarofalo/Documents/Desa/UNI/Semestre7/embebidos/esp-csi/examples/get-started/csi_send/data/raw/session_20260812_095800_hold_breath_off_hold_breath_off.csv,98.0,106.0,hold_breath,rejected,insufficient_samples,not_evaluated,,62,,,,,,,,,,,,,
session_20260812_095800_hold_breath_off_hold_breath_off_w00045,session_20260812_095800_hold_breath_off_hold_breath_off,/Users/jandonyggarofalo/Documents/Desa/UNI/Semestre7/embebidos/esp-csi/examples/get-started/csi_send/data/raw/session_20260812_095800_hold_breath_off_hold_breath_off.csv,100.0,108.0,hold_breath,rejected,insufficient_samples,not_evaluated,,62,,,,,,,,,,,,,
session_20260812_095800_hold_breath_off_hold_breath_off_w00046,session_20260812_095800_hold_breath_off_hold_breath_off,/Users/jandonyggarofalo/Documents/Desa/UNI/Semestre7/embebidos/esp-csi/examples/get-started/csi_send/data/raw/session_20260812_095800_hold_breath_off_hold_breath_off.csv,102.0,110.0,hold_breath,rejected,insufficient_samples,not_evaluated,,31,,,,,,,,,,,,,
session_20260812_095800_hold_breath_off_hold_breath_off_w00047,session_20260812_095800_hold_breath_off_hold_breath_off,/Users/jandonyggarofalo/Documents/Desa/UNI/Semestre7/embebidos/esp-csi/examples/get-started/csi_send/data/raw/session_20260812_095800_hold_breath_off_hold_breath_off.csv,104.0,112.0,hold_breath,rejected,insufficient_samples,not_evaluated,,62,,,,,,,,,,,,,
session_20260812_095800_hold_breath_off_hold_breath_off_w00048,session_20260812_095800_hold_breath_off_hold_breath_off,/Users/jandonyggarofalo/Documents/Desa/UNI/Semestre7/embebidos/esp-csi/examples/get-started/csi_send/data/raw/session_20260812_095800_hold_breath_off_hold_breath_off.csv,106.0,114.0,hold_breath,rejected,insufficient_samples,not_evaluated,,31,,,,,,,,,,,,,
session_20260812_095800_hold_breath_off_hold_breath_off_w00049,session_20260812_095800_hold_breath_off_hold_breath_off,/Users/jandonyggarofalo/Documents/Desa/UNI/Semestre7/embebidos/esp-csi/examples/get-started/csi_send/data/raw/session_20260812_095800_hold_breath_off_hold_breath_off.csv,108.0,116.0,hold_breath,rejected,insufficient_samples,not_evaluated,,63,,,,,,,,,,,,,
session_20260812_095800_hold_breath_off_hold_breath_off_w00050,session_20260812_095800_hold_breath_off_hold_breath_off,/Users/jandonyggarofalo/Documents/Desa/UNI/Semestre7/embebidos/esp-csi/examples/get-started/csi_send/data/raw/session_20260812_095800_hold_breath_off_hold_breath_off.csv,110.0,118.0,hold_breath,rejected,insufficient_samples,not_evaluated,,63,,,,,,,,,,,,,
session_20260812_095800_hold_breath_off_hold_breath_off_w00051,session_20260812_095800_hold_breath_off_hold_breath_off,/Users/jandonyggarofalo/Documents/Desa/UNI/Semestre7/embebidos/esp-csi/examples/get-started/csi_send/data/raw/session_20260812_095800_hold_breath_off_hold_breath_off.csv,112.0,120.0,hold_breath,rejected,transition_guard,not_evaluated,,32,,,,,,,,,,,,,
session_20260812_095800_hold_breath_off_hold_breath_off_w00052,session_20260812_095800_hold_breath_off_hold_breath_off,/Users/jandonyggarofalo/Documents/Desa/UNI/Semestre7/embebidos/esp-csi/examples/get-started/csi_send/data/raw/session_20260812_095800_hold_breath_off_hold_breath_off.csv,114.0,122.0,hold_breath,rejected,mixed_or_unknown_label,not_evaluated,,64,,,,,,,,,,,,,
session_20260812_095800_hold_breath_off_hold_breath_off_w00053,session_20260812_095800_hold_breath_off_hold_breath_off,/Users/jandonyggarofalo/Documents/Desa/UNI/Semestre7/embebidos/esp-csi/examples/get-started/csi_send/data/raw/session_20260812_095800_hold_breath_off_hold_breath_off.csv,116.0,124.0,breathing,rejected,transition_guard,not_evaluated,,32,,,,,,,,,,,,,
session_20260812_095800_hold_breath_off_hold_breath_off_w00054,session_20260812_095800_hold_breath_off_hold_breath_off,/Users/jandonyggarofalo/Documents/Desa/UNI/Semestre7/embebidos/esp-csi/examples/get-started/csi_send/data/raw/session_20260812_095800_hold_breath_off_hold_breath_off.csv,118.0,126.0,breathing,rejected,transition_guard,not_evaluated,,32,,,,,,,,,,,,,
session_20260812_095800_hold_breath_off_hold_breath_off_w00055,session_20260812_095800_hold_breath_off_hold_breath_off,/Users/jandonyggarofalo/Documents/Desa/UNI/Semestre7/embebidos/esp-csi/examples/get-started/csi_send/data/raw/session_20260812_095800_hold_breath_off_hold_breath_off.csv,120.0,128.0,breathing,rejected,transition_guard,not_evaluated,,215,,,,,,,,,,,,,
session_20260812_095800_hold_breath_off_hold_breath_off_w00056,session_20260812_095800_hold_breath_off_hold_breath_off,/Users/jandonyggarofalo/Documents/Desa/UNI/Semestre7/embebidos/esp-csi/examples/get-started/csi_send/data/raw/session_20260812_095800_hold_breath_off_hold_breath_off.csv,122.0,130.0,breathing,rejected,insufficient_samples,not_evaluated,,298,,,,,,,,,,,,,
session_20260812_095800_hold_breath_off_hold_breath_off_w00057,session_20260812_095800_hold_breath_off_hold_breath_off,/Users/jandonyggarofalo/Documents/Desa/UNI/Semestre7/embebidos/esp-csi/examples/get-started/csi_send/data/raw/session_20260812_095800_hold_breath_off_hold_breath_off.csv,124.0,132.0,breathing,rejected,time_gap,not_evaluated,,330,1937.428,,,,,,,,,,,,
session_20260812_095800_hold_breath_off_hold_breath_off_w00058,session_20260812_095800_hold_breath_off_hold_breath_off,/Users/jandonyggarofalo/Documents/Desa/UNI/Semestre7/embebidos/esp-csi/examples/get-started/csi_send/data/raw/session_20260812_095800_hold_breath_off_hold_breath_off.csv,126.0,134.0,breathing,rejected,time_gap,not_evaluated,,330,1937.428,,,,,,,,,,,,
session_20260812_095800_hold_breath_off_hold_breath_off_w00059,session_20260812_095800_hold_breath_off_hold_breath_off,/Users/jandonyggarofalo/Documents/Desa/UNI/Semestre7/embebidos/esp-csi/examples/get-started/csi_send/data/raw/session_20260812_095800_hold_breath_off_hold_breath_off.csv,128.0,136.0,breathing,rejected,insufficient_samples,not_evaluated,,147,,,,,,,,,,,,,
session_20260812_095800_hold_breath_off_hold_breath_off_w00060,session_20260812_095800_hold_breath_off_hold_breath_off,/Users/jandonyggarofalo/Documents/Desa/UNI/Semestre7/embebidos/esp-csi/examples/get-started/csi_send/data/raw/session_20260812_095800_hold_breath_off_hold_breath_off.csv,130.0,138.0,breathing,rejected,insufficient_samples,not_evaluated,,66,,,,,,,,,,,,,
session_20260812_095800_hold_breath_off_hold_breath_off_w00061,session_20260812_095800_hold_breath_off_hold_breath_off,/Users/jandonyggarofalo/Documents/Desa/UNI/Semestre7/embebidos/esp-csi/examples/get-started/csi_send/data/raw/session_20260812_095800_hold_breath_off_hold_breath_off.csv,132.0,140.0,breathing,rejected,insufficient_samples,not_evaluated,,34,,,,,,,,,,,,,
session_20260812_095800_hold_breath_off_hold_breath_off_w00062,session_20260812_095800_hold_breath_off_hold_breath_off,/Users/jandonyggarofalo/Documents/Desa/UNI/Semestre7/embebidos/esp-csi/examples/get-started/csi_send/data/raw/session_20260812_095800_hold_breath_off_hold_breath_off.csv,134.0,142.0,breathing,rejected,insufficient_samples,not_evaluated,,66,,,,,,,,,,,,,
session_20260812_095800_hold_breath_off_hold_breath_off_w00063,session_20260812_095800_hold_breath_off_hold_breath_off,/Users/jandonyggarofalo/Documents/Desa/UNI/Semestre7/embebidos/esp-csi/examples/get-started/csi_send/data/raw/session_20260812_095800_hold_breath_off_hold_breath_off.csv,136.0,144.0,breathing,rejected,insufficient_samples,not_evaluated,,66,,,,,,,,,,,,,
session_20260812_095800_hold_breath_off_hold_breath_off_w00064,session_20260812_095800_hold_breath_off_hold_breath_off,/Users/jandonyggarofalo/Documents/Desa/UNI/Semestre7/embebidos/esp-csi/examples/get-started/csi_send/data/raw/session_20260812_095800_hold_breath_off_hold_breath_off.csv,138.0,146.0,breathing,rejected,insufficient_samples,not_evaluated,,32,,,,,,,,,,,,,
session_20260812_095800_hold_breath_off_hold_breath_off_w00065,session_20260812_095800_hold_breath_off_hold_breath_off,/Users/jandonyggarofalo/Documents/Desa/UNI/Semestre7/embebidos/esp-csi/examples/get-started/csi_send/data/raw/session_20260812_095800_hold_breath_off_hold_breath_off.csv,140.0,148.0,breathing,rejected,insufficient_samples,not_evaluated,,64,,,,,,,,,,,,,
session_20260812_095800_hold_breath_off_hold_breath_off_w00066,session_20260812_095800_hold_breath_off_hold_breath_off,/Users/jandonyggarofalo/Documents/Desa/UNI/Semestre7/embebidos/esp-csi/examples/get-started/csi_send/data/raw/session_20260812_095800_hold_breath_off_hold_breath_off.csv,142.0,150.0,breathing,rejected,insufficient_samples,not_evaluated,,32,,,,,,,,,,,,,
session_20260812_095800_hold_breath_off_hold_breath_off_w00067,session_20260812_095800_hold_breath_off_hold_breath_off,/Users/jandonyggarofalo/Documents/Desa/UNI/Semestre7/embebidos/esp-csi/examples/get-started/csi_send/data/raw/session_20260812_095800_hold_breath_off_hold_breath_off.csv,144.0,152.0,breathing,rejected,insufficient_samples,not_evaluated,,63,,,,,,,,,,,,,
session_20260812_095800_hold_breath_off_hold_breath_off_w00068,session_20260812_095800_hold_breath_off_hold_breath_off,/Users/jandonyggarofalo/Documents/Desa/UNI/Semestre7/embebidos/esp-csi/examples/get-started/csi_send/data/raw/session_20260812_095800_hold_breath_off_hold_breath_off.csv,146.0,154.0,breathing,rejected,insufficient_samples,not_evaluated,,63,,,,,,,,,,,,,
session_20260812_095800_hold_breath_off_hold_breath_off_w00069,session_20260812_095800_hold_breath_off_hold_breath_off,/Users/jandonyggarofalo/Documents/Desa/UNI/Semestre7/embebidos/esp-csi/examples/get-started/csi_send/data/raw/session_20260812_095800_hold_breath_off_hold_breath_off.csv,148.0,156.0,breathing,rejected,insufficient_samples,not_evaluated,,31,,,,,,,,,,,,,
session_20260812_095800_hold_breath_off_hold_breath_off_w00070,session_20260812_095800_hold_breath_off_hold_breath_off,/Users/jandonyggarofalo/Documents/Desa/UNI/Semestre7/embebidos/esp-csi/examples/get-started/csi_send/data/raw/session_20260812_095800_hold_breath_off_hold_breath_off.csv,150.0,158.0,breathing,rejected,insufficient_samples,not_evaluated,,135,,,,,,,,,,,,,
session_20260812_095800_hold_breath_off_hold_breath_off_w00071,session_20260812_095800_hold_breath_off_hold_breath_off,/Users/jandonyggarofalo/Documents/Desa/UNI/Semestre7/embebidos/esp-csi/examples/get-started/csi_send/data/raw/session_20260812_095800_hold_breath_off_hold_breath_off.csv,152.0,160.0,breathing,rejected,insufficient_samples,not_evaluated,,299,,,,,,,,,,,,,
session_20260812_095800_hold_breath_off_hold_breath_off_w00072,session_20260812_095800_hold_breath_off_hold_breath_off,/Users/jandonyggarofalo/Documents/Desa/UNI/Semestre7/embebidos/esp-csi/examples/get-started/csi_send/data/raw/session_20260812_095800_hold_breath_off_hold_breath_off.csv,154.0,162.0,breathing,accepted,,trusted_breathing,breathing,499,95.673,0.00104897,88.42449802541485,1.7878367617656379,49.458932670138644,22.330753854016734,6,1.313997811803118,0.25,143.2952858499823,0.7889580726623535,1.9465726030594694,1.5675926411281607
session_20260812_095800_hold_breath_off_hold_breath_off_w00073,session_20260812_095800_hold_breath_off_hold_breath_off,/Users/jandonyggarofalo/Documents/Desa/UNI/Semestre7/embebidos/esp-csi/examples/get-started/csi_send/data/raw/session_20260812_095800_hold_breath_off_hold_breath_off.csv,156.0,164.0,breathing,accepted,,trusted_breathing,breathing,704,95.673,0.00501598,14.263862492267428,0.3627728675497136,39.31898928541953,25.662610168880605,7,1.6868788150552079,0.375,19.25191535055476,0.7574544548988342,1.284473943444374,1.5675926411281607
session_20260812_095800_hold_breath_off_hold_breath_off_w00074,session_20260812_095800_hold_breath_off_hold_breath_off,/Users/jandonyggarofalo/Documents/Desa/UNI/Semestre7/embebidos/esp-csi/examples/get-started/csi_send/data/raw/session_20260812_095800_hold_breath_off_hold_breath_off.csv,158.0,166.0,breathing,accepted,,trusted_breathing,breathing,801,95.673,0.00450609,92.79619410267429,2.512951827414852,36.927167918733865,112.24059265022677,2,1.1854356767264074,0.125,270.1462378593285,0.7352688908576965,2.050149951178216,1.5675926411281607
session_20260812_095800_hold_breath_off_hold_breath_off_w00075,session_20260812_095800_hold_breath_off_hold_breath_off,/Users/jandonyggarofalo/Documents/Desa/UNI/Semestre7/embebidos/esp-csi/examples/get-started/csi_send/data/raw/session_20260812_095800_hold_breath_off_hold_breath_off.csv,160.0,168.0,breathing,accepted,,trusted_breathing,breathing,804,95.673,0.00495569,14.724715751457921,0.3193235557323054,46.11221279195513,10.342572942253682,6,1.2864139049485208,0.375,31.70679831662874,0.6929295659065247,1.1680469198418626,1.5675926411281607
session_20260812_095800_hold_breath_off_hold_breath_off_w00076,session_20260812_095800_hold_breath_off_hold_breath_off,/Users/jandonyggarofalo/Documents/Desa/UNI/Semestre7/embebidos/esp-csi/examples/get-started/csi_send/data/raw/session_20260812_095800_hold_breath_off_hold_breath_off.csv,162.0,170.0,breathing,accepted,,trusted_breathing,breathing,799,43.281,0.00678583,8.618490175055939,0.18150452763339261,47.483609843696556,8.587722767099555,5,1.2752606013611665,0.375,19.0079957339932,0.6577906012535095,0.9354311908742469,1.5675926411281607
session_20260812_095800_hold_breath_off_hold_breath_off_w00077,session_20260812_095800_hold_breath_off_hold_breath_off,/Users/jandonyggarofalo/Documents/Desa/UNI/Semestre7/embebidos/esp-csi/examples/get-started/csi_send/data/raw/session_20260812_095800_hold_breath_off_hold_breath_off.csv,164.0,172.0,breathing,accepted,,trusted_breathing,breathing,796,43.281,0.00318978,16.175309928166328,0.32535747253174063,49.71550154434708,7.79521495175565,5,1.1936424859800518,0.25,26.541457385611977,0.6083555221557617,1.2088526107505273,1.5675926411281607
session_20260812_095800_hold_breath_off_hold_breath_off_w00078,session_20260812_095800_hold_breath_off_hold_breath_off,/Users/jandonyggarofalo/Documents/Desa/UNI/Semestre7/embebidos/esp-csi/examples/get-started/csi_send/data/raw/session_20260812_095800_hold_breath_off_hold_breath_off.csv,166.0,174.0,breathing,accepted,,trusted_breathing,breathing,796,83.735,0.00259108,83.58310956120621,2.0694893661074425,40.38827690058611,92.68336731785872,3,1.4981422638607058,0.125,162.56789190172364,0.5762748718261719,1.9670018039375248,1.5675926411281607
session_20260812_095800_hold_breath_off_hold_breath_off_w00079,session_20260812_095800_hold_breath_off_hold_breath_off,/Users/jandonyggarofalo/Documents/Desa/UNI/Semestre7/embebidos/esp-csi/examples/get-started/csi_send/data/raw/session_20260812_095800_hold_breath_off_hold_breath_off.csv,168.0,176.0,breathing,accepted,,trusted_breathing,breathing,796,83.735,0.00309163,17.86803926571679,0.3996331210956777,44.71110706911158,8.980903279460069,6,1.3860440009103936,0.375,35.318666895392546,0.5656641721725464,1.252076898180024,1.5675926411281607
session_20260812_095800_hold_breath_off_hold_breath_off_w00080,session_20260812_095800_hold_breath_off_hold_breath_off,/Users/jandonyggarofalo/Documents/Desa/UNI/Semestre7/embebidos/esp-csi/examples/get-started/csi_send/data/raw/session_20260812_095800_hold_breath_off_hold_breath_off.csv,170.0,178.0,breathing,accepted,,trusted_breathing,breathing,798,83.735,0.00215382,37.24309110295908,0.9971015819410602,37.35135093299171,40.82803441017088,4,1.2321208066919649,0.125,99.48841936918934,0.5548340678215027,1.6109584721256844,1.5675926411281607
session_20260812_095800_hold_breath_off_hold_breath_off_w00081,session_20260812_095800_hold_breath_off_hold_breath_off,/Users/jandonyggarofalo/Documents/Desa/UNI/Semestre7/embebidos/esp-csi/examples/get-started/csi_send/data/raw/session_20260812_095800_hold_breath_off_hold_breath_off.csv,172.0,180.0,breathing,rejected,transition_guard,not_evaluated,,797,,,,,,,,,,,,,
session_20260812_095800_hold_breath_off_hold_breath_off_w00082,session_20260812_095800_hold_breath_off_hold_breath_off,/Users/jandonyggarofalo/Documents/Desa/UNI/Semestre7/embebidos/esp-csi/examples/get-started/csi_send/data/raw/session_20260812_095800_hold_breath_off_hold_breath_off.csv,174.0,182.0,breathing,rejected,mixed_or_unknown_label,not_evaluated,,795,,,,,,,,,,,,,
session_20260812_095800_hold_breath_off_hold_breath_off_w00083,session_20260812_095800_hold_breath_off_hold_breath_off,/Users/jandonyggarofalo/Documents/Desa/UNI/Semestre7/embebidos/esp-csi/examples/get-started/csi_send/data/raw/session_20260812_095800_hold_breath_off_hold_breath_off.csv,176.0,184.0,breathing,rejected,mixed_or_unknown_label,not_evaluated,,791,,,,,,,,,,,,,
session_20260812_095800_hold_breath_off_hold_breath_off_w00084,session_20260812_095800_hold_breath_off_hold_breath_off,/Users/jandonyggarofalo/Documents/Desa/UNI/Semestre7/embebidos/esp-csi/examples/get-started/csi_send/data/raw/session_20260812_095800_hold_breath_off_hold_breath_off.csv,178.0,186.0,hold_breath,rejected,mixed_or_unknown_label,not_evaluated,,801,,,,,,,,,,,,,
session_20260812_095800_hold_breath_off_hold_breath_off_w00085,session_20260812_095800_hold_breath_off_hold_breath_off,/Users/jandonyggarofalo/Documents/Desa/UNI/Semestre7/embebidos/esp-csi/examples/get-started/csi_send/data/raw/session_20260812_095800_hold_breath_off_hold_breath_off.csv,180.0,188.0,hold_breath,rejected,transition_guard,not_evaluated,,803,,,,,,,,,,,,,
session_20260812_095800_hold_breath_off_hold_breath_off_w00086,session_20260812_095800_hold_breath_off_hold_breath_off,/Users/jandonyggarofalo/Documents/Desa/UNI/Semestre7/embebidos/esp-csi/examples/get-started/csi_send/data/raw/session_20260812_095800_hold_breath_off_hold_breath_off.csv,182.0,190.0,hold_breath,accepted,,high_confidence_hold,hold_breath,800,85.75,0.00507813,19.757397805066393,0.41070821428903403,48.10567969579033,10.746227383304113,5,1.0178849990459684,0.375,39.03835389572918,0.5129504799842834,1.2957297442334264,1.5675926411281607
session_20260812_095800_hold_breath_off_hold_breath_off_w00087,session_20260812_095800_hold_breath_off_hold_breath_off,/Users/jandonyggarofalo/Documents/Desa/UNI/Semestre7/embebidos/esp-csi/examples/get-started/csi_send/data/raw/session_20260812_095800_hold_breath_off_hold_breath_off.csv,184.0,192.0,hold_breath,accepted,,high_confidence_hold,hold_breath,803,85.75,0.00822112,15.865640514895624,0.34472156654360486,46.024508051319465,5.670227677512186,3,1.481168528093641,0.25,25.537168505829168,0.6230860948562622,1.200457609778381,1.5675926411281607
session_20260812_095800_hold_breath_off_hold_breath_off_w00088,session_20260812_095800_hold_breath_off_hold_breath_off,/Users/jandonyggarofalo/Documents/Desa/UNI/Semestre7/embebidos/esp-csi/examples/get-started/csi_send/data/raw/session_20260812_095800_hold_breath_off_hold_breath_off.csv,186.0,194.0,hold_breath,accepted,,ambiguous_breathing_evidence,,793,85.75,0.00663028,46.74400012079087,1.3160068892436152,35.51957098615328,64.66927887149842,2,1.064344560946194,0.125,141.71191338841103,0.6820463538169861,1.810698018147137,1.5675926411281607
session_20260812_095800_hold_breath_off_hold_breath_off_w00089,session_20260812_095800_hold_breath_off_hold_breath_off,/Users/jandonyggarofalo/Documents/Desa/UNI/Semestre7/embebidos/esp-csi/examples/get-started/csi_send/data/raw/session_20260812_095800_hold_breath_off_hold_breath_off.csv,188.0,196.0,hold_breath,rejected,time_gap,not_evaluated,,766,253.036,,,,,,,,,,,,
session_20260812_095800_hold_breath_off_hold_breath_off_w00090,session_20260812_095800_hold_breath_off_hold_breath_off,/Users/jandonyggarofalo/Documents/Desa/UNI/Semestre7/embebidos/esp-csi/examples/get-started/csi_send/data/raw/session_20260812_095800_hold_breath_off_hold_breath_off.csv,190.0,198.0,hold_breath,rejected,time_gap,not_evaluated,,726,278.004,,,,,,,,,,,,
session_20260812_095800_hold_breath_off_hold_breath_off_w00091,session_20260812_095800_hold_breath_off_hold_breath_off,/Users/jandonyggarofalo/Documents/Desa/UNI/Semestre7/embebidos/esp-csi/examples/get-started/csi_send/data/raw/session_20260812_095800_hold_breath_off_hold_breath_off.csv,192.0,200.0,hold_breath,rejected,time_gap,not_evaluated,,677,280.725,,,,,,,,,,,,
session_20260812_095800_hold_breath_off_hold_breath_off_w00092,session_20260812_095800_hold_breath_off_hold_breath_off,/Users/jandonyggarofalo/Documents/Desa/UNI/Semestre7/embebidos/esp-csi/examples/get-started/csi_send/data/raw/session_20260812_095800_hold_breath_off_hold_breath_off.csv,194.0,202.0,hold_breath,rejected,time_gap,not_evaluated,,594,280.725,,,,,,,,,,,,
session_20260812_095800_hold_breath_off_hold_breath_off_w00093,session_20260812_095800_hold_breath_off_hold_breath_off,/Users/jandonyggarofalo/Documents/Desa/UNI/Semestre7/embebidos/esp-csi/examples/get-started/csi_send/data/raw/session_20260812_095800_hold_breath_off_hold_breath_off.csv,196.0,204.0,hold_breath,rejected,time_gap,not_evaluated,,430,280.725,,,,,,,,,,,,
session_20260812_095800_hold_breath_off_hold_breath_off_w00094,session_20260812_095800_hold_breath_off_hold_breath_off,/Users/jandonyggarofalo/Documents/Desa/UNI/Semestre7/embebidos/esp-csi/examples/get-started/csi_send/data/raw/session_20260812_095800_hold_breath_off_hold_breath_off.csv,198.0,206.0,hold_breath,rejected,insufficient_samples,not_evaluated,,306,,,,,,,,,,,,,
session_20260812_095800_hold_breath_off_hold_breath_off_w00095,session_20260812_095800_hold_breath_off_hold_breath_off,/Users/jandonyggarofalo/Documents/Desa/UNI/Semestre7/embebidos/esp-csi/examples/get-started/csi_send/data/raw/session_20260812_095800_hold_breath_off_hold_breath_off.csv,200.0,208.0,hold_breath,rejected,insufficient_samples,not_evaluated,,158,,,,,,,,,,,,,
session_20260812_095800_hold_breath_off_hold_breath_off_w00096,session_20260812_095800_hold_breath_off_hold_breath_off,/Users/jandonyggarofalo/Documents/Desa/UNI/Semestre7/embebidos/esp-csi/examples/get-started/csi_send/data/raw/session_20260812_095800_hold_breath_off_hold_breath_off.csv,202.0,210.0,hold_breath,rejected,insufficient_samples,not_evaluated,,44,,,,,,,,,,,,,
session_20260812_095800_hold_breath_off_hold_breath_off_w00097,session_20260812_095800_hold_breath_off_hold_breath_off,/Users/jandonyggarofalo/Documents/Desa/UNI/Semestre7/embebidos/esp-csi/examples/get-started/csi_send/data/raw/session_20260812_095800_hold_breath_off_hold_breath_off.csv,204.0,212.0,hold_breath,rejected,insufficient_samples,not_evaluated,,65,,,,,,,,,,,,,
session_20260812_095800_hold_breath_off_hold_breath_off_w00098,session_20260812_095800_hold_breath_off_hold_breath_off,/Users/jandonyggarofalo/Documents/Desa/UNI/Semestre7/embebidos/esp-csi/examples/get-started/csi_send/data/raw/session_20260812_095800_hold_breath_off_hold_breath_off.csv,206.0,214.0,hold_breath,rejected,insufficient_samples,not_evaluated,,33,,,,,,,,,,,,,
session_20260812_095800_hold_breath_off_hold_breath_off_w00099,session_20260812_095800_hold_breath_off_hold_breath_off,/Users/jandonyggarofalo/Documents/Desa/UNI/Semestre7/embebidos/esp-csi/examples/get-started/csi_send/data/raw/session_20260812_095800_hold_breath_off_hold_breath_off.csv,208.0,216.0,hold_breath,rejected,insufficient_samples,not_evaluated,,83,,,,,,,,,,,,,
session_20260812_095800_hold_breath_off_hold_breath_off_w00100,session_20260812_095800_hold_breath_off_hold_breath_off,/Users/jandonyggarofalo/Documents/Desa/UNI/Semestre7/embebidos/esp-csi/examples/get-started/csi_send/data/raw/session_20260812_095800_hold_breath_off_hold_breath_off.csv,210.0,218.0,hold_breath,rejected,insufficient_samples,not_evaluated,,289,,,,,,,,,,,,,
session_20260812_095800_hold_breath_off_hold_breath_off_w00101,session_20260812_095800_hold_breath_off_hold_breath_off,/Users/jandonyggarofalo/Documents/Desa/UNI/Semestre7/embebidos/esp-csi/examples/get-started/csi_send/data/raw/session_20260812_095800_hold_breath_off_hold_breath_off.csv,212.0,220.0,hold_breath,accepted,,ambiguous_breathing_evidence,,455,47.676,0.01081731,162.69211912896225,3.293121505076381,49.40361868765584,41.60319973853868,5,1.19396356163172,0.375,324.17709691657706,0.7439137101173401,2.2113665160487272,1.5675926411281607
session_20260812_095800_hold_breath_off_hold_breath_off_w00102,session_20260812_095800_hold_breath_off_hold_breath_off,/Users/jandonyggarofalo/Documents/Desa/UNI/Semestre7/embebidos/esp-csi/examples/get-started/csi_send/data/raw/session_20260812_095800_hold_breath_off_hold_breath_off.csv,214.0,222.0,hold_breath,accepted,,ambiguous_breathing_evidence,,657,47.676,0.00935835,75.72575179227692,1.611719475336575,46.98444918673962,49.57188804896983,6,1.3287068651178262,0.375,151.14060235030863,0.7468307614326477,1.879243593627437,1.5675926411281607
session_20260812_095800_hold_breath_off_hold_breath_off_w00103,session_20260812_095800_hold_breath_off_hold_breath_off,/Users/jandonyggarofalo/Documents/Desa/UNI/Semestre7/embebidos/esp-csi/examples/get-started/csi_send/data/raw/session_20260812_095800_hold_breath_off_hold_breath_off.csv,216.0,224.0,hold_breath,accepted,,high_confidence_hold,hold_breath,808,47.676,0.0088084,34.563850499225,0.7879523997528497,43.86540419195688,29.725115011058048,5,1.3504348378141,0.375,75.23393645200431,0.7040261626243591,1.5386221179913615,1.5675926411281607
session_20260812_095800_hold_breath_off_hold_breath_off_w00104,session_20260812_095800_hold_breath_off_hold_breath_off,/Users/jandonyggarofalo/Documents/Desa/UNI/Semestre7/embebidos/esp-csi/examples/get-started/csi_send/data/raw/session_20260812_095800_hold_breath_off_hold_breath_off.csv,218.0,226.0,hold_breath,accepted,,high_confidence_hold,hold_breath,804,41.044,0.00843439,28.89235972844377,0.6667722606879022,43.331676243688484,19.123114818296873,4,1.52856829449316,0.375,46.659202758173834,0.7160950899124146,1.4607830134672923,1.5675926411281607
session_20260812_095800_hold_breath_off_hold_breath_off_w00105,session_20260812_095800_hold_breath_off_hold_breath_off,/Users/jandonyggarofalo/Documents/Desa/UNI/Semestre7/embebidos/esp-csi/examples/get-started/csi_send/data/raw/session_20260812_095800_hold_breath_off_hold_breath_off.csv,220.0,228.0,hold_breath,accepted,,ambiguous_breathing_evidence,,807,41.044,0.00462748,52.38036241044742,1.482595849780516,35.33016932306029,79.43085187761773,4,1.3856935614224937,0.125,132.94397379436657,0.7208131551742554,1.8999892202828061,1.5675926411281607
session_20260812_095800_hold_breath_off_hold_breath_off_w00106,session_20260812_095800_hold_breath_off_hold_breath_off,/Users/jandonyggarofalo/Documents/Desa/UNI/Semestre7/embebidos/esp-csi/examples/get-started/csi_send/data/raw/session_20260812_095800_hold_breath_off_hold_breath_off.csv,222.0,230.0,hold_breath,accepted,,high_confidence_hold,hold_breath,796,99.534,0.00450495,33.098790020546126,0.7005350065980894,47.24787442276714,16.683083154340874,4,1.39674317590376,0.375,67.96440325948535,0.7248297333717346,1.5198121177332866,1.5675926411281607
session_20260812_095800_hold_breath_off_hold_breath_off_w00107,session_20260812_095800_hold_breath_off_hold_breath_off,/Users/jandonyggarofalo/Documents/Desa/UNI/Semestre7/embebidos/esp-csi/examples/get-started/csi_send/data/raw/session_20260812_095800_hold_breath_off_hold_breath_off.csv,224.0,232.0,hold_breath,accepted,,high_confidence_hold,hold_breath,788,99.534,0.00524469,31.716180653355888,0.7268140266148679,43.637271010068666,35.326985465246175,4,1.416107696815972,0.375,70.27682025705062,0.7486506104469299,1.5481065796464095,1.5675926411281607
session_20260812_095800_hold_breath_off_hold_breath_off_w00108,session_20260812_095800_hold_breath_off_hold_breath_off,/Users/jandonyggarofalo/Documents/Desa/UNI/Semestre7/embebidos/esp-csi/examples/get-started/csi_send/data/raw/session_20260812_095800_hold_breath_off_hold_breath_off.csv,226.0,234.0,hold_breath,accepted,,high_confidence_hold,hold_breath,784,99.534,0.00491271,9.907400501648926,0.2996763585967649,33.06033398165704,26.681751705359364,4,1.5929331675416456,0.125,19.339603808386766,0.7315252423286438,1.2864475728703846,1.5675926411281607
session_20260812_095800_hold_breath_off_hold_breath_off_w00109,session_20260812_095800_hold_breath_off_hold_breath_off,/Users/jandonyggarofalo/Documents/Desa/UNI/Semestre7/embebidos/esp-csi/examples/get-started/csi_send/data/raw/session_20260812_095800_hold_breath_off_hold_breath_off.csv,228.0,236.0,hold_breath,accepted,,high_confidence_hold,hold_breath,781,99.534,0.00578185,6.585380040965717,0.13277378364752632,49.59849648028622,4.173442765709821,5,1.1983500698278942,0.25,14.756365001863946,0.7484744191169739,0.8185808430688213,1.5675926411281607
session_20260812_095800_hold_breath_off_hold_breath_off_w00110,session_20260812_095800_hold_breath_off_hold_breath_off,/Users/jandonyggarofalo/Documents/Desa/UNI/Semestre7/embebidos/esp-csi/examples/get-started/csi_send/data/raw/session_20260812_095800_hold_breath_off_hold_breath_off.csv,230.0,238.0,hold_breath,accepted,,high_confidence_hold,hold_breath,792,33.926,0.0057706,28.182776481095654,0.5654456538903377,49.841706779678546,7.7343449179613275,4,1.1988231216720466,0.25,53.53813361328586,0.7059759497642517,1.44998377624747,1.5675926411281607
session_20260812_095800_hold_breath_off_hold_breath_off_w00111,session_20260812_095800_hold_breath_off_hold_breath_off,/Users/jandonyggarofalo/Documents/Desa/UNI/Semestre7/embebidos/esp-csi/examples/get-started/csi_send/data/raw/session_20260812_095800_hold_breath_off_hold_breath_off.csv,232.0,240.0,hold_breath,rejected,transition_guard,not_evaluated,,799,,,,,,,,,,,,,
session_20260812_095800_hold_breath_off_hold_breath_off_w00112,session_20260812_095800_hold_breath_off_hold_breath_off,/Users/jandonyggarofalo/Documents/Desa/UNI/Semestre7/embebidos/esp-csi/examples/get-started/csi_send/data/raw/session_20260812_095800_hold_breath_off_hold_breath_off.csv,234.0,242.0,hold_breath,rejected,mixed_or_unknown_label,not_evaluated,,796,,,,,,,,,,,,,
session_20260812_095800_hold_breath_off_hold_breath_off_w00113,session_20260812_095800_hold_breath_off_hold_breath_off,/Users/jandonyggarofalo/Documents/Desa/UNI/Semestre7/embebidos/esp-csi/examples/get-started/csi_send/data/raw/session_20260812_095800_hold_breath_off_hold_breath_off.csv,236.0,244.0,hold_breath,rejected,mixed_or_unknown_label,not_evaluated,,789,,,,,,,,,,,,,
session_20260812_095800_hold_breath_off_hold_breath_off_w00114,session_20260812_095800_hold_breath_off_hold_breath_off,/Users/jandonyggarofalo/Documents/Desa/UNI/Semestre7/embebidos/esp-csi/examples/get-started/csi_send/data/raw/session_20260812_095800_hold_breath_off_hold_breath_off.csv,238.0,246.0,breathing,rejected,mixed_or_unknown_label,not_evaluated,,782,,,,,,,,,,,,,
session_20260812_095800_hold_breath_off_hold_breath_off_w00115,session_20260812_095800_hold_breath_off_hold_breath_off,/Users/jandonyggarofalo/Documents/Desa/UNI/Semestre7/embebidos/esp-csi/examples/get-started/csi_send/data/raw/session_20260812_095800_hold_breath_off_hold_breath_off.csv,240.0,248.0,breathing,rejected,transition_guard,not_evaluated,,779,,,,,,,,,,,,,
session_20260812_095800_hold_breath_off_hold_breath_off_w00116,session_20260812_095800_hold_breath_off_hold_breath_off,/Users/jandonyggarofalo/Documents/Desa/UNI/Semestre7/embebidos/esp-csi/examples/get-started/csi_send/data/raw/session_20260812_095800_hold_breath_off_hold_breath_off.csv,242.0,250.0,breathing,rejected,time_gap,not_evaluated,,779,117.015,,,,,,,,,,,,
session_20260812_095800_hold_breath_off_hold_breath_off_w00117,session_20260812_095800_hold_breath_off_hold_breath_off,/Users/jandonyggarofalo/Documents/Desa/UNI/Semestre7/embebidos/esp-csi/examples/get-started/csi_send/data/raw/session_20260812_095800_hold_breath_off_hold_breath_off.csv,244.0,252.0,breathing,accepted,,trusted_breathing,breathing,786,38.717,0.00693782,109.15206300677853,3.3548528211006152,32.535574234501546,182.76456903585753,3,1.0414769612768942,0.125,359.6081968899962,0.8231110572814941,2.2618920066952093,1.5675926411281607
session_20260812_095800_hold_breath_off_hold_breath_off_w00118,session_20260812_095800_hold_breath_off_hold_breath_off,/Users/jandonyggarofalo/Documents/Desa/UNI/Semestre7/embebidos/esp-csi/examples/get-started/csi_send/data/raw/session_20260812_095800_hold_breath_off_hold_breath_off.csv,246.0,254.0,breathing,accepted,,trusted_breathing,breathing,781,48.806,0.00671215,31.58356498148391,0.7714145845958238,40.942400639198326,24.854476856666114,4,1.4223670792344736,0.125,62.91341042870338,0.7887795567512512,1.4994611492443009,1.5675926411281607
session_20260812_095800_hold_breath_off_hold_breath_off_w00119,session_20260812_095800_hold_breath_off_hold_breath_off,/Users/jandonyggarofalo/Documents/Desa/UNI/Semestre7/embebidos/esp-csi/examples/get-started/csi_send/data/raw/session_20260812_095800_hold_breath_off_hold_breath_off.csv,248.0,256.0,breathing,accepted,,trusted_breathing,breathing,783,89.626,0.00519836,127.74792280103935,3.7045880265302897,34.48370557971417,177.93433954672236,2,1.027560688744105,0.125,427.8778001437132,0.7639886736869812,2.2502597706611294,1.5675926411281607
session_20260812_095800_hold_breath_off_hold_breath_off_w00120,session_20260812_095800_hold_breath_off_hold_breath_off,/Users/jandonyggarofalo/Documents/Desa/UNI/Semestre7/embebidos/esp-csi/examples/get-started/csi_send/data/raw/session_20260812_095800_hold_breath_off_hold_breath_off.csv,250.0,258.0,breathing,accepted,,trusted_breathing,breathing,788,89.626,0.00489768,1.4158162626160977,0.03740208597448662,37.85393850877798,4.29825098133541,7,1.544309320980416,0.5,3.4686385962159436,0.694920003414154,0.5401590522648949,1.5675926411281607
session_20260812_095800_hold_breath_off_hold_breath_off_w00121,session_20260812_095800_hold_breath_off_hold_breath_off,/Users/jandonyggarofalo/Documents/Desa/UNI/Semestre7/embebidos/esp-csi/examples/get-started/csi_send/data/raw/session_20260812_095800_hold_breath_off_hold_breath_off.csv,252.0,260.0,breathing,accepted,,trusted_breathing,breathing,788,89.626,0.00638484,14.037083538799484,0.40823540757865645,34.384777209851684,32.69711922329826,3,1.062486283844602,0.125,47.97180994951921,0.6840084195137024,1.5145094908701524,1.5675926411281607
session_20260812_095800_hold_breath_off_hold_breath_off_w00122,session_20260812_095800_hold_breath_off_hold_breath_off,/Users/jandonyggarofalo/Documents/Desa/UNI/Semestre7/embebidos/esp-csi/examples/get-started/csi_send/data/raw/session_20260812_095800_hold_breath_off_hold_breath_off.csv,254.0,262.0,breathing,accepted,,trusted_breathing,breathing,795,89.626,0.00842178,99.9143234989263,2.9700509428249178,33.64060934384536,157.53873749925094,2,0.9766132193727601,0.125,351.9091794979356,0.6960322260856628,2.1973873607517738,1.5675926411281607
session_20260812_095800_hold_breath_off_hold_breath_off_w00123,session_20260812_095800_hold_breath_off_hold_breath_off,/Users/jandonyggarofalo/Documents/Desa/UNI/Semestre7/embebidos/esp-csi/examples/get-started/csi_send/data/raw/session_20260812_095800_hold_breath_off_hold_breath_off.csv,256.0,264.0,breathing,accepted,,trusted_breathing,breathing,788,55.597,0.00969622,8.085766236742064,0.2130374886420732,37.954663699068945,8.610320070652177,4,1.5504025080122152,0.125,16.426194128674133,0.7176469564437866,0.935019295743417,1.5675926411281607
session_20260812_095800_hold_breath_off_hold_breath_off_w00124,session_20260812_095800_hold_breath_off_hold_breath_off,/Users/jandonyggarofalo/Documents/Desa/UNI/Semestre7/embebidos/esp-csi/examples/get-started/csi_send/data/raw/session_20260812_095800_hold_breath_off_hold_breath_off.csv,258.0,266.0,breathing,accepted,,trusted_breathing,breathing,778,55.597,0.00954973,56.92869612475339,1.5405282199862296,36.954010569975345,65.55691200468087,3,1.17813346615682,0.125,152.23587014391353,0.7412900328636169,1.816618488356181,1.5675926411281607
session_20260812_095800_hold_breath_off_hold_breath_off_w00125,session_20260812_095800_hold_breath_off_hold_breath_off,/Users/jandonyggarofalo/Documents/Desa/UNI/Semestre7/embebidos/esp-csi/examples/get-started/csi_send/data/raw/session_20260812_095800_hold_breath_off_hold_breath_off.csv,260.0,268.0,breathing,accepted,,trusted_breathing,breathing,777,45.322,0.00798343,11.777534701868989,0.249437381659238,47.21639805340535,8.476607914393744,5,1.3240409078440225,0.25,22.56774012030229,0.7448175549507141,1.0710543925373945,1.5675926411281607
session_20260812_095800_hold_breath_off_hold_breath_off_w00126,session_20260812_095800_hold_breath_off_hold_breath_off,/Users/jandonyggarofalo/Documents/Desa/UNI/Semestre7/embebidos/esp-csi/examples/get-started/csi_send/data/raw/session_20260812_095800_hold_breath_off_hold_breath_off.csv,262.0,270.0,breathing,accepted,,trusted_breathing,breathing,779,89.28,0.00534539,190.60103159683297,5.300847888734805,35.95670647366742,238.92895554351048,3,1.184105137761645,0.125,567.0402333991437,0.7946481108665466,2.3782687846211514,1.5675926411281607
session_20260812_095800_hold_breath_off_hold_breath_off_w00127,session_20260812_095800_hold_breath_off_hold_breath_off,/Users/jandonyggarofalo/Documents/Desa/UNI/Semestre7/embebidos/esp-csi/examples/get-started/csi_send/data/raw/session_20260812_095800_hold_breath_off_hold_breath_off.csv,264.0,272.0,breathing,accepted,,trusted_breathing,breathing,783,89.28,0.00356202,7.623522003870049,0.21291831835908012,35.804913652273974,8.9799012828621,5,1.4617353565003781,0.125,17.525456764811615,0.7168490886688232,0.9532715624419732,1.5675926411281607
session_20260812_095800_hold_breath_off_hold_breath_off_w00128,session_20260812_095800_hold_breath_off_hold_breath_off,/Users/jandonyggarofalo/Documents/Desa/UNI/Semestre7/embebidos/esp-csi/examples/get-started/csi_send/data/raw/session_20260812_095800_hold_breath_off_hold_breath_off.csv,266.0,274.0,breathing,accepted,,trusted_breathing,breathing,790,89.28,0.00345134,33.327015463771524,0.9798423789038752,34.012629154721395,59.22888859760461,5,1.1586418021524973,0.125,104.99269278651975,0.6901666522026062,1.7725335833845595,1.5675926411281607
session_20260812_095800_hold_breath_off_hold_breath_off_w00129,session_20260812_095800_hold_breath_off_hold_breath_off,/Users/jandonyggarofalo/Documents/Desa/UNI/Semestre7/embebidos/esp-csi/examples/get-started/csi_send/data/raw/session_20260812_095800_hold_breath_off_hold_breath_off.csv,268.0,276.0,breathing,accepted,,trusted_breathing,breathing,792,89.28,0.0067077,12.257803843813731,0.2619274150287977,46.7984759915996,4.144262955003314,3,1.4179013408598549,0.25,21.729729227811053,0.7717849016189575,1.0884126672501853,1.5675926411281607
session_20260812_095800_hold_breath_off_hold_breath_off_w00130,session_20260812_095800_hold_breath_off_hold_breath_off,/Users/jandonyggarofalo/Documents/Desa/UNI/Semestre7/embebidos/esp-csi/examples/get-started/csi_send/data/raw/session_20260812_095800_hold_breath_off_hold_breath_off.csv,270.0,278.0,breathing,accepted,,trusted_breathing,breathing,791,35.505,0.0043754,21.774805687427804,0.5954280444364938,36.57000353081901,36.76555146131202,5,1.2721894168900862,0.125,59.91629701231305,0.7691916823387146,1.5654410845144522,1.5675926411281607
session_20260812_095800_hold_breath_off_hold_breath_off_w00131,session_20260812_095800_hold_breath_off_hold_breath_off,/Users/jandonyggarofalo/Documents/Desa/UNI/Semestre7/embebidos/esp-csi/examples/get-started/csi_send/data/raw/session_20260812_095800_hold_breath_off_hold_breath_off.csv,272.0,280.0,breathing,accepted,,trusted_breathing,breathing,794,34.558,0.0064153,32.18276235593598,0.9036992460247879,35.61224876248001,38.90484098639614,3,1.2064993875806023,0.125,98.3519213255038,0.7590924501419067,1.590003644587163,1.5675926411281607
session_20260812_095800_hold_breath_off_hold_breath_off_w00132,session_20260812_095800_hold_breath_off_hold_breath_off,/Users/jandonyggarofalo/Documents/Desa/UNI/Semestre7/embebidos/esp-csi/examples/get-started/csi_send/data/raw/session_20260812_095800_hold_breath_off_hold_breath_off.csv,274.0,282.0,breathing,accepted,,trusted_breathing,breathing,796,34.558,0.00896082,314.53000757774674,8.836620052608911,35.59392683007229,392.42653238497564,2,1.144569726652768,0.125,930.5072976876525,0.7673820853233337,2.593758362823205,1.5675926411281607
session_20260812_095800_hold_breath_off_hold_breath_off_w00133,session_20260812_095800_hold_breath_off_hold_breath_off,/Users/jandonyggarofalo/Documents/Desa/UNI/Semestre7/embebidos/esp-csi/examples/get-started/csi_send/data/raw/session_20260812_095800_hold_breath_off_hold_breath_off.csv,276.0,284.0,breathing,accepted,,trusted_breathing,breathing,798,87.824,0.00833138,21.15019633035967,0.49142718796360485,43.03831136807803,24.32101902022353,5,1.3724272944812963,0.375,39.06753721367151,0.721204936504364,1.3859817673765642,1.5675926411281607
session_20260812_095800_hold_breath_off_hold_breath_off_w00134,session_20260812_095800_hold_breath_off_hold_breath_off,/Users/jandonyggarofalo/Documents/Desa/UNI/Semestre7/embebidos/esp-csi/examples/get-started/csi_send/data/raw/session_20260812_095800_hold_breath_off_hold_breath_off.csv,278.0,286.0,breathing,accepted,,trusted_breathing,breathing,796,87.824,0.00986377,7.560446829026801,0.20173281555766168,37.477525944847116,9.089176530754433,6,1.493646208200744,0.5,19.236830709230098,0.7323097586631775,0.9585245384091183,1.5675926411281607
session_20260812_095800_hold_breath_off_hold_breath_off_w00135,session_20260812_095800_hold_breath_off_hold_breath_off,/Users/jandonyggarofalo/Documents/Desa/UNI/Semestre7/embebidos/esp-csi/examples/get-started/csi_send/data/raw/session_20260812_095800_hold_breath_off_hold_breath_off.csv,280.0,288.0,breathing,accepted,,trusted_breathing,breathing,799,87.824,0.0081645,56.1621083698793,1.6905007006816672,33.22217396727467,107.60311290525834,4,1.2886563908702318,0.125,161.69993349635055,0.7600431442260742,2.0318248354383766,1.5675926411281607
session_20260812_095800_hold_breath_off_hold_breath_off_w00136,session_20260812_095800_hold_breath_off_hold_breath_off,/Users/jandonyggarofalo/Documents/Desa/UNI/Semestre7/embebidos/esp-csi/examples/get-started/csi_send/data/raw/session_20260812_095800_hold_breath_off_hold_breath_off.csv,282.0,290.0,breathing,accepted,,trusted_breathing,breathing,794,87.824,0.00758619,31.31376995265117,0.6543295330878188,47.85626869817694,9.88368494028662,6,1.4540850641760008,0.375,46.15923613164177,0.7374388575553894,1.4957353566961926,1.5675926411281607
session_20260812_095800_hold_breath_off_hold_breath_off_w00137,session_20260812_095800_hold_breath_off_hold_breath_off,/Users/jandonyggarofalo/Documents/Desa/UNI/Semestre7/embebidos/esp-csi/examples/get-started/csi_send/data/raw/session_20260812_095800_hold_breath_off_hold_breath_off.csv,284.0,292.0,breathing,accepted,,trusted_breathing,breathing,788,56.961,0.0077431,22.78589839661505,0.6142019315628593,37.09838283738119,37.131645688020654,5,1.3875745845379068,0.125,49.235728635166545,0.7451050877571106,1.5697441977418694,1.5675926411281607
session_20260812_095800_hold_breath_off_hold_breath_off_w00138,session_20260812_095800_hold_breath_off_hold_breath_off,/Users/jandonyggarofalo/Documents/Desa/UNI/Semestre7/embebidos/esp-csi/examples/get-started/csi_send/data/raw/session_20260812_095800_hold_breath_off_hold_breath_off.csv,286.0,294.0,breathing,accepted,,trusted_breathing,breathing,787,56.961,0.00822943,67.60871625012938,1.8722511745298032,36.110922065289934,84.07468119198278,3,1.1869111056617718,0.125,204.2622450221984,0.7675911784172058,1.92466522916152,1.5675926411281607
session_20260812_095800_hold_breath_off_hold_breath_off_w00139,session_20260812_095800_hold_breath_off_hold_breath_off,/Users/jandonyggarofalo/Documents/Desa/UNI/Semestre7/embebidos/esp-csi/examples/get-started/csi_send/data/raw/session_20260812_095800_hold_breath_off_hold_breath_off.csv,288.0,296.0,breathing,accepted,,trusted_breathing,breathing,781,56.961,0.00832266,47.16375560870483,1.332841626837314,35.38586630174796,57.529386278489085,3,1.2605437864898243,0.125,138.93524628229585,0.7626189589500427,1.7598897410116479,1.5675926411281607
session_20260812_095800_hold_breath_off_hold_breath_off_w00140,session_20260812_095800_hold_breath_off_hold_breath_off,/Users/jandonyggarofalo/Documents/Desa/UNI/Semestre7/embebidos/esp-csi/examples/get-started/csi_send/data/raw/session_20260812_095800_hold_breath_off_hold_breath_off.csv,290.0,298.0,breathing,accepted,,trusted_breathing,breathing,781,65.347,0.00742238,70.35662963122421,1.6031878430384061,43.885456053508044,41.8527041412479,3,1.2354238637346622,0.125,145.22021550534475,0.8015957474708557,1.8473050268112952,1.5675926411281607
session_20260812_095800_hold_breath_off_hold_breath_off_w00141,session_20260812_095800_hold_breath_off_hold_breath_off,/Users/jandonyggarofalo/Documents/Desa/UNI/Semestre7/embebidos/esp-csi/examples/get-started/csi_send/data/raw/session_20260812_095800_hold_breath_off_hold_breath_off.csv,292.0,300.0,breathing,rejected,transition_guard,not_evaluated,,780,,,,,,,,,,,,,
session_20260812_095800_hold_breath_off_hold_breath_off_w00142,session_20260812_095800_hold_breath_off_hold_breath_off,/Users/jandonyggarofalo/Documents/Desa/UNI/Semestre7/embebidos/esp-csi/examples/get-started/csi_send/data/raw/session_20260812_095800_hold_breath_off_hold_breath_off.csv,294.0,302.0,breathing,rejected,mixed_or_unknown_label,not_evaluated,,779,,,,,,,,,,,,,
session_20260812_095800_hold_breath_off_hold_breath_off_w00143,session_20260812_095800_hold_breath_off_hold_breath_off,/Users/jandonyggarofalo/Documents/Desa/UNI/Semestre7/embebidos/esp-csi/examples/get-started/csi_send/data/raw/session_20260812_095800_hold_breath_off_hold_breath_off.csv,296.0,304.0,breathing,rejected,mixed_or_unknown_label,not_evaluated,,777,,,,,,,,,,,,,
session_20260812_095800_hold_breath_off_hold_breath_off_w00144,session_20260812_095800_hold_breath_off_hold_breath_off,/Users/jandonyggarofalo/Documents/Desa/UNI/Semestre7/embebidos/esp-csi/examples/get-started/csi_send/data/raw/session_20260812_095800_hold_breath_off_hold_breath_off.csv,298.0,306.0,hold_breath,rejected,mixed_or_unknown_label,not_evaluated,,777,,,,,,,,,,,,,
session_20260812_095800_hold_breath_off_hold_breath_off_w00145,session_20260812_095800_hold_breath_off_hold_breath_off,/Users/jandonyggarofalo/Documents/Desa/UNI/Semestre7/embebidos/esp-csi/examples/get-started/csi_send/data/raw/session_20260812_095800_hold_breath_off_hold_breath_off.csv,300.0,308.0,hold_breath,rejected,transition_guard,not_evaluated,,775,,,,,,,,,,,,,
session_20260812_095800_hold_breath_off_hold_breath_off_w00146,session_20260812_095800_hold_breath_off_hold_breath_off,/Users/jandonyggarofalo/Documents/Desa/UNI/Semestre7/embebidos/esp-csi/examples/get-started/csi_send/data/raw/session_20260812_095800_hold_breath_off_hold_breath_off.csv,302.0,310.0,hold_breath,accepted,,high_confidence_hold,hold_breath,768,61.91,0.00694784,8.957531884376635,0.1937955536703847,46.22155521465547,4.2646050136377065,6,1.4913140979318082,0.25,14.070590582173763,0.7654340267181396,0.9521883627141874,1.5675926411281607
session_20260812_095800_hold_breath_off_hold_breath_off_w00147,session_20260812_095800_hold_breath_off_hold_breath_off,/Users/jandonyggarofalo/Documents/Desa/UNI/Semestre7/embebidos/esp-csi/examples/get-started/csi_send/data/raw/session_20260812_095800_hold_breath_off_hold_breath_off.csv,304.0,312.0,hold_breath,accepted,,high_confidence_hold,hold_breath,766,70.248,0.00727195,16.359286689619807,0.38335914839817664,42.673526268859334,15.954955851159987,5,1.504588342881817,0.125,27.00100819407093,0.7532002925872803,1.2137643633013646,1.5675926411281607
session_20260812_095800_hold_breath_off_hold_breath_off_w00148,session_20260812_095800_hold_breath_off_hold_breath_off,/Users/jandonyggarofalo/Documents/Desa/UNI/Semestre7/embebidos/esp-csi/examples/get-started/csi_send/data/raw/session_20260812_095800_hold_breath_off_hold_breath_off.csv,306.0,314.0,hold_breath,accepted,,ambiguous_breathing_evidence,,768,76.211,0.00824992,76.51768829376006,1.9839346075262982,38.568654432178505,71.28943141473309,3,1.338406316346558,0.125,189.03718887121957,0.7349842190742493,1.8837618409105543,1.5675926411281607
session_20260812_095800_hold_breath_off_hold_breath_off_w00149,session_20260812_095800_hold_breath_off_hold_breath_off,/Users/jandonyggarofalo/Documents/Desa/UNI/Semestre7/embebidos/esp-csi/examples/get-started/csi_send/data/raw/session_20260812_095800_hold_breath_off_hold_breath_off.csv,308.0,316.0,hold_breath,accepted,,ambiguous_breathing_evidence,,771,76.211,0.01225073,52.15730641652023,1.209484381722975,43.12358820390573,38.319292449022534,4,1.596853654044576,0.375,59.678962182692466,0.7534331679344177,1.7173151548356864,1.5675926411281607
session_20260812_095800_hold_breath_off_hold_breath_off_w00150,session_20260812_095800_hold_breath_off_hold_breath_off,/Users/jandonyggarofalo/Documents/Desa/UNI/Semestre7/embebidos/esp-csi/examples/get-started/csi_send/data/raw/session_20260812_095800_hold_breath_off_hold_breath_off.csv,310.0,318.0,hold_breath,accepted,,ambiguous_breathing_evidence,,789,76.211,0.00912944,38.081921301667066,0.8800952958072562,43.27022480752342,21.518121790237327,4,1.4537444931479582,0.375,74.23304453732597,0.7651751041412354,1.5807188512056982,1.5675926411281607
session_20260812_095800_hold_breath_off_hold_breath_off_w00151,session_20260812_095800_hold_breath_off_hold_breath_off,/Users/jandonyggarofalo/Documents/Desa/UNI/Semestre7/embebidos/esp-csi/examples/get-started/csi_send/data/raw/session_20260812_095800_hold_breath_off_hold_breath_off.csv,312.0,320.0,hold_breath,accepted,,high_confidence_hold,hold_breath,797,76.211,0.00829282,11.127166775043584,0.24031220317671914,46.302961846738434,7.30527444184401,5,1.283292829347302,0.375,20.793267192845132,0.7738907337188721,1.04638459734447,1.5675926411281607
session_20260812_095800_hold_breath_off_hold_breath_off_w00152,session_20260812_095800_hold_breath_off_hold_breath_off,/Users/jandonyggarofalo/Documents/Desa/UNI/Semestre7/embebidos/esp-csi/examples/get-started/csi_send/data/raw/session_20260812_095800_hold_breath_off_hold_breath_off.csv,314.0,322.0,hold_breath,rejected,time_gap,not_evaluated,,761,277.995,,,,,,,,,,,,
session_20260812_095800_hold_breath_off_hold_breath_off_w00153,session_20260812_095800_hold_breath_off_hold_breath_off,/Users/jandonyggarofalo/Documents/Desa/UNI/Semestre7/embebidos/esp-csi/examples/get-started/csi_send/data/raw/session_20260812_095800_hold_breath_off_hold_breath_off.csv,316.0,324.0,hold_breath,rejected,time_gap,not_evaluated,,683,353.54,,,,,,,,,,,,
session_20260812_095800_hold_breath_off_hold_breath_off_w00154,session_20260812_095800_hold_breath_off_hold_breath_off,/Users/jandonyggarofalo/Documents/Desa/UNI/Semestre7/embebidos/esp-csi/examples/get-started/csi_send/data/raw/session_20260812_095800_hold_breath_off_hold_breath_off.csv,318.0,326.0,hold_breath,rejected,time_gap,not_evaluated,,493,353.54,,,,,,,,,,,,
session_20260812_095800_hold_breath_off_hold_breath_off_w00155,session_20260812_095800_hold_breath_off_hold_breath_off,/Users/jandonyggarofalo/Documents/Desa/UNI/Semestre7/embebidos/esp-csi/examples/get-started/csi_send/data/raw/session_20260812_095800_hold_breath_off_hold_breath_off.csv,320.0,328.0,hold_breath,rejected,insufficient_samples,not_evaluated,,310,,,,,,,,,,,,,
session_20260812_095800_hold_breath_off_hold_breath_off_w00156,session_20260812_095800_hold_breath_off_hold_breath_off,/Users/jandonyggarofalo/Documents/Desa/UNI/Semestre7/embebidos/esp-csi/examples/get-started/csi_send/data/raw/session_20260812_095800_hold_breath_off_hold_breath_off.csv,322.0,330.0,hold_breath,rejected,insufficient_samples,not_evaluated,,156,,,,,,,,,,,,,
session_20260812_095800_hold_breath_off_hold_breath_off_w00157,session_20260812_095800_hold_breath_off_hold_breath_off,/Users/jandonyggarofalo/Documents/Desa/UNI/Semestre7/embebidos/esp-csi/examples/get-started/csi_send/data/raw/session_20260812_095800_hold_breath_off_hold_breath_off.csv,324.0,332.0,hold_breath,rejected,insufficient_samples,not_evaluated,,38,,,,,,,,,,,,,
session_20260812_095800_hold_breath_off_hold_breath_off_w00158,session_20260812_095800_hold_breath_off_hold_breath_off,/Users/jandonyggarofalo/Documents/Desa/UNI/Semestre7/embebidos/esp-csi/examples/get-started/csi_send/data/raw/session_20260812_095800_hold_breath_off_hold_breath_off.csv,326.0,334.0,hold_breath,rejected,insufficient_samples,not_evaluated,,36,,,,,,,,,,,,,
session_20260812_095800_hold_breath_off_hold_breath_off_w00159,session_20260812_095800_hold_breath_off_hold_breath_off,/Users/jandonyggarofalo/Documents/Desa/UNI/Semestre7/embebidos/esp-csi/examples/get-started/csi_send/data/raw/session_20260812_095800_hold_breath_off_hold_breath_off.csv,328.0,336.0,hold_breath,rejected,insufficient_samples,not_evaluated,,42,,,,,,,,,,,,,
session_20260812_095800_hold_breath_off_hold_breath_off_w00160,session_20260812_095800_hold_breath_off_hold_breath_off,/Users/jandonyggarofalo/Documents/Desa/UNI/Semestre7/embebidos/esp-csi/examples/get-started/csi_send/data/raw/session_20260812_095800_hold_breath_off_hold_breath_off.csv,330.0,338.0,hold_breath,rejected,insufficient_samples,not_evaluated,,36,,,,,,,,,,,,,
session_20260812_095800_hold_breath_off_hold_breath_off_w00161,session_20260812_095800_hold_breath_off_hold_breath_off,/Users/jandonyggarofalo/Documents/Desa/UNI/Semestre7/embebidos/esp-csi/examples/get-started/csi_send/data/raw/session_20260812_095800_hold_breath_off_hold_breath_off.csv,332.0,340.0,hold_breath,rejected,insufficient_samples,not_evaluated,,67,,,,,,,,,,,,,
session_20260812_095800_hold_breath_off_hold_breath_off_w00162,session_20260812_095800_hold_breath_off_hold_breath_off,/Users/jandonyggarofalo/Documents/Desa/UNI/Semestre7/embebidos/esp-csi/examples/get-started/csi_send/data/raw/session_20260812_095800_hold_breath_off_hold_breath_off.csv,334.0,342.0,hold_breath,rejected,insufficient_samples,not_evaluated,,54,,,,,,,,,,,,,
session_20260812_095800_hold_breath_off_hold_breath_off_w00163,session_20260812_095800_hold_breath_off_hold_breath_off,/Users/jandonyggarofalo/Documents/Desa/UNI/Semestre7/embebidos/esp-csi/examples/get-started/csi_send/data/raw/session_20260812_095800_hold_breath_off_hold_breath_off.csv,336.0,344.0,hold_breath,rejected,insufficient_samples,not_evaluated,,43,,,,,,,,,,,,,
session_20260812_095800_hold_breath_off_hold_breath_off_w00164,session_20260812_095800_hold_breath_off_hold_breath_off,/Users/jandonyggarofalo/Documents/Desa/UNI/Semestre7/embebidos/esp-csi/examples/get-started/csi_send/data/raw/session_20260812_095800_hold_breath_off_hold_breath_off.csv,338.0,346.0,hold_breath,rejected,insufficient_samples,not_evaluated,,63,,,,,,,,,,,,,
session_20260812_095800_hold_breath_off_hold_breath_off_w00165,session_20260812_095800_hold_breath_off_hold_breath_off,/Users/jandonyggarofalo/Documents/Desa/UNI/Semestre7/embebidos/esp-csi/examples/get-started/csi_send/data/raw/session_20260812_095800_hold_breath_off_hold_breath_off.csv,340.0,348.0,hold_breath,rejected,insufficient_samples,not_evaluated,,32,,,,,,,,,,,,,
session_20260812_095800_hold_breath_off_hold_breath_off_w00166,session_20260812_095800_hold_breath_off_hold_breath_off,/Users/jandonyggarofalo/Documents/Desa/UNI/Semestre7/embebidos/esp-csi/examples/get-started/csi_send/data/raw/session_20260812_095800_hold_breath_off_hold_breath_off.csv,342.0,350.0,hold_breath,rejected,insufficient_samples,not_evaluated,,71,,,,,,,,,,,,,
session_20260812_095800_hold_breath_off_hold_breath_off_w00167,session_20260812_095800_hold_breath_off_hold_breath_off,/Users/jandonyggarofalo/Documents/Desa/UNI/Semestre7/embebidos/esp-csi/examples/get-started/csi_send/data/raw/session_20260812_095800_hold_breath_off_hold_breath_off.csv,344.0,352.0,hold_breath,rejected,insufficient_samples,not_evaluated,,59,,,,,,,,,,,,,
session_20260812_095800_hold_breath_off_hold_breath_off_w00168,session_20260812_095800_hold_breath_off_hold_breath_off,/Users/jandonyggarofalo/Documents/Desa/UNI/Semestre7/embebidos/esp-csi/examples/get-started/csi_send/data/raw/session_20260812_095800_hold_breath_off_hold_breath_off.csv,346.0,354.0,hold_breath,rejected,insufficient_samples,not_evaluated,,43,,,,,,,,,,,,,
session_20260812_095800_hold_breath_off_hold_breath_off_w00169,session_20260812_095800_hold_breath_off_hold_breath_off,/Users/jandonyggarofalo/Documents/Desa/UNI/Semestre7/embebidos/esp-csi/examples/get-started/csi_send/data/raw/session_20260812_095800_hold_breath_off_hold_breath_off.csv,348.0,356.0,hold_breath,rejected,insufficient_samples,not_evaluated,,70,,,,,,,,,,,,,
session_20260812_095800_hold_breath_off_hold_breath_off_w00170,session_20260812_095800_hold_breath_off_hold_breath_off,/Users/jandonyggarofalo/Documents/Desa/UNI/Semestre7/embebidos/esp-csi/examples/get-started/csi_send/data/raw/session_20260812_095800_hold_breath_off_hold_breath_off.csv,350.0,358.0,hold_breath,rejected,insufficient_samples,not_evaluated,,31,,,,,,,,,,,,,
session_20260812_100509_hold_breath_off_hold_breath_off_w00000,session_20260812_100509_hold_breath_off_hold_breath_off,/Users/jandonyggarofalo/Documents/Desa/UNI/Semestre7/embebidos/esp-csi/examples/get-started/csi_send/data/raw/session_20260812_100509_hold_breath_off_hold_breath_off.csv,10.0,18.0,breathing,rejected,insufficient_samples,not_evaluated,,173,,,,,,,,,,,,,
session_20260812_100509_hold_breath_off_hold_breath_off_w00001,session_20260812_100509_hold_breath_off_hold_breath_off,/Users/jandonyggarofalo/Documents/Desa/UNI/Semestre7/embebidos/esp-csi/examples/get-started/csi_send/data/raw/session_20260812_100509_hold_breath_off_hold_breath_off.csv,12.0,20.0,breathing,rejected,insufficient_samples,not_evaluated,,28,,,,,,,,,,,,,
session_20260812_100509_hold_breath_off_hold_breath_off_w00002,session_20260812_100509_hold_breath_off_hold_breath_off,/Users/jandonyggarofalo/Documents/Desa/UNI/Semestre7/embebidos/esp-csi/examples/get-started/csi_send/data/raw/session_20260812_100509_hold_breath_off_hold_breath_off.csv,14.0,22.0,unknown,rejected,no_samples,not_evaluated,,0,,,,,,,,,,,,,
session_20260812_100509_hold_breath_off_hold_breath_off_w00003,session_20260812_100509_hold_breath_off_hold_breath_off,/Users/jandonyggarofalo/Documents/Desa/UNI/Semestre7/embebidos/esp-csi/examples/get-started/csi_send/data/raw/session_20260812_100509_hold_breath_off_hold_breath_off.csv,16.0,24.0,unknown,rejected,no_samples,not_evaluated,,0,,,,,,,,,,,,,
session_20260812_100509_hold_breath_off_hold_breath_off_w00004,session_20260812_100509_hold_breath_off_hold_breath_off,/Users/jandonyggarofalo/Documents/Desa/UNI/Semestre7/embebidos/esp-csi/examples/get-started/csi_send/data/raw/session_20260812_100509_hold_breath_off_hold_breath_off.csv,18.0,26.0,unknown,rejected,no_samples,not_evaluated,,0,,,,,,,,,,,,,
session_20260812_100509_hold_breath_off_hold_breath_off_w00005,session_20260812_100509_hold_breath_off_hold_breath_off,/Users/jandonyggarofalo/Documents/Desa/UNI/Semestre7/embebidos/esp-csi/examples/get-started/csi_send/data/raw/session_20260812_100509_hold_breath_off_hold_breath_off.csv,20.0,28.0,unknown,rejected,no_samples,not_evaluated,,0,,,,,,,,,,,,,
session_20260812_100509_hold_breath_off_hold_breath_off_w00006,session_20260812_100509_hold_breath_off_hold_breath_off,/Users/jandonyggarofalo/Documents/Desa/UNI/Semestre7/embebidos/esp-csi/examples/get-started/csi_send/data/raw/session_20260812_100509_hold_breath_off_hold_breath_off.csv,22.0,30.0,breathing,rejected,insufficient_samples,not_evaluated,,32,,,,,,,,,,,,,
session_20260812_100509_hold_breath_off_hold_breath_off_w00007,session_20260812_100509_hold_breath_off_hold_breath_off,/Users/jandonyggarofalo/Documents/Desa/UNI/Semestre7/embebidos/esp-csi/examples/get-started/csi_send/data/raw/session_20260812_100509_hold_breath_off_hold_breath_off.csv,24.0,32.0,breathing,rejected,insufficient_samples,not_evaluated,,32,,,,,,,,,,,,,
session_20260812_100509_hold_breath_off_hold_breath_off_w00008,session_20260812_100509_hold_breath_off_hold_breath_off,/Users/jandonyggarofalo/Documents/Desa/UNI/Semestre7/embebidos/esp-csi/examples/get-started/csi_send/data/raw/session_20260812_100509_hold_breath_off_hold_breath_off.csv,26.0,34.0,breathing,rejected,insufficient_samples,not_evaluated,,151,,,,,,,,,,,,,
session_20260812_100509_hold_breath_off_hold_breath_off_w00009,session_20260812_100509_hold_breath_off_hold_breath_off,/Users/jandonyggarofalo/Documents/Desa/UNI/Semestre7/embebidos/esp-csi/examples/get-started/csi_send/data/raw/session_20260812_100509_hold_breath_off_hold_breath_off.csv,28.0,36.0,breathing,rejected,time_gap,not_evaluated,,344,4879.472,,,,,,,,,,,,
session_20260812_100509_hold_breath_off_hold_breath_off_w00010,session_20260812_100509_hold_breath_off_hold_breath_off,/Users/jandonyggarofalo/Documents/Desa/UNI/Semestre7/embebidos/esp-csi/examples/get-started/csi_send/data/raw/session_20260812_100509_hold_breath_off_hold_breath_off.csv,30.0,38.0,breathing,rejected,too_many_amplitude_outliers,not_evaluated,,510,50.449,0.02398897,,,,,,,,,,,
session_20260812_100509_hold_breath_off_hold_breath_off_w00011,session_20260812_100509_hold_breath_off_hold_breath_off,/Users/jandonyggarofalo/Documents/Desa/UNI/Semestre7/embebidos/esp-csi/examples/get-started/csi_send/data/raw/session_20260812_100509_hold_breath_off_hold_breath_off.csv,32.0,40.0,breathing,accepted,,trusted_breathing,breathing,713,50.449,0.01890121,16.460148686563606,0.3365916581569148,48.90242609292828,20.620064558938584,4,1.4277359863432277,0.125,21.891970823633784,0.8440017700195312,1.3142900206733623,1.7005742612345256
session_20260812_100509_hold_breath_off_hold_breath_off_w00012,session_20260812_100509_hold_breath_off_hold_breath_off,/Users/jandonyggarofalo/Documents/Desa/UNI/Semestre7/embebidos/esp-csi/examples/get-started/csi_send/data/raw/session_20260812_100509_hold_breath_off_hold_breath_off.csv,34.0,42.0,breathing,accepted,,trusted_breathing,breathing,792,44.196,0.01439197,49.29158038316409,1.247196480238336,39.52190465908392,44.07857655254727,3,1.3359236912913415,0.125,120.41742687815864,0.8476648926734924,1.6927727426969212,1.7005742612345256
session_20260812_100509_hold_breath_off_hold_breath_off_w00013,session_20260812_100509_hold_breath_off_hold_breath_off,/Users/jandonyggarofalo/Documents/Desa/UNI/Semestre7/embebidos/esp-csi/examples/get-started/csi_send/data/raw/session_20260812_100509_hold_breath_off_hold_breath_off.csv,36.0,44.0,breathing,accepted,,trusted_breathing,breathing,799,39.594,0.01217342,19.800611998200548,0.49429514709394085,40.058277153988286,21.09003390354269,4,1.4324905098250642,0.375,32.245427511269874,0.8265565037727356,1.3240772778954895,1.7005742612345256
session_20260812_100509_hold_breath_off_hold_breath_off_w00014,session_20260812_100509_hold_breath_off_hold_breath_off,/Users/jandonyggarofalo/Documents/Desa/UNI/Semestre7/embebidos/esp-csi/examples/get-started/csi_send/data/raw/session_20260812_100509_hold_breath_off_hold_breath_off.csv,38.0,46.0,breathing,accepted,,trusted_breathing,breathing,797,71.923,0.00958673,56.05855445376703,1.2553044914522196,44.657335997316565,25.34599046721003,5,1.3714296783016204,0.25,99.76612968950153,0.8244282603263855,1.7486418946935136,1.7005742612345256
session_20260812_100509_hold_breath_off_hold_breath_off_w00015,session_20260812_100509_hold_breath_off_hold_breath_off,/Users/jandonyggarofalo/Documents/Desa/UNI/Semestre7/embebidos/esp-csi/examples/get-started/csi_send/data/raw/session_20260812_100509_hold_breath_off_hold_breath_off.csv,40.0,48.0,breathing,accepted,,trusted_breathing,breathing,788,71.923,0.0126507,11.960967335234432,0.2700929452653928,44.284634400344395,14.825274781703177,6,1.311182569645533,0.5,23.702596698103857,0.8267906904220581,1.171002751619566,1.7005742612345256
session_20260812_100509_hold_breath_off_hold_breath_off_w00016,session_20260812_100509_hold_breath_off_hold_breath_off,/Users/jandonyggarofalo/Documents/Desa/UNI/Semestre7/embebidos/esp-csi/examples/get-started/csi_send/data/raw/session_20260812_100509_hold_breath_off_hold_breath_off.csv,42.0,50.0,breathing,accepted,,trusted_breathing,breathing,791,71.923,0.01221753,18.164405498585175,0.36418673936420515,49.876625190270794,6.550945487492356,6,1.3489609589294398,0.25,27.07348682719425,0.820108950138092,1.2592211884410356,1.7005742612345256
session_20260812_100509_hold_breath_off_hold_breath_off_w00017,session_20260812_100509_hold_breath_off_hold_breath_off,/Users/jandonyggarofalo/Documents/Desa/UNI/Semestre7/embebidos/esp-csi/examples/get-started/csi_send/data/raw/session_20260812_100509_hold_breath_off_hold_breath_off.csv,44.0,52.0,breathing,accepted,,trusted_breathing,breathing,791,71.923,0.0096792,9.650989043471085,0.22924206980381195,42.09955463972392,14.868051680297443,4,1.4929394911348823,0.375,19.086811217761454,0.8170930743217468,1.172254062003284,1.7005742612345256
session_20260812_100509_hold_breath_off_hold_breath_off_w00018,session_20260812_100509_hold_breath_off_hold_breath_off,/Users/jandonyggarofalo/Documents/Desa/UNI/Semestre7/embebidos/esp-csi/examples/get-started/csi_send/data/raw/session_20260812_100509_hold_breath_off_hold_breath_off.csv,46.0,54.0,breathing,accepted,,trusted_breathing,breathing,791,40.885,0.009936,38.21703054409654,1.0841032762420342,35.25220463915381,67.66068981974918,6,1.231495902798221,0.125,113.37294656625596,0.7754237651824951,1.8303364212288435,1.7005742612345256
session_20260812_100509_hold_breath_off_hold_breath_off_w00019,session_20260812_100509_hold_breath_off_hold_breath_off,/Users/jandonyggarofalo/Documents/Desa/UNI/Semestre7/embebidos/esp-csi/examples/get-started/csi_send/data/raw/session_20260812_100509_hold_breath_off_hold_breath_off.csv,48.0,56.0,breathing,accepted,,trusted_breathing,breathing,790,40.885,0.00984968,44.93558631428854,1.0979045443164013,40.928500156838574,33.37270113008623,5,1.4338109821236182,0.125,99.34441106345054,0.7311687469482422,1.652590412687378,1.7005742612345256
session_20260812_100509_hold_breath_off_hold_breath_off_w00020,session_20260812_100509_hold_breath_off_hold_breath_off,/Users/jandonyggarofalo/Documents/Desa/UNI/Semestre7/embebidos/esp-csi/examples/get-started/csi_send/data/raw/session_20260812_100509_hold_breath_off_hold_breath_off.csv,50.0,58.0,breathing,accepted,,trusted_breathing,breathing,789,47.631,0.01188213,33.851455764480434,1.0255448209473832,33.00826553165755,67.2765681703702,4,1.408936460076443,0.125,79.94656286943038,0.7401941418647766,1.8278638296584075,1.7005742612345256
session_20260812_100509_hold_breath_off_hold_breath_off_w00021,session_20260812_100509_hold_breath_off_hold_breath_off,/Users/jandonyggarofalo/Documents/Desa/UNI/Semestre7/embebidos/esp-csi/examples/get-started/csi_send/data/raw/session_20260812_100509_hold_breath_off_hold_breath_off.csv,52.0,60.0,breathing,rejected,transition_guard,not_evaluated,,790,,,,,,,,,,,,,
session_20260812_100509_hold_breath_off_hold_breath_off_w00022,session_20260812_100509_hold_breath_off_hold_breath_off,/Users/jandonyggarofalo/Documents/Desa/UNI/Semestre7/embebidos/esp-csi/examples/get-started/csi_send/data/raw/session_20260812_100509_hold_breath_off_hold_breath_off.csv,54.0,62.0,breathing,rejected,mixed_or_unknown_label,not_evaluated,,779,,,,,,,,,,,,,
session_20260812_100509_hold_breath_off_hold_breath_off_w00023,session_20260812_100509_hold_breath_off_hold_breath_off,/Users/jandonyggarofalo/Documents/Desa/UNI/Semestre7/embebidos/esp-csi/examples/get-started/csi_send/data/raw/session_20260812_100509_hold_breath_off_hold_breath_off.csv,56.0,64.0,breathing,rejected,mixed_or_unknown_label,not_evaluated,,775,,,,,,,,,,,,,
session_20260812_100509_hold_breath_off_hold_breath_off_w00024,session_20260812_100509_hold_breath_off_hold_breath_off,/Users/jandonyggarofalo/Documents/Desa/UNI/Semestre7/embebidos/esp-csi/examples/get-started/csi_send/data/raw/session_20260812_100509_hold_breath_off_hold_breath_off.csv,58.0,66.0,hold_breath,rejected,mixed_or_unknown_label,not_evaluated,,775,,,,,,,,,,,,,
session_20260812_100509_hold_breath_off_hold_breath_off_w00025,session_20260812_100509_hold_breath_off_hold_breath_off,/Users/jandonyggarofalo/Documents/Desa/UNI/Semestre7/embebidos/esp-csi/examples/get-started/csi_send/data/raw/session_20260812_100509_hold_breath_off_hold_breath_off.csv,60.0,68.0,hold_breath,rejected,transition_guard,not_evaluated,,776,,,,,,,,,,,,,
session_20260812_100509_hold_breath_off_hold_breath_off_w00026,session_20260812_100509_hold_breath_off_hold_breath_off,/Users/jandonyggarofalo/Documents/Desa/UNI/Semestre7/embebidos/esp-csi/examples/get-started/csi_send/data/raw/session_20260812_100509_hold_breath_off_hold_breath_off.csv,62.0,70.0,hold_breath,accepted,,ambiguous_breathing_evidence,,793,68.965,0.01098479,61.356916865907635,1.534989461473865,39.972207240402824,61.142106959247876,5,1.4757845723501175,0.125,105.3211700820597,0.7881065607070923,1.7878635285523359,1.7005742612345256
session_20260812_100509_hold_breath_off_hold_breath_off_w00027,session_20260812_100509_hold_breath_off_hold_breath_off,/Users/jandonyggarofalo/Documents/Desa/UNI/Semestre7/embebidos/esp-csi/examples/get-started/csi_send/data/raw/session_20260812_100509_hold_breath_off_hold_breath_off.csv,64.0,72.0,hold_breath,rejected,time_gap,not_evaluated,,800,132.727,,,,,,,,,,,,
session_20260812_100509_hold_breath_off_hold_breath_off_w00028,session_20260812_100509_hold_breath_off_hold_breath_off,/Users/jandonyggarofalo/Documents/Desa/UNI/Semestre7/embebidos/esp-csi/examples/get-started/csi_send/data/raw/session_20260812_100509_hold_breath_off_hold_breath_off.csv,66.0,74.0,hold_breath,rejected,time_gap,not_evaluated,,803,132.727,,,,,,,,,,,,
session_20260812_100509_hold_breath_off_hold_breath_off_w00029,session_20260812_100509_hold_breath_off_hold_breath_off,/Users/jandonyggarofalo/Documents/Desa/UNI/Semestre7/embebidos/esp-csi/examples/get-started/csi_send/data/raw/session_20260812_100509_hold_breath_off_hold_breath_off.csv,68.0,76.0,hold_breath,rejected,time_gap,not_evaluated,,801,132.727,,,,,,,,,,,,
session_20260812_100509_hold_breath_off_hold_breath_off_w00030,session_20260812_100509_hold_breath_off_hold_breath_off,/Users/jandonyggarofalo/Documents/Desa/UNI/Semestre7/embebidos/esp-csi/examples/get-started/csi_send/data/raw/session_20260812_100509_hold_breath_off_hold_breath_off.csv,70.0,78.0,hold_breath,rejected,time_gap,not_evaluated,,794,132.727,,,,,,,,,,,,
session_20260812_100509_hold_breath_off_hold_breath_off_w00031,session_20260812_100509_hold_breath_off_hold_breath_off,/Users/jandonyggarofalo/Documents/Desa/UNI/Semestre7/embebidos/esp-csi/examples/get-started/csi_send/data/raw/session_20260812_100509_hold_breath_off_hold_breath_off.csv,72.0,80.0,hold_breath,accepted,,high_confidence_hold,hold_breath,800,43.982,0.01286133,21.59272533652989,0.44371753148746945,48.663223344131055,14.249715805101088,6,1.0296034552827036,0.375,47.025287581524694,0.7359644174575806,1.3343074604870473,1.7005742612345256
session_20260812_100509_hold_breath_off_hold_breath_off_w00032,session_20260812_100509_hold_breath_off_hold_breath_off,/Users/jandonyggarofalo/Documents/Desa/UNI/Semestre7/embebidos/esp-csi/examples/get-started/csi_send/data/raw/session_20260812_100509_hold_breath_off_hold_breath_off.csv,74.0,82.0,hold_breath,accepted,,high_confidence_hold,hold_breath,790,43.982,0.01517998,25.266405307789896,0.5632017707351795,44.8620842842226,11.163583193268341,4,1.3529936597894945,0.25,47.45843437033089,0.7636709213256836,1.4025434585388579,1.7005742612345256
session_20260812_100509_hold_breath_off_hold_breath_off_w00033,session_20260812_100509_hold_breath_off_hold_breath_off,/Users/jandonyggarofalo/Documents/Desa/UNI/Semestre7/embebidos/esp-csi/examples/get-started/csi_send/data/raw/session_20260812_100509_hold_breath_off_hold_breath_off.csv,76.0,84.0,hold_breath,accepted,,high_confidence_hold,hold_breath,790,43.982,0.0118572,13.819301438683942,0.293367879026402,47.10570729317354,5.835746562388632,4,1.1231920013582153,0.25,30.87890243768571,0.7173858880996704,1.140486090144389,1.7005742612345256
session_20260812_100509_hold_breath_off_hold_breath_off_w00034,session_20260812_100509_hold_breath_off_hold_breath_off,/Users/jandonyggarofalo/Documents/Desa/UNI/Semestre7/embebidos/esp-csi/examples/get-started/csi_send/data/raw/session_20260812_100509_hold_breath_off_hold_breath_off.csv,78.0,86.0,hold_breath,rejected,time_gap,not_evaluated,,793,115.073,,,,,,,,,,,,
session_20260812_100509_hold_breath_off_hold_breath_off_w00035,session_20260812_100509_hold_breath_off_hold_breath_off,/Users/jandonyggarofalo/Documents/Desa/UNI/Semestre7/embebidos/esp-csi/examples/get-started/csi_send/data/raw/session_20260812_100509_hold_breath_off_hold_breath_off.csv,80.0,88.0,hold_breath,rejected,time_gap,not_evaluated,,788,115.073,,,,,,,,,,,,
session_20260812_100509_hold_breath_off_hold_breath_off_w00036,session_20260812_100509_hold_breath_off_hold_breath_off,/Users/jandonyggarofalo/Documents/Desa/UNI/Semestre7/embebidos/esp-csi/examples/get-started/csi_send/data/raw/session_20260812_100509_hold_breath_off_hold_breath_off.csv,82.0,90.0,hold_breath,rejected,time_gap,not_evaluated,,787,115.073,,,,,,,,,,,,
session_20260812_100509_hold_breath_off_hold_breath_off_w00037,session_20260812_100509_hold_breath_off_hold_breath_off,/Users/jandonyggarofalo/Documents/Desa/UNI/Semestre7/embebidos/esp-csi/examples/get-started/csi_send/data/raw/session_20260812_100509_hold_breath_off_hold_breath_off.csv,84.0,92.0,hold_breath,rejected,time_gap,not_evaluated,,785,115.073,,,,,,,,,,,,
session_20260812_100509_hold_breath_off_hold_breath_off_w00038,session_20260812_100509_hold_breath_off_hold_breath_off,/Users/jandonyggarofalo/Documents/Desa/UNI/Semestre7/embebidos/esp-csi/examples/get-started/csi_send/data/raw/session_20260812_100509_hold_breath_off_hold_breath_off.csv,86.0,94.0,hold_breath,accepted,,high_confidence_hold,hold_breath,790,42.509,0.01171875,13.960434379027475,0.29805617032568443,46.83826663855388,7.545841184541322,2,1.2181008620584328,0.125,35.64250678427334,0.7669410109519958,1.144898931573689,1.7005742612345256
session_20260812_100509_hold_breath_off_hold_breath_off_w00039,session_20260812_100509_hold_breath_off_hold_breath_off,/Users/jandonyggarofalo/Documents/Desa/UNI/Semestre7/embebidos/esp-csi/examples/get-started/csi_send/data/raw/session_20260812_100509_hold_breath_off_hold_breath_off.csv,88.0,96.0,hold_breath,accepted,,ambiguous_breathing_evidence,,789,42.509,0.01348622,50.54393575094174,1.2718916340079114,39.739184062112955,40.7151290714939,3,1.33772669842565,0.125,119.98071747291125,0.8290147185325623,1.7036690565068484,1.7005742612345256
session_20260812_100509_hold_breath_off_hold_breath_off_w00040,session_20260812_100509_hold_breath_off_hold_breath_off,/Users/jandonyggarofalo/Documents/Desa/UNI/Semestre7/embebidos/esp-csi/examples/get-started/csi_send/data/raw/session_20260812_100509_hold_breath_off_hold_breath_off.csv,90.0,98.0,hold_breath,accepted,,ambiguous_breathing_evidence,,801,58.045,0.01152856,60.49062341585884,1.704019953094588,35.49877647029265,82.43332687684335,4,1.3229559759406486,0.125,136.87491782275058,0.8303890824317932,1.9161028276260548,1.7005742612345256
session_20260812_100509_hold_breath_off_hold_breath_off_w00041,session_20260812_100509_hold_breath_off_hold_breath_off,/Users/jandonyggarofalo/Documents/Desa/UNI/Semestre7/embebidos/esp-csi/examples/get-started/csi_send/data/raw/session_20260812_100509_hold_breath_off_hold_breath_off.csv,92.0,100.0,hold_breath,accepted,,high_confidence_hold,hold_breath,798,59.275,0.01296209,16.765690771806156,0.3479777069614161,48.180358788377674,17.17234455656033,6,1.3470442770172293,0.5,26.31429673176809,0.7851163148880005,1.2348295938484013,1.7005742612345256
session_20260812_100509_hold_breath_off_hold_breath_off_w00042,session_20260812_100509_hold_breath_off_hold_breath_off,/Users/jandonyggarofalo/Documents/Desa/UNI/Semestre7/embebidos/esp-csi/examples/get-started/csi_send/data/raw/session_20260812_100509_hold_breath_off_hold_breath_off.csv,94.0,102.0,hold_breath,accepted,,high_confidence_hold,hold_breath,797,59.275,0.01132175,22.96640127710485,0.4621453969310314,49.695185605153966,27.68697710686083,5,1.394857731398937,0.125,30.72701197468155,0.7549290060997009,1.4422755416078161,1.7005742612345256
session_20260812_100509_hold_breath_off_hold_breath_off_w00043,session_20260812_100509_hold_breath_off_hold_breath_off,/Users/jandonyggarofalo/Documents/Desa/UNI/Semestre7/embebidos/esp-csi/examples/get-started/csi_send/data/raw/session_20260812_100509_hold_breath_off_hold_breath_off.csv,96.0,104.0,hold_breath,accepted,,high_confidence_hold,hold_breath,801,59.275,0.00790028,26.421855517150046,0.7707120125915521,34.28239742659667,44.16027936597864,4,1.3187170326920696,0.125,58.11703180672158,0.7397264242172241,1.6450318121559164,1.7005742612345256
session_20260812_100509_hold_breath_off_hold_breath_off_w00044,session_20260812_100509_hold_breath_off_hold_breath_off,/Users/jandonyggarofalo/Documents/Desa/UNI/Semestre7/embebidos/esp-csi/examples/get-started/csi_send/data/raw/session_20260812_100509_hold_breath_off_hold_breath_off.csv,98.0,106.0,hold_breath,accepted,,high_confidence_hold,hold_breath,794,59.275,0.00625787,14.92889365277017,0.35951274347782813,41.52535319975199,7.789643375987494,2,1.318127075603807,0.125,35.422177702768344,0.6749075651168823,1.1740276243157968,1.7005742612345256
session_20260812_100509_hold_breath_off_hold_breath_off_w00045,session_20260812_100509_hold_breath_off_hold_breath_off,/Users/jandonyggarofalo/Documents/Desa/UNI/Semestre7/embebidos/esp-csi/examples/get-started/csi_send/data/raw/session_20260812_100509_hold_breath_off_hold_breath_off.csv,100.0,108.0,hold_breath,accepted,,high_confidence_hold,hold_breath,788,75.64,0.00757456,34.894972084577056,0.9440868188364991,36.96161347485496,39.13053778456003,2,1.1341248095939467,0.125,108.71268549536634,0.6512304544448853,1.592515816601482,1.7005742612345256
session_20260812_100509_hold_breath_off_hold_breath_off_w00046,session_20260812_100509_hold_breath_off_hold_breath_off,/Users/jandonyggarofalo/Documents/Desa/UNI/Semestre7/embebidos/esp-csi/examples/get-started/csi_send/data/raw/session_20260812_100509_hold_breath_off_hold_breath_off.csv,102.0,110.0,hold_breath,accepted,,high_confidence_hold,hold_breath,769,75.64,0.00885891,34.75357357555248,0.9346819054258498,37.18224710863665,48.32689249603052,6,1.3438246437289083,0.125,95.1210062724392,0.6454946994781494,1.6841888701396048,1.7005742612345256
session_20260812_100509_hold_breath_off_hold_breath_off_w00047,session_20260812_100509_hold_breath_off_hold_breath_off,/Users/jandonyggarofalo/Documents/Desa/UNI/Semestre7/embebidos/esp-csi/examples/get-started/csi_send/data/raw/session_20260812_100509_hold_breath_off_hold_breath_off.csv,104.0,112.0,hold_breath,accepted,,ambiguous_breathing_evidence,,764,75.64,0.0111052,73.83922229802845,1.5922975475995464,46.37275389219666,30.462156290186446,4,1.514799705263382,0.375,97.2055813051727,0.6530524492263794,1.8682871138920019,1.7005742612345256
session_20260812_100509_hold_breath_off_hold_breath_off_w00048,session_20260812_100509_hold_breath_off_hold_breath_off,/Users/jandonyggarofalo/Documents/Desa/UNI/Semestre7/embebidos/esp-csi/examples/get-started/csi_send/data/raw/session_20260812_100509_hold_breath_off_hold_breath_off.csv,106.0,114.0,hold_breath,rejected,time_gap,not_evaluated,,766,118.484,,,,,,,,,,,,
session_20260812_100509_hold_breath_off_hold_breath_off_w00049,session_20260812_100509_hold_breath_off_hold_breath_off,/Users/jandonyggarofalo/Documents/Desa/UNI/Semestre7/embebidos/esp-csi/examples/get-started/csi_send/data/raw/session_20260812_100509_hold_breath_off_hold_breath_off.csv,108.0,116.0,hold_breath,rejected,time_gap,not_evaluated,,777,118.484,,,,,,,,,,,,
session_20260812_100509_hold_breath_off_hold_breath_off_w00050,session_20260812_100509_hold_breath_off_hold_breath_off,/Users/jandonyggarofalo/Documents/Desa/UNI/Semestre7/embebidos/esp-csi/examples/get-started/csi_send/data/raw/session_20260812_100509_hold_breath_off_hold_breath_off.csv,110.0,118.0,hold_breath,rejected,time_gap,not_evaluated,,791,118.484,,,,,,,,,,,,
session_20260812_100509_hold_breath_off_hold_breath_off_w00051,session_20260812_100509_hold_breath_off_hold_breath_off,/Users/jandonyggarofalo/Documents/Desa/UNI/Semestre7/embebidos/esp-csi/examples/get-started/csi_send/data/raw/session_20260812_100509_hold_breath_off_hold_breath_off.csv,112.0,120.0,hold_breath,rejected,transition_guard,not_evaluated,,789,,,,,,,,,,,,,
session_20260812_100509_hold_breath_off_hold_breath_off_w00052,session_20260812_100509_hold_breath_off_hold_breath_off,/Users/jandonyggarofalo/Documents/Desa/UNI/Semestre7/embebidos/esp-csi/examples/get-started/csi_send/data/raw/session_20260812_100509_hold_breath_off_hold_breath_off.csv,114.0,122.0,hold_breath,rejected,mixed_or_unknown_label,not_evaluated,,782,,,,,,,,,,,,,
session_20260812_100509_hold_breath_off_hold_breath_off_w00053,session_20260812_100509_hold_breath_off_hold_breath_off,/Users/jandonyggarofalo/Documents/Desa/UNI/Semestre7/embebidos/esp-csi/examples/get-started/csi_send/data/raw/session_20260812_100509_hold_breath_off_hold_breath_off.csv,116.0,124.0,hold_breath,rejected,mixed_or_unknown_label,not_evaluated,,777,,,,,,,,,,,,,
session_20260812_100509_hold_breath_off_hold_breath_off_w00054,session_20260812_100509_hold_breath_off_hold_breath_off,/Users/jandonyggarofalo/Documents/Desa/UNI/Semestre7/embebidos/esp-csi/examples/get-started/csi_send/data/raw/session_20260812_100509_hold_breath_off_hold_breath_off.csv,118.0,126.0,breathing,rejected,mixed_or_unknown_label,not_evaluated,,780,,,,,,,,,,,,,
session_20260812_100509_hold_breath_off_hold_breath_off_w00055,session_20260812_100509_hold_breath_off_hold_breath_off,/Users/jandonyggarofalo/Documents/Desa/UNI/Semestre7/embebidos/esp-csi/examples/get-started/csi_send/data/raw/session_20260812_100509_hold_breath_off_hold_breath_off.csv,120.0,128.0,breathing,rejected,transition_guard,not_evaluated,,779,,,,,,,,,,,,,
session_20260812_100509_hold_breath_off_hold_breath_off_w00056,session_20260812_100509_hold_breath_off_hold_breath_off,/Users/jandonyggarofalo/Documents/Desa/UNI/Semestre7/embebidos/esp-csi/examples/get-started/csi_send/data/raw/session_20260812_100509_hold_breath_off_hold_breath_off.csv,122.0,130.0,breathing,accepted,,trusted_breathing,breathing,788,54.828,0.01076697,9.108366276152225,0.19030162268650705,47.862788280628635,10.02197620401697,6,1.483049631380493,0.5,15.47826470422763,0.7696408629417419,1.0009533672274562,1.7005742612345256
session_20260812_100509_hold_breath_off_hold_breath_off_w00057,session_20260812_100509_hold_breath_off_hold_breath_off,/Users/jandonyggarofalo/Documents/Desa/UNI/Semestre7/embebidos/esp-csi/examples/get-started/csi_send/data/raw/session_20260812_100509_hold_breath_off_hold_breath_off.csv,124.0,132.0,breathing,accepted,,trusted_breathing,breathing,791,54.828,0.00804954,63.611801857283176,1.5617987616459488,40.72983243385545,49.1622250824918,4,1.4652973744100521,0.125,129.39633497891313,0.7408321499824524,1.8035376975037858,1.7005742612345256
session_20260812_100509_hold_breath_off_hold_breath_off_w00058,session_20260812_100509_hold_breath_off_hold_breath_off,/Users/jandonyggarofalo/Documents/Desa/UNI/Semestre7/embebidos/esp-csi/examples/get-started/csi_send/data/raw/session_20260812_100509_hold_breath_off_hold_breath_off.csv,126.0,134.0,breathing,accepted,,trusted_breathing,breathing,780,47.144,0.00994591,21.144012978565236,0.4595088266048852,46.01437829767781,21.96407507400801,7,1.4141875189201072,0.5,33.59242650200869,0.7175095081329346,1.3417129194742416,1.7005742612345256
session_20260812_100509_hold_breath_off_hold_breath_off_w00059,session_20260812_100509_hold_breath_off_hold_breath_off,/Users/jandonyggarofalo/Documents/Desa/UNI/Semestre7/embebidos/esp-csi/examples/get-started/csi_send/data/raw/session_20260812_100509_hold_breath_off_hold_breath_off.csv,128.0,136.0,breathing,accepted,,trusted_breathing,breathing,788,47.144,0.01055877,105.3444268838883,2.797871631031965,37.651629801541496,137.4173193003566,5,1.2763971183235863,0.125,277.78429571178475,0.6283667087554932,2.1380414721890415,1.7005742612345256
session_20260812_100509_hold_breath_off_hold_breath_off_w00060,session_20260812_100509_hold_breath_off_hold_breath_off,/Users/jandonyggarofalo/Documents/Desa/UNI/Semestre7/embebidos/esp-csi/examples/get-started/csi_send/data/raw/session_20260812_100509_hold_breath_off_hold_breath_off.csv,130.0,138.0,breathing,accepted,,trusted_breathing,breathing,788,47.144,0.01080663,52.42135855922698,1.3430425039107359,39.031794158818435,37.750879449939404,2,1.3413102644539965,0.125,144.18770974434435,0.6379714608192444,1.719508271992698,1.7005742612345256
session_20260812_100509_hold_breath_off_hold_breath_off_w00061,session_20260812_100509_hold_breath_off_hold_breath_off,/Users/jandonyggarofalo/Documents/Desa/UNI/Semestre7/embebidos/esp-csi/examples/get-started/csi_send/data/raw/session_20260812_100509_hold_breath_off_hold_breath_off.csv,132.0,140.0,breathing,accepted,,trusted_breathing,breathing,788,47.144,0.01206575,27.66070963963478,0.583451620828336,47.408745904788134,10.722767968113235,7,1.3887035370301763,0.375,44.909594943864974,0.6430359482765198,1.4418633178059947,1.7005742612345256
session_20260812_100509_hold_breath_off_hold_breath_off_w00062,session_20260812_100509_hold_breath_off_hold_breath_off,/Users/jandonyggarofalo/Documents/Desa/UNI/Semestre7/embebidos/esp-csi/examples/get-started/csi_send/data/raw/session_20260812_100509_hold_breath_off_hold_breath_off.csv,134.0,142.0,breathing,accepted,,trusted_breathing,breathing,804,45.148,0.00961987,42.13708571950259,0.9013206782060176,46.75038167694677,23.656233248598184,5,1.3238319698949104,0.375,97.3220617155324,0.6501277089118958,1.6246644956834513,1.7005742612345256
session_20260812_100509_hold_breath_off_hold_breath_off_w00063,session_20260812_100509_hold_breath_off_hold_breath_off,/Users/jandonyggarofalo/Documents/Desa/UNI/Semestre7/embebidos/esp-csi/examples/get-started/csi_send/data/raw/session_20260812_100509_hold_breath_off_hold_breath_off.csv,136.0,144.0,breathing,accepted,,trusted_breathing,breathing,808,45.148,0.00891476,21.77857649623129,0.5322543214519055,40.917613288290205,31.456739469806415,5,1.637732981471762,0.125,29.034417246258233,0.7220296859741211,1.4629131136731564,1.7005742612345256
session_20260812_100509_hold_breath_off_hold_breath_off_w00064,session_20260812_100509_hold_breath_off_hold_breath_off,/Users/jandonyggarofalo/Documents/Desa/UNI/Semestre7/embebidos/esp-csi/examples/get-started/csi_send/data/raw/session_20260812_100509_hold_breath_off_hold_breath_off.csv,138.0,146.0,breathing,accepted,,trusted_breathing,breathing,809,45.148,0.00641224,79.9748474752178,2.2927397001943532,34.88178246680316,102.89835865513855,2,1.0674888621219847,0.125,248.59992442980922,0.7085192203521729,2.0124084473309365,1.7005742612345256
session_20260812_100509_hold_breath_off_hold_breath_off_w00065,session_20260812_100509_hold_breath_off_hold_breath_off,/Users/jandonyggarofalo/Documents/Desa/UNI/Semestre7/embebidos/esp-csi/examples/get-started/csi_send/data/raw/session_20260812_100509_hold_breath_off_hold_breath_off.csv,140.0,148.0,breathing,accepted,,trusted_breathing,breathing,813,37.172,0.00765875,22.07886057797178,0.6108330838808378,36.14548910425882,39.321387784794695,3,0.9478079295216443,0.125,74.72431559726485,0.7157629728317261,1.594628837152034,1.7005742612345256
session_20260812_100509_hold_breath_off_hold_breath_off_w00066,session_20260812_100509_hold_breath_off_hold_breath_off,/Users/jandonyggarofalo/Documents/Desa/UNI/Semestre7/embebidos/esp-csi/examples/get-started/csi_send/data/raw/session_20260812_100509_hold_breath_off_hold_breath_off.csv,142.0,150.0,breathing,accepted,,trusted_breathing,breathing,806,37.172,0.00702737,720.7002358370129,21.005266218035548,34.31045473816327,1101.3492912298088,2,1.0071523189243785,0.125,2418.543469314921,0.6614201664924622,3.041925076643125,1.7005742612345256
session_20260812_100509_hold_breath_off_hold_breath_off_w00067,session_20260812_100509_hold_breath_off_hold_breath_off,/Users/jandonyggarofalo/Documents/Desa/UNI/Semestre7/embebidos/esp-csi/examples/get-started/csi_send/data/raw/session_20260812_100509_hold_breath_off_hold_breath_off.csv,144.0,152.0,breathing,accepted,,trusted_breathing,breathing,796,47.451,0.00756713,61.08792821094569,1.2968740231545688,47.103980124689244,35.58499538954866,6,1.51493911117385,0.25,80.78567934904471,0.5139169096946716,1.785955396341519,1.7005742612345256
session_20260812_100509_hold_breath_off_hold_breath_off_w00068,session_20260812_100509_hold_breath_off_hold_breath_off,/Users/jandonyggarofalo/Documents/Desa/UNI/Semestre7/embebidos/esp-csi/examples/get-started/csi_send/data/raw/session_20260812_100509_hold_breath_off_hold_breath_off.csv,146.0,154.0,breathing,accepted,,trusted_breathing,breathing,790,94.861,0.00945411,65.71569745027753,1.319535797336516,49.802133131116946,19.813255265596123,6,1.161826567779862,0.375,136.94705106411757,0.5189936757087708,1.8176691214889735,1.7005742612345256
session_20260812_100509_hold_breath_off_hold_breath_off_w00069,session_20260812_100509_hold_breath_off_hold_breath_off,/Users/jandonyggarofalo/Documents/Desa/UNI/Semestre7/embebidos/esp-csi/examples/get-started/csi_send/data/raw/session_20260812_100509_hold_breath_off_hold_breath_off.csv,148.0,156.0,breathing,accepted,,trusted_breathing,breathing,793,94.861,0.00657117,110.7796958518656,2.228767052629281,49.70447482213489,32.89378033155735,6,1.1247740381978812,0.375,235.2659230738999,0.4699234962463379,2.044460168447085,1.7005742612345256
session_20260812_100509_hold_breath_off_hold_breath_off_w00070,session_20260812_100509_hold_breath_off_hold_breath_off,/Users/jandonyggarofalo/Documents/Desa/UNI/Semestre7/embebidos/esp-csi/examples/get-started/csi_send/data/raw/session_20260812_100509_hold_breath_off_hold_breath_off.csv,150.0,158.0,breathing,accepted,,trusted_breathing,breathing,791,94.861,0.00616308,55.83783071858501,1.4352063696460373,38.90578518845154,104.74481927198659,3,1.5482143281929273,0.125,103.79226990936279,0.4898682236671448,2.0161650099602353,1.7005742612345256
session_20260812_100509_hold_breath_off_hold_breath_off_w00071,session_20260812_100509_hold_breath_off_hold_breath_off,/Users/jandonyggarofalo/Documents/Desa/UNI/Semestre7/embebidos/esp-csi/examples/get-started/csi_send/data/raw/session_20260812_100509_hold_breath_off_hold_breath_off.csv,152.0,160.0,breathing,accepted,,trusted_breathing,breathing,796,94.861,0.00646789,219.75216501858375,5.17799161144058,42.439652573597655,177.41238840569565,4,1.4932166379177416,0.375,468.3470348419993,0.5891917943954468,2.341933162476152,1.7005742612345256
session_20260812_100509_hold_breath_off_hold_breath_off_w00072,session_20260812_100509_hold_breath_off_hold_breath_off,/Users/jandonyggarofalo/Documents/Desa/UNI/Semestre7/embebidos/esp-csi/examples/get-started/csi_send/data/raw/session_20260812_100509_hold_breath_off_hold_breath_off.csv,154.0,162.0,breathing,accepted,,trusted_breathing,breathing,799,30.595,0.0066196,227.80813425889653,4.78136444646147,47.645005271966276,111.15088960454297,4,1.2535531493499206,0.375,487.81566992062255,0.5793498158454895,2.3575692272087667,1.7005742612345256
session_20260812_100509_hold_breath_off_hold_breath_off_w00073,session_20260812_100509_hold_breath_off_hold_breath_off,/Users/jandonyggarofalo/Documents/Desa/UNI/Semestre7/embebidos/esp-csi/examples/get-started/csi_send/data/raw/session_20260812_100509_hold_breath_off_hold_breath_off.csv,156.0,164.0,breathing,accepted,,trusted_breathing,breathing,799,30.595,0.00818406,78.44140011927405,1.6161661112161603,48.53548133130857,52.625127740770424,4,1.2308052334615054,0.25,167.60417990708896,0.5877410769462585,1.894545336890805,1.7005742612345256
session_20260812_100509_hold_breath_off_hold_breath_off_w00074,session_20260812_100509_hold_breath_off_hold_breath_off,/Users/jandonyggarofalo/Documents/Desa/UNI/Semestre7/embebidos/esp-csi/examples/get-started/csi_send/data/raw/session_20260812_100509_hold_breath_off_hold_breath_off.csv,158.0,166.0,breathing,accepted,,trusted_breathing,breathing,803,30.595,0.00789033,21.237908776226575,0.43928270978004785,48.34678967176334,5.870497662710748,6,1.4299276628113937,0.375,34.96022415467112,0.6692352294921875,1.3271117510319679,1.7005742612345256
session_20260812_100509_hold_breath_off_hold_breath_off_w00075,session_20260812_100509_hold_breath_off_hold_breath_off,/Users/jandonyggarofalo/Documents/Desa/UNI/Semestre7/embebidos/esp-csi/examples/get-started/csi_send/data/raw/session_20260812_100509_hold_breath_off_hold_breath_off.csv,160.0,168.0,breathing,accepted,,trusted_breathing,breathing,808,62.25,0.00776416,540.2239528290175,15.249431318755402,35.425842546964766,707.8318730830433,2,0.9893957935005343,0.125,1808.560854355366,0.7345916628837585,2.849930114662656,1.7005742612345256
session_20260812_100509_hold_breath_off_hold_breath_off_w00076,session_20260812_100509_hold_breath_off_hold_breath_off,/Users/jandonyggarofalo/Documents/Desa/UNI/Semestre7/embebidos/esp-csi/examples/get-started/csi_send/data/raw/session_20260812_100509_hold_breath_off_hold_breath_off.csv,162.0,170.0,breathing,accepted,,trusted_breathing,breathing,810,62.25,0.00716628,75.28621509975724,1.966327653074456,38.28772635222061,76.1082860049718,2,1.2044772303998286,0.125,219.14438623804284,0.8018291592597961,1.8814319415319314,1.7005742612345256
session_20260812_100509_hold_breath_off_hold_breath_off_w00077,session_20260812_100509_hold_breath_off_hold_breath_off,/Users/jandonyggarofalo/Documents/Desa/UNI/Semestre7/embebidos/esp-csi/examples/get-started/csi_send/data/raw/session_20260812_100509_hold_breath_off_hold_breath_off.csv,164.0,172.0,breathing,accepted,,trusted_breathing,breathing,806,62.25,0.01167029,16.446225560847623,0.345344876961863,47.62261338718566,7.3212898164893225,6,1.3703641001115363,0.375,30.932498305471032,0.7937233448028564,1.2160662423356512,1.7005742612345256
session_20260812_100509_hold_breath_off_hold_breath_off_w00078,session_20260812_100509_hold_breath_off_hold_breath_off,/Users/jandonyggarofalo/Documents/Desa/UNI/Semestre7/embebidos/esp-csi/examples/get-started/csi_send/data/raw/session_20260812_100509_hold_breath_off_hold_breath_off.csv,166.0,174.0,breathing,accepted,,trusted_breathing,breathing,804,62.25,0.0124864,38.079550076691845,0.9435928789100195,40.355910825268886,28.47363445144879,4,1.4954881251532701,0.125,71.1123217972644,0.7571126222610474,1.5806918084003587,1.7005742612345256
session_20260812_100509_hold_breath_off_hold_breath_off_w00079,session_20260812_100509_hold_breath_off_hold_breath_off,/Users/jandonyggarofalo/Documents/Desa/UNI/Semestre7/embebidos/esp-csi/examples/get-started/csi_send/data/raw/session_20260812_100509_hold_breath_off_hold_breath_off.csv,168.0,176.0,breathing,accepted,,trusted_breathing,breathing,801,38.363,0.01134324,34.54201584825406,0.7286861000175867,47.40314910271102,19.792115217826495,6,1.3467232957621913,0.375,73.03400448236142,0.7228769063949585,1.5383476790978865,1.7005742612345256
session_20260812_100509_hold_breath_off_hold_breath_off_w00080,session_20260812_100509_hold_breath_off_hold_breath_off,/Users/jandonyggarofalo/Documents/Desa/UNI/Semestre7/embebidos/esp-csi/examples/get-started/csi_send/data/raw/session_20260812_100509_hold_breath_off_hold_breath_off.csv,170.0,178.0,breathing,accepted,,trusted_breathing,breathing,798,34.752,0.01644737,10.793729169252304,0.2732655144410184,39.49905348024631,10.121033785471768,4,1.399102553561189,0.375,20.673342953809374,0.7412098050117493,1.033171516770288,1.7005742612345256
session_20260812_100509_hold_breath_off_hold_breath_off_w00081,session_20260812_100509_hold_breath_off_hold_breath_off,/Users/jandonyggarofalo/Documents/Desa/UNI/Semestre7/embebidos/esp-csi/examples/get-started/csi_send/data/raw/session_20260812_100509_hold_breath_off_hold_breath_off.csv,172.0,180.0,breathing,rejected,transition_guard,not_evaluated,,794,,,,,,,,,,,,,
session_20260812_100509_hold_breath_off_hold_breath_off_w00082,session_20260812_100509_hold_breath_off_hold_breath_off,/Users/jandonyggarofalo/Documents/Desa/UNI/Semestre7/embebidos/esp-csi/examples/get-started/csi_send/data/raw/session_20260812_100509_hold_breath_off_hold_breath_off.csv,174.0,182.0,breathing,rejected,mixed_or_unknown_label,not_evaluated,,790,,,,,,,,,,,,,
session_20260812_100509_hold_breath_off_hold_breath_off_w00083,session_20260812_100509_hold_breath_off_hold_breath_off,/Users/jandonyggarofalo/Documents/Desa/UNI/Semestre7/embebidos/esp-csi/examples/get-started/csi_send/data/raw/session_20260812_100509_hold_breath_off_hold_breath_off.csv,176.0,184.0,breathing,rejected,mixed_or_unknown_label,not_evaluated,,789,,,,,,,,,,,,,
session_20260812_100509_hold_breath_off_hold_breath_off_w00084,session_20260812_100509_hold_breath_off_hold_breath_off,/Users/jandonyggarofalo/Documents/Desa/UNI/Semestre7/embebidos/esp-csi/examples/get-started/csi_send/data/raw/session_20260812_100509_hold_breath_off_hold_breath_off.csv,178.0,186.0,hold_breath,rejected,mixed_or_unknown_label,not_evaluated,,790,,,,,,,,,,,,,
session_20260812_100509_hold_breath_off_hold_breath_off_w00085,session_20260812_100509_hold_breath_off_hold_breath_off,/Users/jandonyggarofalo/Documents/Desa/UNI/Semestre7/embebidos/esp-csi/examples/get-started/csi_send/data/raw/session_20260812_100509_hold_breath_off_hold_breath_off.csv,180.0,188.0,hold_breath,rejected,transition_guard,not_evaluated,,782,,,,,,,,,,,,,
session_20260812_100509_hold_breath_off_hold_breath_off_w00086,session_20260812_100509_hold_breath_off_hold_breath_off,/Users/jandonyggarofalo/Documents/Desa/UNI/Semestre7/embebidos/esp-csi/examples/get-started/csi_send/data/raw/session_20260812_100509_hold_breath_off_hold_breath_off.csv,182.0,190.0,hold_breath,accepted,,ambiguous_breathing_evidence,,781,35.12,0.00450144,97.81176297576664,2.3496421135818664,41.62836646923125,64.75531331622328,5,1.627227868865882,0.375,140.07549318821785,0.452460378408432,1.9903910867740127,1.7005742612345256
session_20260812_100509_hold_breath_off_hold_breath_off_w00087,session_20260812_100509_hold_breath_off_hold_breath_off,/Users/jandonyggarofalo/Documents/Desa/UNI/Semestre7/embebidos/esp-csi/examples/get-started/csi_send/data/raw/session_20260812_100509_hold_breath_off_hold_breath_off.csv,184.0,192.0,hold_breath,accepted,,ambiguous_breathing_evidence,,770,35.12,0.00795455,133.8888564332446,3.3590210885802727,39.8594867083119,184.4272975047749,7,1.5451708466017902,0.125,190.6170191090947,0.548471212387085,2.2658252023916687,1.7005742612345256
session_20260812_100509_hold_breath_off_hold_breath_off_w00088,session_20260812_100509_hold_breath_off_hold_breath_off,/Users/jandonyggarofalo/Documents/Desa/UNI/Semestre7/embebidos/esp-csi/examples/get-started/csi_send/data/raw/session_20260812_100509_hold_breath_off_hold_breath_off.csv,186.0,194.0,hold_breath,accepted,,ambiguous_breathing_evidence,,763,81.565,0.00839613,192.37179959472618,4.039096349967654,47.6274351802029,84.85217505571934,5,1.3672935991845854,0.125,297.51458944352555,0.5207801461219788,2.2841414077327826,1.7005742612345256
session_20260812_100509_hold_breath_off_hold_breath_off_w00089,session_20260812_100509_hold_breath_off_hold_breath_off,/Users/jandonyggarofalo/Documents/Desa/UNI/Semestre7/embebidos/esp-csi/examples/get-started/csi_send/data/raw/session_20260812_100509_hold_breath_off_hold_breath_off.csv,188.0,196.0,hold_breath,accepted,,ambiguous_breathing_evidence,,775,81.565,0.00972782,216.40438854841236,4.451119759171801,48.61796587307035,70.85385851778,6,1.2613282643127288,0.375,395.3848297336477,0.5339845418930054,2.3352660637498457,1.7005742612345256
session_20260812_100509_hold_breath_off_hold_breath_off_w00090,session_20260812_100509_hold_breath_off_hold_breath_off,/Users/jandonyggarofalo/Documents/Desa/UNI/Semestre7/embebidos/esp-csi/examples/get-started/csi_send/data/raw/session_20260812_100509_hold_breath_off_hold_breath_off.csv,190.0,198.0,hold_breath,accepted,,ambiguous_breathing_evidence,,774,81.565,0.01197109,505.63588353759843,11.600473862601026,43.58751974500657,303.1349595846982,5,1.55413694110676,0.25,671.6858648151367,0.54779452085495,2.703837887009654,1.7005742612345256
session_20260812_100509_hold_breath_off_hold_breath_off_w00091,session_20260812_100509_hold_breath_off_hold_breath_off,/Users/jandonyggarofalo/Documents/Desa/UNI/Semestre7/embebidos/esp-csi/examples/get-started/csi_send/data/raw/session_20260812_100509_hold_breath_off_hold_breath_off.csv,192.0,200.0,hold_breath,accepted,,high_confidence_hold,hold_breath,784,81.565,0.01148956,47.53166470500828,1.095369931643888,43.393253121008385,39.89654448804943,5,1.4476386278873539,0.375,82.47858794308831,0.581024169921875,1.676983024888889,1.7005742612345256
session_20260812_100509_hold_breath_off_hold_breath_off_w00092,session_20260812_100509_hold_breath_off_hold_breath_off,/Users/jandonyggarofalo/Documents/Desa/UNI/Semestre7/embebidos/esp-csi/examples/get-started/csi_send/data/raw/session_20260812_100509_hold_breath_off_hold_breath_off.csv,194.0,202.0,hold_breath,accepted,,ambiguous_breathing_evidence,,791,49.044,0.01315582,46.65968928286699,1.2974424678004413,35.962819501301944,67.5045885351055,3,1.2784290791711448,0.125,131.04115595879352,0.7220916748046875,1.8293332944272782,1.7005742612345256
session_20260812_100509_hold_breath_off_hold_breath_off_w00093,session_20260812_100509_hold_breath_off_hold_breath_off,/Users/jandonyggarofalo/Documents/Desa/UNI/Semestre7/embebidos/esp-csi/examples/get-started/csi_send/data/raw/session_20260812_100509_hold_breath_off_hold_breath_off.csv,196.0,204.0,hold_breath,accepted,,high_confidence_hold,hold_breath,783,49.044,0.01146432,14.476417154051248,0.440228085080232,32.883901878681876,32.428424323430114,6,1.5374202269308705,0.125,27.88299045092764,0.7284145951271057,1.445339350010243,1.7005742612345256
session_20260812_100509_hold_breath_off_hold_breath_off_w00094,session_20260812_100509_hold_breath_off_hold_breath_off,/Users/jandonyggarofalo/Documents/Desa/UNI/Semestre7/embebidos/esp-csi/examples/get-started/csi_send/data/raw/session_20260812_100509_hold_breath_off_hold_breath_off.csv,198.0,206.0,hold_breath,accepted,,high_confidence_hold,hold_breath,784,66.086,0.01303412,18.94949322595388,0.4086278499072354,46.37347461806464,22.883299634855153,6,1.4546446172804786,0.375,32.49895891896924,0.7907891869544983,1.3595186473014669,1.7005742612345256
session_20260812_100509_hold_breath_off_hold_breath_off_w00095,session_20260812_100509_hold_breath_off_hold_breath_off,/Users/jandonyggarofalo/Documents/Desa/UNI/Semestre7/embebidos/esp-csi/examples/get-started/csi_send/data/raw/session_20260812_100509_hold_breath_off_hold_breath_off.csv,200.0,208.0,hold_breath,accepted,,ambiguous_breathing_evidence,,778,91.068,0.00904764,77.78733038276371,2.1830053814512653,35.633137253658504,89.0550693343635,2,1.2687818540709896,0.125,222.06950917850722,0.7921170592308044,1.9496586461044751,1.7005742612345256
session_20260812_100509_hold_breath_off_hold_breath_off_w00096,session_20260812_100509_hold_breath_off_hold_breath_off,/Users/jandonyggarofalo/Documents/Desa/UNI/Semestre7/embebidos/esp-csi/examples/get-started/csi_send/data/raw/session_20260812_100509_hold_breath_off_hold_breath_off.csv,202.0,210.0,hold_breath,accepted,,high_confidence_hold,hold_breath,776,91.068,0.01137645,12.502347965477654,0.29408680867756026,42.51244053296808,12.498258891090579,7,1.479095503298849,0.125,18.640770170853813,0.8115391731262207,1.0969915820235332,1.7005742612345256
session_20260812_100509_hold_breath_off_hold_breath_off_w00097,session_20260812_100509_hold_breath_off_hold_breath_off,/Users/jandonyggarofalo/Documents/Desa/UNI/Semestre7/embebidos/esp-csi/examples/get-started/csi_send/data/raw/session_20260812_100509_hold_breath_off_hold_breath_off.csv,204.0,212.0,hold_breath,accepted,,ambiguous_breathing_evidence,,775,91.068,0.01399194,971.8712022359463,28.76453233238985,33.787137263537296,1480.7227514634876,2,0.98990893267421,0.125,3383.5701822778024,0.816279947757721,3.1704737494183797,1.7005742612345256
session_20260812_100509_hold_breath_off_hold_breath_off_w00098,session_20260812_100509_hold_breath_off_hold_breath_off,/Users/jandonyggarofalo/Documents/Desa/UNI/Semestre7/embebidos/esp-csi/examples/get-started/csi_send/data/raw/session_20260812_100509_hold_breath_off_hold_breath_off.csv,206.0,214.0,hold_breath,accepted,,ambiguous_breathing_evidence,,773,91.068,0.0091668,55.71114153500333,1.2755523189136408,43.67609286493836,35.90170356702053,6,1.6269668804032422,0.25,76.34213604043907,0.7635113596916199,1.7459420573514568,1.7005742612345256
session_20260812_100509_hold_breath_off_hold_breath_off_w00099,session_20260812_100509_hold_breath_off_hold_breath_off,/Users/jandonyggarofalo/Documents/Desa/UNI/Semestre7/embebidos/esp-csi/examples/get-started/csi_send/data/raw/session_20260812_100509_hold_breath_off_hold_breath_off.csv,208.0,216.0,hold_breath,accepted,,ambiguous_breathing_evidence,,775,63.894,0.01058468,72.19755341283543,1.6375289743833206,44.08932882545197,47.46025014459585,5,1.491685112899895,0.125,95.08344219030245,0.7783938050270081,1.8585224807094205,1.7005742612345256
session_20260812_100509_hold_breath_off_hold_breath_off_w00100,session_20260812_100509_hold_breath_off_hold_breath_off,/Users/jandonyggarofalo/Documents/Desa/UNI/Semestre7/embebidos/esp-csi/examples/get-started/csi_send/data/raw/session_20260812_100509_hold_breath_off_hold_breath_off.csv,210.0,218.0,hold_breath,accepted,,high_confidence_hold,hold_breath,773,63.894,0.00823698,27.54259551076221,0.6799228531899043,40.50841265520602,26.41716765025444,6,1.422919886223677,0.375,48.81541673448929,0.7323411107063293,1.4400048641303533,1.7005742612345256
session_20260812_100509_hold_breath_off_hold_breath_off_w00101,session_20260812_100509_hold_breath_off_hold_breath_off,/Users/jandonyggarofalo/Documents/Desa/UNI/Semestre7/embebidos/esp-csi/examples/get-started/csi_send/data/raw/session_20260812_100509_hold_breath_off_hold_breath_off.csv,212.0,220.0,hold_breath,accepted,,ambiguous_breathing_evidence,,777,37.207,0.00446429,105.96479079920161,2.5643417805272826,41.32241326168764,106.75034710092517,6,1.5665051771826635,0.125,191.59569356569432,0.6503993272781372,2.0283692958167037,1.7005742612345256
session_20260812_100509_hold_breath_off_hold_breath_off_w00102,session_20260812_100509_hold_breath_off_hold_breath_off,/Users/jandonyggarofalo/Documents/Desa/UNI/Semestre7/embebidos/esp-csi/examples/get-started/csi_send/data/raw/session_20260812_100509_hold_breath_off_hold_breath_off.csv,214.0,222.0,hold_breath,rejected,time_gap,not_evaluated,,781,237.535,,,,,,,,,,,,
session_20260812_100509_hold_breath_off_hold_breath_off_w00103,session_20260812_100509_hold_breath_off_hold_breath_off,/Users/jandonyggarofalo/Documents/Desa/UNI/Semestre7/embebidos/esp-csi/examples/get-started/csi_send/data/raw/session_20260812_100509_hold_breath_off_hold_breath_off.csv,216.0,224.0,hold_breath,rejected,time_gap,not_evaluated,,784,237.535,,,,,,,,,,,,
session_20260812_100509_hold_breath_off_hold_breath_off_w00104,session_20260812_100509_hold_breath_off_hold_breath_off,/Users/jandonyggarofalo/Documents/Desa/UNI/Semestre7/embebidos/esp-csi/examples/get-started/csi_send/data/raw/session_20260812_100509_hold_breath_off_hold_breath_off.csv,218.0,226.0,hold_breath,rejected,time_gap,not_evaluated,,787,237.535,,,,,,,,,,,,
session_20260812_100509_hold_breath_off_hold_breath_off_w00105,session_20260812_100509_hold_breath_off_hold_breath_off,/Users/jandonyggarofalo/Documents/Desa/UNI/Semestre7/embebidos/esp-csi/examples/get-started/csi_send/data/raw/session_20260812_100509_hold_breath_off_hold_breath_off.csv,220.0,228.0,hold_breath,rejected,time_gap,not_evaluated,,791,237.535,,,,,,,,,,,,
session_20260812_100509_hold_breath_off_hold_breath_off_w00106,session_20260812_100509_hold_breath_off_hold_breath_off,/Users/jandonyggarofalo/Documents/Desa/UNI/Semestre7/embebidos/esp-csi/examples/get-started/csi_send/data/raw/session_20260812_100509_hold_breath_off_hold_breath_off.csv,222.0,230.0,hold_breath,accepted,,high_confidence_hold,hold_breath,795,38.656,0.00805818,16.774897041907046,0.3760741421702797,44.605292310331365,15.390279142988364,5,1.3477740714136637,0.375,30.398163611660586,0.6930957436561584,1.2246598633108703,1.7005742612345256
session_20260812_100509_hold_breath_off_hold_breath_off_w00107,session_20260812_100509_hold_breath_off_hold_breath_off,/Users/jandonyggarofalo/Documents/Desa/UNI/Semestre7/embebidos/esp-csi/examples/get-started/csi_send/data/raw/session_20260812_100509_hold_breath_off_hold_breath_off.csv,224.0,232.0,hold_breath,accepted,,high_confidence_hold,hold_breath,782,43.838,0.00943095,29.170137027241704,0.7415834457968462,39.33493552550715,28.341414202718344,3,1.2410633455866666,0.125,76.26097416547896,0.6764522790908813,1.4649384692326548,1.7005742612345256
session_20260812_100509_hold_breath_off_hold_breath_off_w00108,session_20260812_100509_hold_breath_off_hold_breath_off,/Users/jandonyggarofalo/Documents/Desa/UNI/Semestre7/embebidos/esp-csi/examples/get-started/csi_send/data/raw/session_20260812_100509_hold_breath_off_hold_breath_off.csv,226.0,234.0,hold_breath,accepted,,high_confidence_hold,hold_breath,779,43.838,0.00904605,6.101876172277739,0.13625945885517937,44.78130343023168,6.79465177516251,5,1.5076378023474037,0.375,9.45714699769308,0.6920726895332336,0.8321672041148421,1.7005742612345256
session_20260812_100509_hold_breath_off_hold_breath_off_w00109,session_20260812_100509_hold_breath_off_hold_breath_off,/Users/jandonyggarofalo/Documents/Desa/UNI/Semestre7/embebidos/esp-csi/examples/get-started/csi_send/data/raw/session_20260812_100509_hold_breath_off_hold_breath_off.csv,228.0,236.0,hold_breath,accepted,,ambiguous_breathing_evidence,,772,78.144,0.00731663,222.69996915042546,6.190381219863784,35.97516231080997,253.49159406898048,3,1.1389879835881442,0.125,643.32082867035,0.7558068037033081,2.403963562446535,1.7005742612345256
session_20260812_100509_hold_breath_off_hold_breath_off_w00110,session_20260812_100509_hold_breath_off_hold_breath_off,/Users/jandonyggarofalo/Documents/Desa/UNI/Semestre7/embebidos/esp-csi/examples/get-started/csi_send/data/raw/session_20260812_100509_hold_breath_off_hold_breath_off.csv,230.0,238.0,hold_breath,accepted,,high_confidence_hold,hold_breath,758,78.144,0.00662723,32.68004305817248,0.8003299120416936,40.83321461116296,32.78071974042905,5,1.2111306020467423,0.125,75.34233587466274,0.7372997403144836,1.5156184848008507,1.7005742612345256
session_20260812_100509_hold_breath_off_hold_breath_off_w00111,session_20260812_100509_hold_breath_off_hold_breath_off,/Users/jandonyggarofalo/Documents/Desa/UNI/Semestre7/embebidos/esp-csi/examples/get-started/csi_send/data/raw/session_20260812_100509_hold_breath_off_hold_breath_off.csv,232.0,240.0,hold_breath,rejected,transition_guard,not_evaluated,,761,,,,,,,,,,,,,
session_20260812_100509_hold_breath_off_hold_breath_off_w00112,session_20260812_100509_hold_breath_off_hold_breath_off,/Users/jandonyggarofalo/Documents/Desa/UNI/Semestre7/embebidos/esp-csi/examples/get-started/csi_send/data/raw/session_20260812_100509_hold_breath_off_hold_breath_off.csv,234.0,242.0,hold_breath,rejected,mixed_or_unknown_label,not_evaluated,,768,,,,,,,,,,,,,
session_20260812_100509_hold_breath_off_hold_breath_off_w00113,session_20260812_100509_hold_breath_off_hold_breath_off,/Users/jandonyggarofalo/Documents/Desa/UNI/Semestre7/embebidos/esp-csi/examples/get-started/csi_send/data/raw/session_20260812_100509_hold_breath_off_hold_breath_off.csv,236.0,244.0,breathing,rejected,mixed_or_unknown_label,not_evaluated,,766,,,,,,,,,,,,,
session_20260812_100509_hold_breath_off_hold_breath_off_w00114,session_20260812_100509_hold_breath_off_hold_breath_off,/Users/jandonyggarofalo/Documents/Desa/UNI/Semestre7/embebidos/esp-csi/examples/get-started/csi_send/data/raw/session_20260812_100509_hold_breath_off_hold_breath_off.csv,238.0,246.0,breathing,rejected,mixed_or_unknown_label,not_evaluated,,775,,,,,,,,,,,,,
session_20260812_100509_hold_breath_off_hold_breath_off_w00115,session_20260812_100509_hold_breath_off_hold_breath_off,/Users/jandonyggarofalo/Documents/Desa/UNI/Semestre7/embebidos/esp-csi/examples/get-started/csi_send/data/raw/session_20260812_100509_hold_breath_off_hold_breath_off.csv,240.0,248.0,breathing,rejected,transition_guard,not_evaluated,,784,,,,,,,,,,,,,
session_20260812_100509_hold_breath_off_hold_breath_off_w00116,session_20260812_100509_hold_breath_off_hold_breath_off,/Users/jandonyggarofalo/Documents/Desa/UNI/Semestre7/embebidos/esp-csi/examples/get-started/csi_send/data/raw/session_20260812_100509_hold_breath_off_hold_breath_off.csv,242.0,250.0,breathing,accepted,,trusted_breathing,breathing,781,75.094,0.00550176,57.13692947322299,1.1480096526469832,49.77042600768359,18.818467482548307,5,1.2382326371951826,0.375,107.83603473499083,0.5321184992790222,1.7569168977781546,1.7005742612345256
session_20260812_100509_hold_breath_off_hold_breath_off_w00117,session_20260812_100509_hold_breath_off_hold_breath_off,/Users/jandonyggarofalo/Documents/Desa/UNI/Semestre7/embebidos/esp-csi/examples/get-started/csi_send/data/raw/session_20260812_100509_hold_breath_off_hold_breath_off.csv,244.0,252.0,breathing,accepted,,trusted_breathing,breathing,789,75.094,0.00658468,51.094691319237036,1.175206301398122,43.47721013613279,47.1275570767318,5,1.3593578499042611,0.375,102.75026783178114,0.5306012034416199,1.70837577977213,1.7005742612345256
session_20260812_100509_hold_breath_off_hold_breath_off_w00118,session_20260812_100509_hold_breath_off_hold_breath_off,/Users/jandonyggarofalo/Documents/Desa/UNI/Semestre7/embebidos/esp-csi/examples/get-started/csi_send/data/raw/session_20260812_100509_hold_breath_off_hold_breath_off.csv,246.0,254.0,breathing,accepted,,trusted_breathing,breathing,787,75.094,0.00504288,55.53241320164038,1.114160521774897,49.84238098216353,24.956568696106597,6,1.1570061720776759,0.375,129.99945254708476,0.5984756946563721,1.7445465464670662,1.7005742612345256
session_20260812_100509_hold_breath_off_hold_breath_off_w00119,session_20260812_100509_hold_breath_off_hold_breath_off,/Users/jandonyggarofalo/Documents/Desa/UNI/Semestre7/embebidos/esp-csi/examples/get-started/csi_send/data/raw/session_20260812_100509_hold_breath_off_hold_breath_off.csv,248.0,256.0,breathing,accepted,,trusted_breathing,breathing,785,75.094,0.00277667,33.55655319097597,0.6818166858564847,49.216385997907445,13.878504730862776,4,1.2865646945605895,0.25,67.49365417954107,0.6680094003677368,1.5257773452729948,1.7005742612345256
session_20260812_100509_hold_breath_off_hold_breath_off_w00120,session_20260812_100509_hold_breath_off_hold_breath_off,/Users/jandonyggarofalo/Documents/Desa/UNI/Semestre7/embebidos/esp-csi/examples/get-started/csi_send/data/raw/session_20260812_100509_hold_breath_off_hold_breath_off.csv,250.0,258.0,breathing,accepted,,trusted_breathing,breathing,785,48.484,0.00303543,11.332151756694424,0.31606357550855957,35.854026325003325,22.317276717182338,6,1.5531409917327543,0.375,27.716852841081952,0.7022832632064819,1.3486411983812512,1.7005742612345256
session_20260812_100509_hold_breath_off_hold_breath_off_w00121,session_20260812_100509_hold_breath_off_hold_breath_off,/Users/jandonyggarofalo/Documents/Desa/UNI/Semestre7/embebidos/esp-csi/examples/get-started/csi_send/data/raw/session_20260812_100509_hold_breath_off_hold_breath_off.csv,252.0,260.0,breathing,accepted,,trusted_breathing,breathing,781,83.406,0.00330106,62.45129284692977,1.7941015553567057,34.80922953354126,99.65905060692666,3,1.1745643362549236,0.125,173.65605086203996,0.7009263634681702,1.9985167455870307,1.7005742612345256
session_20260812_100509_hold_breath_off_hold_breath_off_w00122,session_20260812_100509_hold_breath_off_hold_breath_off,/Users/jandonyggarofalo/Documents/Desa/UNI/Semestre7/embebidos/esp-csi/examples/get-started/csi_send/data/raw/session_20260812_100509_hold_breath_off_hold_breath_off.csv,254.0,262.0,breathing,accepted,,trusted_breathing,breathing,786,83.406,0.00437341,65.36566590813746,1.3480254356455472,48.489935115197895,45.156647401618244,4,1.4742747841578738,0.25,86.98953756638282,0.6400370001792908,1.815349689882845,1.7005742612345256
session_20260812_100509_hold_breath_off_hold_breath_off_w00123,session_20260812_100509_hold_breath_off_hold_breath_off,/Users/jandonyggarofalo/Documents/Desa/UNI/Semestre7/embebidos/esp-csi/examples/get-started/csi_send/data/raw/session_20260812_100509_hold_breath_off_hold_breath_off.csv,256.0,264.0,breathing,accepted,,trusted_breathing,breathing,791,83.406,0.00515566,63.445988140736766,1.3527456337515165,46.90163956747551,81.26457995955738,5,1.2393456894427297,0.375,132.4748618044386,0.5255244374275208,1.9099012949176928,1.7005742612345256
session_20260812_100509_hold_breath_off_hold_breath_off_w00124,session_20260812_100509_hold_breath_off_hold_breath_off,/Users/jandonyggarofalo/Documents/Desa/UNI/Semestre7/embebidos/esp-csi/examples/get-started/csi_send/data/raw/session_20260812_100509_hold_breath_off_hold_breath_off.csv,258.0,266.0,breathing,accepted,,trusted_breathing,breathing,790,83.406,0.00461828,28.356244631166046,0.5764046605190765,49.19503011231878,12.776357645822136,6,1.062339393188726,0.375,71.34311085018756,0.5174117088317871,1.452648714382902,1.7005742612345256
session_20260812_100509_hold_breath_off_hold_breath_off_w00125,session_20260812_100509_hold_breath_off_hold_breath_off,/Users/jandonyggarofalo/Documents/Desa/UNI/Semestre7/embebidos/esp-csi/examples/get-started/csi_send/data/raw/session_20260812_100509_hold_breath_off_hold_breath_off.csv,260.0,268.0,breathing,accepted,,trusted_breathing,breathing,789,69.246,0.00537666,17.41799194698001,0.3823785564255183,45.55169649092816,7.480076357893089,6,1.4783263584871704,0.5,28.664638915807856,0.6323835849761963,1.240998085424037,1.7005742612345256
session_20260812_100509_hold_breath_off_hold_breath_off_w00126,session_20260812_100509_hold_breath_off_hold_breath_off,/Users/jandonyggarofalo/Documents/Desa/UNI/Semestre7/embebidos/esp-csi/examples/get-started/csi_send/data/raw/session_20260812_100509_hold_breath_off_hold_breath_off.csv,262.0,270.0,breathing,accepted,,trusted_breathing,breathing,781,40.605,0.00417133,8.782509196778571,0.2692696424869498,32.61603913323279,16.992756187438385,6,1.440887472622476,0.5,18.016256346018334,0.6260331273078918,1.2302638261860341,1.7005742612345256
session_20260812_100509_hold_breath_off_hold_breath_off_w00127,session_20260812_100509_hold_breath_off_hold_breath_off,/Users/jandonyggarofalo/Documents/Desa/UNI/Semestre7/embebidos/esp-csi/examples/get-started/csi_send/data/raw/session_20260812_100509_hold_breath_off_hold_breath_off.csv,264.0,272.0,breathing,accepted,,trusted_breathing,breathing,772,39.699,0.0057683,109.98595254083251,3.0951600672679986,35.534818927112276,126.47049343039185,2,1.0263322229066807,0.125,364.4982505377157,0.7242840528488159,2.101989212981315,1.7005742612345256
session_20260812_100509_hold_breath_off_hold_breath_off_w00128,session_20260812_100509_hold_breath_off_hold_breath_off,/Users/jandonyggarofalo/Documents/Desa/UNI/Semestre7/embebidos/esp-csi/examples/get-started/csi_send/data/raw/session_20260812_100509_hold_breath_off_hold_breath_off.csv,266.0,274.0,breathing,accepted,,trusted_breathing,breathing,771,47.44,0.00809622,114.20723662795832,3.2622769461500987,35.00844303323247,169.70532305919625,4,1.2066770525936574,0.125,344.52596157057474,0.7618311643600464,2.2296954648219756,1.7005742612345256
session_20260812_100509_hold_breath_off_hold_breath_off_w00129,session_20260812_100509_hold_breath_off_hold_breath_off,/Users/jandonyggarofalo/Documents/Desa/UNI/Semestre7/embebidos/esp-csi/examples/get-started/csi_send/data/raw/session_20260812_100509_hold_breath_off_hold_breath_off.csv,268.0,276.0,breathing,accepted,,trusted_breathing,breathing,774,95.566,0.00966974,8.365680642683522,0.17525437553656412,47.734503729354344,4.277043712250713,6,1.4090778764662333,0.375,10.854953186740673,0.7594067454338074,0.9225012815012268,1.7005742612345256
session_20260812_100509_hold_breath_off_hold_breath_off_w00130,session_20260812_100509_hold_breath_off_hold_breath_off,/Users/jandonyggarofalo/Documents/Desa/UNI/Semestre7/embebidos/esp-csi/examples/get-started/csi_send/data/raw/session_20260812_100509_hold_breath_off_hold_breath_off.csv,270.0,278.0,breathing,accepted,,trusted_breathing,breathing,773,95.566,0.01158231,12.708092866806691,0.26731873039441534,47.53910378075267,5.948978388779523,4,1.3767483054491045,0.375,23.09434866711126,0.7713425159454346,1.1040803798563033,1.7005742612345256
session_20260812_100509_hold_breath_off_hold_breath_off_w00131,session_20260812_100509_hold_breath_off_hold_breath_off,/Users/jandonyggarofalo/Documents/Desa/UNI/Semestre7/embebidos/esp-csi/examples/get-started/csi_send/data/raw/session_20260812_100509_hold_breath_off_hold_breath_off.csv,272.0,280.0,breathing,accepted,,trusted_breathing,breathing,781,95.566,0.0065721,17.256525678333862,0.46887110973595175,36.80441238534658,22.137198502210385,4,1.422021947480079,0.125,32.009467909823385,0.7472733855247498,1.3451226593605226,1.7005742612345256
session_20260812_100509_hold_breath_off_hold_breath_off_w00132,session_20260812_100509_hold_breath_off_hold_breath_off,/Users/jandonyggarofalo/Documents/Desa/UNI/Semestre7/embebidos/esp-csi/examples/get-started/csi_send/data/raw/session_20260812_100509_hold_breath_off_hold_breath_off.csv,274.0,282.0,breathing,accepted,,trusted_breathing,breathing,781,95.566,0.00577185,203.6245064673036,6.025025442978471,33.796455864692255,454.58832247495377,5,1.1629915859556132,0.125,657.8101159396526,0.7264629602432251,2.65761827531806,1.7005742612345256
session_20260812_100509_hold_breath_off_hold_breath_off_w00133,session_20260812_100509_hold_breath_off_hold_breath_off,/Users/jandonyggarofalo/Documents/Desa/UNI/Semestre7/embebidos/esp-csi/examples/get-started/csi_send/data/raw/session_20260812_100509_hold_breath_off_hold_breath_off.csv,276.0,284.0,breathing,accepted,,trusted_breathing,breathing,782,37.515,0.00396619,204.79177736444396,6.1604986564706,33.24272738040618,379.65555045184556,2,1.0203377983136264,0.125,701.4083247993085,0.6643405556678772,2.5793897535172103,1.7005742612345256
session_20260812_100509_hold_breath_off_hold_breath_off_w00134,session_20260812_100509_hold_breath_off_hold_breath_off,/Users/jandonyggarofalo/Documents/Desa/UNI/Semestre7/embebidos/esp-csi/examples/get-started/csi_send/data/raw/session_20260812_100509_hold_breath_off_hold_breath_off.csv,278.0,286.0,breathing,accepted,,trusted_breathing,breathing,792,37.515,0.00381747,149.7064904674763,4.053664488298743,36.93114980274767,201.94231287526992,3,1.1618628212713198,0.125,419.9110779657457,0.7483561635017395,2.305227325991316,1.7005742612345256
session_20260812_100509_hold_breath_off_hold_breath_off_w00135,session_20260812_100509_hold_breath_off_hold_breath_off,/Users/jandonyggarofalo/Documents/Desa/UNI/Semestre7/embebidos/esp-csi/examples/get-started/csi_send/data/raw/session_20260812_100509_hold_breath_off_hold_breath_off.csv,280.0,288.0,breathing,accepted,,trusted_breathing,breathing,788,36.693,0.00692021,18.266791806819526,0.41556135628535645,43.95690679725326,16.926979585625773,5,1.4606064015319737,0.25,36.817276352278675,0.749366819858551,1.2616622789923777,1.7005742612345256
session_20260812_100509_hold_breath_off_hold_breath_off_w00136,session_20260812_100509_hold_breath_off_hold_breath_off,/Users/jandonyggarofalo/Documents/Desa/UNI/Semestre7/embebidos/esp-csi/examples/get-started/csi_send/data/raw/session_20260812_100509_hold_breath_off_hold_breath_off.csv,282.0,290.0,breathing,accepted,,trusted_breathing,breathing,788,96.689,0.00870479,12.568347661390614,0.26409544952356906,47.590171220354065,6.574315413012988,3,1.289246960499668,0.25,23.92824916896757,0.7991106510162354,1.0992781855054725,1.7005742612345256
session_20260812_100509_hold_breath_off_hold_breath_off_w00137,session_20260812_100509_hold_breath_off_hold_breath_off,/Users/jandonyggarofalo/Documents/Desa/UNI/Semestre7/embebidos/esp-csi/examples/get-started/csi_send/data/raw/session_20260812_100509_hold_breath_off_hold_breath_off.csv,284.0,292.0,breathing,accepted,,trusted_breathing,breathing,775,96.689,0.01010081,71.80155062479102,2.1490410321741553,33.41097240573251,123.58599343406803,3,1.052586959189928,0.125,217.4819537695619,0.7875168919563293,2.091969252961641,1.7005742612345256
session_20260812_100509_hold_breath_off_hold_breath_off_w00138,session_20260812_100509_hold_breath_off_hold_breath_off,/Users/jandonyggarofalo/Documents/Desa/UNI/Semestre7/embebidos/esp-csi/examples/get-started/csi_send/data/raw/session_20260812_100509_hold_breath_off_hold_breath_off.csv,286.0,294.0,breathing,accepted,,trusted_breathing,breathing,775,96.689,0.0111996,56.36112862563476,1.3385691702261926,42.105503308483264,33.73245505054924,3,1.3372217774020057,0.125,123.45899828285096,0.779705286026001,1.750979681225432,1.7005742612345256
session_20260812_100509_hold_breath_off_hold_breath_off_w00139,session_20260812_100509_hold_breath_off_hold_breath_off,/Users/jandonyggarofalo/Documents/Desa/UNI/Semestre7/embebidos/esp-csi/examples/get-started/csi_send/data/raw/session_20260812_100509_hold_breath_off_hold_breath_off.csv,288.0,296.0,breathing,accepted,,trusted_breathing,breathing,775,96.689,0.01200605,48.49457529818954,1.1345679339553678,42.742769160664906,31.99283931710517,6,1.526853725408652,0.125,73.30951751871287,0.7958869338035583,1.68569316025534,1.7005742612345256
session_20260812_100509_hold_breath_off_hold_breath_off_w00140,session_20260812_100509_hold_breath_off_hold_breath_off,/Users/jandonyggarofalo/Documents/Desa/UNI/Semestre7/embebidos/esp-csi/examples/get-started/csi_send/data/raw/session_20260812_100509_hold_breath_off_hold_breath_off.csv,290.0,298.0,breathing,accepted,,trusted_breathing,breathing,769,86.892,0.00880811,23.09505067316223,0.5836506590286747,39.56998988325995,20.306135353306143,4,1.4932838557210877,0.125,51.89628256590246,0.7966774106025696,1.363518919475011,1.7005742612345256
session_20260812_100509_hold_breath_off_hold_breath_off_w00141,session_20260812_100509_hold_breath_off_hold_breath_off,/Users/jandonyggarofalo/Documents/Desa/UNI/Semestre7/embebidos/esp-csi/examples/get-started/csi_send/data/raw/session_20260812_100509_hold_breath_off_hold_breath_off.csv,292.0,300.0,breathing,rejected,transition_guard,not_evaluated,,780,,,,,,,,,,,,,
session_20260812_100509_hold_breath_off_hold_breath_off_w00142,session_20260812_100509_hold_breath_off_hold_breath_off,/Users/jandonyggarofalo/Documents/Desa/UNI/Semestre7/embebidos/esp-csi/examples/get-started/csi_send/data/raw/session_20260812_100509_hold_breath_off_hold_breath_off.csv,294.0,302.0,breathing,rejected,mixed_or_unknown_label,not_evaluated,,782,,,,,,,,,,,,,
session_20260812_100509_hold_breath_off_hold_breath_off_w00143,session_20260812_100509_hold_breath_off_hold_breath_off,/Users/jandonyggarofalo/Documents/Desa/UNI/Semestre7/embebidos/esp-csi/examples/get-started/csi_send/data/raw/session_20260812_100509_hold_breath_off_hold_breath_off.csv,296.0,304.0,hold_breath,rejected,mixed_or_unknown_label,not_evaluated,,778,,,,,,,,,,,,,
session_20260812_100509_hold_breath_off_hold_breath_off_w00144,session_20260812_100509_hold_breath_off_hold_breath_off,/Users/jandonyggarofalo/Documents/Desa/UNI/Semestre7/embebidos/esp-csi/examples/get-started/csi_send/data/raw/session_20260812_100509_hold_breath_off_hold_breath_off.csv,298.0,306.0,hold_breath,rejected,mixed_or_unknown_label,not_evaluated,,779,,,,,,,,,,,,,
session_20260812_100509_hold_breath_off_hold_breath_off_w00145,session_20260812_100509_hold_breath_off_hold_breath_off,/Users/jandonyggarofalo/Documents/Desa/UNI/Semestre7/embebidos/esp-csi/examples/get-started/csi_send/data/raw/session_20260812_100509_hold_breath_off_hold_breath_off.csv,300.0,308.0,hold_breath,rejected,transition_guard,not_evaluated,,775,,,,,,,,,,,,,
session_20260812_100509_hold_breath_off_hold_breath_off_w00146,session_20260812_100509_hold_breath_off_hold_breath_off,/Users/jandonyggarofalo/Documents/Desa/UNI/Semestre7/embebidos/esp-csi/examples/get-started/csi_send/data/raw/session_20260812_100509_hold_breath_off_hold_breath_off.csv,302.0,310.0,hold_breath,accepted,,ambiguous_breathing_evidence,,766,65.551,0.00507914,223.26480076684965,6.043690582562159,36.941798676953766,270.0415415337453,4,1.2616653453650493,0.125,617.0176617276571,0.7344402074813843,2.4314305784964922,1.7005742612345256
session_20260812_100509_hold_breath_off_hold_breath_off_w00147,session_20260812_100509_hold_breath_off_hold_breath_off,/Users/jandonyggarofalo/Documents/Desa/UNI/Semestre7/embebidos/esp-csi/examples/get-started/csi_send/data/raw/session_20260812_100509_hold_breath_off_hold_breath_off.csv,304.0,312.0,hold_breath,accepted,,high_confidence_hold,hold_breath,769,37.955,0.00460216,33.36887993160292,0.7056744478145431,47.28650730503032,13.072171764312747,7,1.2832858734277184,0.375,61.966240601553075,0.7451090812683105,1.523341629259298,1.7005742612345256
session_20260812_100509_hold_breath_off_hold_breath_off_w00148,session_20260812_100509_hold_breath_off_hold_breath_off,/Users/jandonyggarofalo/Documents/Desa/UNI/Semestre7/embebidos/esp-csi/examples/get-started/csi_send/data/raw/session_20260812_100509_hold_breath_off_hold_breath_off.csv,306.0,314.0,hold_breath,accepted,,high_confidence_hold,hold_breath,775,36.264,0.00163306,32.81637181272758,0.8087611293707735,40.576099197816994,39.289664893564016,6,1.6081239051708158,0.125,46.57173722870726,0.7521332502365112,1.5942783246759902,1.7005742612345256
session_20260812_100509_hold_breath_off_hold_breath_off_w00149,session_20260812_100509_hold_breath_off_hold_breath_off,/Users/jandonyggarofalo/Documents/Desa/UNI/Semestre7/embebidos/esp-csi/examples/get-started/csi_send/data/raw/session_20260812_100509_hold_breath_off_hold_breath_off.csv,308.0,316.0,hold_breath,accepted,,ambiguous_breathing_evidence,,784,41.834,0.002272,130.77300648110233,3.627265518865782,36.05278020065043,187.5954037930774,3,1.2519491358002708,0.125,376.0614858971155,0.7762795090675354,2.27322219368187,1.7005742612345256
session_20260812_100509_hold_breath_off_hold_breath_off_w00150,session_20260812_100509_hold_breath_off_hold_breath_off,/Users/jandonyggarofalo/Documents/Desa/UNI/Semestre7/embebidos/esp-csi/examples/get-started/csi_send/data/raw/session_20260812_100509_hold_breath_off_hold_breath_off.csv,310.0,318.0,hold_breath,accepted,,ambiguous_breathing_evidence,,798,74.726,0.00374961,60.229726719120364,1.7333734289298117,34.7471154881332,94.1575556182735,4,1.1600751451410596,0.125,187.5008945286272,0.7823241353034973,1.9738551754590554,1.7005742612345256
session_20260812_100509_hold_breath_off_hold_breath_off_w00151,session_20260812_100509_hold_breath_off_hold_breath_off,/Users/jandonyggarofalo/Documents/Desa/UNI/Semestre7/embebidos/esp-csi/examples/get-started/csi_send/data/raw/session_20260812_100509_hold_breath_off_hold_breath_off.csv,312.0,320.0,hold_breath,accepted,,high_confidence_hold,hold_breath,804,74.726,0.0048488,19.694057707255,0.4894093600422529,40.240459858623225,23.774910441729126,6,1.6790996385936847,0.125,22.65923808776972,0.7523066997528076,1.3552453027100821,1.7005742612345256
session_20260812_100509_hold_breath_off_hold_breath_off_w00152,session_20260812_100509_hold_breath_off_hold_breath_off,/Users/jandonyggarofalo/Documents/Desa/UNI/Semestre7/embebidos/esp-csi/examples/get-started/csi_send/data/raw/session_20260812_100509_hold_breath_off_hold_breath_off.csv,314.0,322.0,hold_breath,accepted,,ambiguous_breathing_evidence,,808,74.726,0.00486347,69.88479054549218,1.6315690718623066,42.83287281590929,42.43977246930526,5,1.4854155826501982,0.125,118.70947097822445,0.7350438237190247,1.844382667864454,1.7005742612345256
session_20260812_100509_hold_breath_off_hold_breath_off_w00153,session_20260812_100509_hold_breath_off_hold_breath_off,/Users/jandonyggarofalo/Documents/Desa/UNI/Semestre7/embebidos/esp-csi/examples/get-started/csi_send/data/raw/session_20260812_100509_hold_breath_off_hold_breath_off.csv,316.0,324.0,hold_breath,accepted,,ambiguous_breathing_evidence,,809,34.37,0.00374691,52.76583055704226,1.0595404563126198,49.80067560669318,14.16524183470076,4,1.1618810866718055,0.25,94.4777255361179,0.6705929040908813,1.722352778512764,1.7005742612345256
session_20260812_100509_hold_breath_off_hold_breath_off_w00154,session_20260812_100509_hold_breath_off_hold_breath_off,/Users/jandonyggarofalo/Documents/Desa/UNI/Semestre7/embebidos/esp-csi/examples/get-started/csi_send/data/raw/session_20260812_100509_hold_breath_off_hold_breath_off.csv,318.0,326.0,hold_breath,accepted,,high_confidence_hold,hold_breath,808,37.633,0.00245591,26.689461225017702,0.569749377668998,46.84421303655444,23.65996799289928,6,1.2794777667204824,0.375,60.876847266919555,0.6683376431465149,1.4263398068574562,1.7005742612345256
session_20260812_100509_hold_breath_off_hold_breath_off_w00155,session_20260812_100509_hold_breath_off_hold_breath_off,/Users/jandonyggarofalo/Documents/Desa/UNI/Semestre7/embebidos/esp-csi/examples/get-started/csi_send/data/raw/session_20260812_100509_hold_breath_off_hold_breath_off.csv,320.0,328.0,hold_breath,accepted,,high_confidence_hold,hold_breath,813,37.633,0.00262339,15.080483015911977,0.3627007550981484,41.578306093654405,8.473073065055727,2,1.5771549406746457,0.125,27.86094133114591,0.6966624855995178,1.1784152518644078,1.7005742612345256
session_20260812_100509_hold_breath_off_hold_breath_off_w00156,session_20260812_100509_hold_breath_off_hold_breath_off,/Users/jandonyggarofalo/Documents/Desa/UNI/Semestre7/embebidos/esp-csi/examples/get-started/csi_send/data/raw/session_20260812_100509_hold_breath_off_hold_breath_off.csv,322.0,330.0,hold_breath,rejected,time_gap,not_evaluated,,817,110.28,,,,,,,,,,,,
session_20260812_100509_hold_breath_off_hold_breath_off_w00157,session_20260812_100509_hold_breath_off_hold_breath_off,/Users/jandonyggarofalo/Documents/Desa/UNI/Semestre7/embebidos/esp-csi/examples/get-started/csi_send/data/raw/session_20260812_100509_hold_breath_off_hold_breath_off.csv,324.0,332.0,hold_breath,rejected,time_gap,not_evaluated,,819,110.28,,,,,,,,,,,,
session_20260812_100509_hold_breath_off_hold_breath_off_w00158,session_20260812_100509_hold_breath_off_hold_breath_off,/Users/jandonyggarofalo/Documents/Desa/UNI/Semestre7/embebidos/esp-csi/examples/get-started/csi_send/data/raw/session_20260812_100509_hold_breath_off_hold_breath_off.csv,326.0,334.0,hold_breath,rejected,time_gap,not_evaluated,,819,110.28,,,,,,,,,,,,
session_20260812_100509_hold_breath_off_hold_breath_off_w00159,session_20260812_100509_hold_breath_off_hold_breath_off,/Users/jandonyggarofalo/Documents/Desa/UNI/Semestre7/embebidos/esp-csi/examples/get-started/csi_send/data/raw/session_20260812_100509_hold_breath_off_hold_breath_off.csv,328.0,336.0,hold_breath,rejected,time_gap,not_evaluated,,813,110.28,,,,,,,,,,,,
session_20260812_100509_hold_breath_off_hold_breath_off_w00160,session_20260812_100509_hold_breath_off_hold_breath_off,/Users/jandonyggarofalo/Documents/Desa/UNI/Semestre7/embebidos/esp-csi/examples/get-started/csi_send/data/raw/session_20260812_100509_hold_breath_off_hold_breath_off.csv,330.0,338.0,hold_breath,accepted,,high_confidence_hold,hold_breath,809,30.951,0.00550448,42.092524540008036,0.8862975906914371,47.49254085991866,23.70397866635983,5,1.481185319038183,0.375,69.54191686724099,0.7928189039230347,1.6242049737621818,1.7005742612345256
session_20260812_100509_hold_breath_off_hold_breath_off_w00161,session_20260812_100509_hold_breath_off_hold_breath_off,/Users/jandonyggarofalo/Documents/Desa/UNI/Semestre7/embebidos/esp-csi/examples/get-started/csi_send/data/raw/session_20260812_100509_hold_breath_off_hold_breath_off.csv,332.0,340.0,hold_breath,accepted,,high_confidence_hold,hold_breath,806,30.951,0.00526326,40.02578158872552,0.9567675117562804,41.83438619817972,32.88277287339493,5,1.572304888860122,0.125,55.9126862760437,0.8095862865447998,1.6023398211998792,1.7005742612345256
session_20260812_100509_hold_breath_off_hold_breath_off_w00162,session_20260812_100509_hold_breath_off_hold_breath_off,/Users/jandonyggarofalo/Documents/Desa/UNI/Semestre7/embebidos/esp-csi/examples/get-started/csi_send/data/raw/session_20260812_100509_hold_breath_off_hold_breath_off.csv,334.0,342.0,hold_breath,accepted,,high_confidence_hold,hold_breath,805,30.674,0.00344526,36.45907865027862,0.9693813818244191,37.610665248824354,38.31296366319598,2,1.1837112511251457,0.125,105.84068984094418,0.8073632717132568,1.5833457477228345,1.7005742612345256
session_20260812_100509_hold_breath_off_hold_breath_off_w00163,session_20260812_100509_hold_breath_off_hold_breath_off,/Users/jandonyggarofalo/Documents/Desa/UNI/Semestre7/embebidos/esp-csi/examples/get-started/csi_send/data/raw/session_20260812_100509_hold_breath_off_hold_breath_off.csv,336.0,344.0,hold_breath,accepted,,ambiguous_breathing_evidence,,806,87.423,0.00296604,649.8729668754452,18.539036783063825,35.054300527042265,907.8247235347018,2,1.0216039064802493,0.125,2213.6597625392596,0.7325131893157959,2.9580020060654384,1.7005742612345256
session_20260812_100509_hold_breath_off_hold_breath_off_w00164,session_20260812_100509_hold_breath_off_hold_breath_off,/Users/jandonyggarofalo/Documents/Desa/UNI/Semestre7/embebidos/esp-csi/examples/get-started/csi_send/data/raw/session_20260812_100509_hold_breath_off_hold_breath_off.csv,338.0,346.0,hold_breath,accepted,,ambiguous_breathing_evidence,,802,87.423,0.00244506,51.08839626546432,1.037728336152755,49.2309928191985,15.557351228588368,5,1.2662739140075376,0.25,86.82025024631724,0.7092303037643433,1.7083222697992988,1.7005742612345256
session_20260812_100509_hold_breath_off_hold_breath_off_w00165,session_20260812_100509_hold_breath_off_hold_breath_off,/Users/jandonyggarofalo/Documents/Desa/UNI/Semestre7/embebidos/esp-csi/examples/get-started/csi_send/data/raw/session_20260812_100509_hold_breath_off_hold_breath_off.csv,340.0,348.0,hold_breath,accepted,,ambiguous_breathing_evidence,,807,87.423,0.00260417,87.52104393284804,1.7608654918493298,49.70342387758438,22.478495023098557,5,1.2177195918761938,0.375,145.3216279865196,0.679546594619751,1.9421124891947021,1.7005742612345256
session_20260812_100509_hold_breath_off_hold_breath_off_w00166,session_20260812_100509_hold_breath_off_hold_breath_off,/Users/jandonyggarofalo/Documents/Desa/UNI/Semestre7/embebidos/esp-csi/examples/get-started/csi_send/data/raw/session_20260812_100509_hold_breath_off_hold_breath_off.csv,342.0,350.0,hold_breath,accepted,,ambiguous_breathing_evidence,,808,87.423,0.00414797,46.21376183603994,1.3729431120342892,33.66036176657849,118.14880659175736,5,1.5059535795235723,0.125,78.72215044401784,0.6693254113197327,1.896096949158231,1.7005742612345256
session_20260812_100509_hold_breath_off_hold_breath_off_w00167,session_20260812_100509_hold_breath_off_hold_breath_off,/Users/jandonyggarofalo/Documents/Desa/UNI/Semestre7/embebidos/esp-csi/examples/get-started/csi_send/data/raw/session_20260812_100509_hold_breath_off_hold_breath_off.csv,344.0,352.0,hold_breath,accepted,,ambiguous_breathing_evidence,,812,36.217,0.0064559,186.6655056959922,4.865535724888231,38.36484125296231,168.32729530501786,2,1.041708549255072,0.125,559.4898415169524,0.6855063438415527,2.2710640711897963,1.7005742612345256
session_20260812_100509_hold_breath_off_hold_breath_off_w00168,session_20260812_100509_hold_breath_off_hold_breath_off,/Users/jandonyggarofalo/Documents/Desa/UNI/Semestre7/embebidos/esp-csi/examples/get-started/csi_send/data/raw/session_20260812_100509_hold_breath_off_hold_breath_off.csv,346.0,354.0,hold_breath,accepted,,ambiguous_breathing_evidence,,814,36.217,0.00604653,132.51666115697614,3.0625387482912005,43.270199023889234,72.6849845002235,3,1.2939324902447356,0.125,239.39893474964376,0.6947579383850098,2.1222704850172875,1.7005742612345256
session_20260812_100509_hold_breath_off_hold_breath_off_w00169,session_20260812_100509_hold_breath_off_hold_breath_off,/Users/jandonyggarofalo/Documents/Desa/UNI/Semestre7/embebidos/esp-csi/examples/get-started/csi_send/data/raw/session_20260812_100509_hold_breath_off_hold_breath_off.csv,348.0,356.0,hold_breath,accepted,,high_confidence_hold,hold_breath,813,84.472,0.00684194,44.62047446023683,0.8996695968401193,49.59651256072929,12.11086502450302,6,1.2146823550133792,0.375,85.8269311788435,0.719750165939331,1.6495341839300612,1.7005742612345256
session_20260812_100509_hold_breath_off_hold_breath_off_w00170,session_20260812_100509_hold_breath_off_hold_breath_off,/Users/jandonyggarofalo/Documents/Desa/UNI/Semestre7/embebidos/esp-csi/examples/get-started/csi_send/data/raw/session_20260812_100509_hold_breath_off_hold_breath_off.csv,350.0,358.0,hold_breath,rejected,time_gap,not_evaluated,,817,109.364,,,,,,,,,,,,
session_20260812_101142_hold_breath_off_hold_breath_off_w00000,session_20260812_101142_hold_breath_off_hold_breath_off,/Users/jandonyggarofalo/Documents/Desa/UNI/Semestre7/embebidos/esp-csi/examples/get-started/csi_send/data/raw/session_20260812_101142_hold_breath_off_hold_breath_off.csv,10.0,18.0,breathing,rejected,time_gap,not_evaluated,,790,123.323,,,,,,,,,,,,
session_20260812_101142_hold_breath_off_hold_breath_off_w00001,session_20260812_101142_hold_breath_off_hold_breath_off,/Users/jandonyggarofalo/Documents/Desa/UNI/Semestre7/embebidos/esp-csi/examples/get-started/csi_send/data/raw/session_20260812_101142_hold_breath_off_hold_breath_off.csv,12.0,20.0,breathing,rejected,time_gap,not_evaluated,,790,123.323,,,,,,,,,,,,
session_20260812_101142_hold_breath_off_hold_breath_off_w00002,session_20260812_101142_hold_breath_off_hold_breath_off,/Users/jandonyggarofalo/Documents/Desa/UNI/Semestre7/embebidos/esp-csi/examples/get-started/csi_send/data/raw/session_20260812_101142_hold_breath_off_hold_breath_off.csv,14.0,22.0,breathing,rejected,time_gap,not_evaluated,,789,123.323,,,,,,,,,,,,
session_20260812_101142_hold_breath_off_hold_breath_off_w00003,session_20260812_101142_hold_breath_off_hold_breath_off,/Users/jandonyggarofalo/Documents/Desa/UNI/Semestre7/embebidos/esp-csi/examples/get-started/csi_send/data/raw/session_20260812_101142_hold_breath_off_hold_breath_off.csv,16.0,24.0,breathing,rejected,time_gap,not_evaluated,,789,123.323,,,,,,,,,,,,
session_20260812_101142_hold_breath_off_hold_breath_off_w00004,session_20260812_101142_hold_breath_off_hold_breath_off,/Users/jandonyggarofalo/Documents/Desa/UNI/Semestre7/embebidos/esp-csi/examples/get-started/csi_send/data/raw/session_20260812_101142_hold_breath_off_hold_breath_off.csv,18.0,26.0,breathing,accepted,,trusted_breathing,breathing,793,60.799,0.00848242,43.098084693508426,1.1193863810693605,38.501526749233726,45.61231882030405,4,1.3239496262128463,0.125,112.76038000842397,0.7540940046310425,1.659082151286423,1.7092871956664266
session_20260812_101142_hold_breath_off_hold_breath_off_w00005,session_20260812_101142_hold_breath_off_hold_breath_off,/Users/jandonyggarofalo/Documents/Desa/UNI/Semestre7/embebidos/esp-csi/examples/get-started/csi_send/data/raw/session_20260812_101142_hold_breath_off_hold_breath_off.csv,20.0,28.0,breathing,accepted,,trusted_breathing,breathing,800,48.309,0.00657227,23.69964334727767,0.5790459271180536,40.92877997638511,18.760360384155355,2,1.3134274122805603,0.125,53.33646636296358,0.7360956072807312,1.374741810420471,1.7092871956664266
session_20260812_101142_hold_breath_off_hold_breath_off_w00006,session_20260812_101142_hold_breath_off_hold_breath_off,/Users/jandonyggarofalo/Documents/Desa/UNI/Semestre7/embebidos/esp-csi/examples/get-started/csi_send/data/raw/session_20260812_101142_hold_breath_off_hold_breath_off.csv,22.0,30.0,breathing,accepted,,trusted_breathing,breathing,806,48.309,0.00706614,10.543620617607113,0.27533199803379865,38.29420733101471,13.634796847207511,3,1.3072911655097346,0.125,25.809233154716832,0.7435662746429443,1.1346486715190418,1.7092871956664266
session_20260812_101142_hold_breath_off_hold_breath_off_w00007,session_20260812_101142_hold_breath_off_hold_breath_off,/Users/jandonyggarofalo/Documents/Desa/UNI/Semestre7/embebidos/esp-csi/examples/get-started/csi_send/data/raw/session_20260812_101142_hold_breath_off_hold_breath_off.csv,24.0,32.0,breathing,accepted,,trusted_breathing,breathing,805,70.68,0.00939441,21.701126009407236,0.5492112432442255,39.513258834938995,24.845970598497253,4,1.3818703846949556,0.125,48.47358241347716,0.757339596748352,1.3952559669635585,1.7092871956664266
session_20260812_101142_hold_breath_off_hold_breath_off_w00008,session_20260812_101142_hold_breath_off_hold_breath_off,/Users/jandonyggarofalo/Documents/Desa/UNI/Semestre7/embebidos/esp-csi/examples/get-started/csi_send/data/raw/session_20260812_101142_hold_breath_off_hold_breath_off.csv,26.0,34.0,breathing,accepted,,trusted_breathing,breathing,805,70.68,0.00884123,19.00223882400208,0.43764758165410916,43.41904221688791,14.06372160502811,5,1.5993421807152526,0.375,29.865509254071135,0.7505753040313721,1.2788047720912514,1.7092871956664266
session_20260812_101142_hold_breath_off_hold_breath_off_w00009,session_20260812_101142_hold_breath_off_hold_breath_off,/Users/jandonyggarofalo/Documents/Desa/UNI/Semestre7/embebidos/esp-csi/examples/get-started/csi_send/data/raw/session_20260812_101142_hold_breath_off_hold_breath_off.csv,28.0,36.0,breathing,accepted,,trusted_breathing,breathing,807,70.68,0.01083295,63.114990437017944,1.5515833760429731,40.677794961905555,50.77957385977962,6,1.5670234733486912,0.125,112.6598738000078,0.7610833644866943,1.8001325207479575,1.7092871956664266
session_20260812_101142_hold_breath_off_hold_breath_off_w00010,session_20260812_101142_hold_breath_off_hold_breath_off,/Users/jandonyggarofalo/Documents/Desa/UNI/Semestre7/embebidos/esp-csi/examples/get-started/csi_send/data/raw/session_20260812_101142_hold_breath_off_hold_breath_off.csv,30.0,38.0,breathing,accepted,,trusted_breathing,breathing,801,70.68,0.01185042,16.851942346547062,0.35115444761638187,47.99011506443726,6.318294003722326,4,1.2309877090222867,0.25,33.86357812131461,0.7750610113143921,1.2266499646597193,1.7092871956664266
session_20260812_101142_hold_breath_off_hold_breath_off_w00011,session_20260812_101142_hold_breath_off_hold_breath_off,/Users/jandonyggarofalo/Documents/Desa/UNI/Semestre7/embebidos/esp-csi/examples/get-started/csi_send/data/raw/session_20260812_101142_hold_breath_off_hold_breath_off.csv,32.0,40.0,breathing,accepted,,trusted_breathing,breathing,797,65.357,0.01160602,49.78810343932366,1.494048246187448,33.32429428992065,84.30635639166123,4,1.2095236381903325,0.125,149.3086116367646,0.7492640614509583,1.9258603200785211,1.7092871956664266
session_20260812_101142_hold_breath_off_hold_breath_off_w00012,session_20260812_101142_hold_breath_off_hold_breath_off,/Users/jandonyggarofalo/Documents/Desa/UNI/Semestre7/embebidos/esp-csi/examples/get-started/csi_send/data/raw/session_20260812_101142_hold_breath_off_hold_breath_off.csv,34.0,42.0,breathing,accepted,,trusted_breathing,breathing,801,71.485,0.01188944,45.398046162339526,1.1457824089475193,39.62187393328997,51.20203187860801,5,1.3436830341122636,0.125,91.31156486654201,0.7666717767715454,1.7092871956664266,1.7092871956664266
session_20260812_101142_hold_breath_off_hold_breath_off_w00013,session_20260812_101142_hold_breath_off_hold_breath_off,/Users/jandonyggarofalo/Documents/Desa/UNI/Semestre7/embebidos/esp-csi/examples/get-started/csi_send/data/raw/session_20260812_101142_hold_breath_off_hold_breath_off.csv,36.0,44.0,breathing,accepted,,trusted_breathing,breathing,801,71.485,0.01042642,45.991105342332055,1.1094107684951848,41.45543440566506,42.9192206405875,6,1.5416202791546518,0.125,65.6814841328045,0.7377364039421082,1.662673847458516,1.7092871956664266
session_20260812_101142_hold_breath_off_hold_breath_off_w00014,session_20260812_101142_hold_breath_off_hold_breath_off,/Users/jandonyggarofalo/Documents/Desa/UNI/Semestre7/embebidos/esp-csi/examples/get-started/csi_send/data/raw/session_20260812_101142_hold_breath_off_hold_breath_off.csv,38.0,46.0,breathing,rejected,time_gap,not_evaluated,,798,155.553,,,,,,,,,,,,
session_20260812_101142_hold_breath_off_hold_breath_off_w00015,session_20260812_101142_hold_breath_off_hold_breath_off,/Users/jandonyggarofalo/Documents/Desa/UNI/Semestre7/embebidos/esp-csi/examples/get-started/csi_send/data/raw/session_20260812_101142_hold_breath_off_hold_breath_off.csv,40.0,48.0,breathing,rejected,time_gap,not_evaluated,,801,155.553,,,,,,,,,,,,
session_20260812_101142_hold_breath_off_hold_breath_off_w00016,session_20260812_101142_hold_breath_off_hold_breath_off,/Users/jandonyggarofalo/Documents/Desa/UNI/Semestre7/embebidos/esp-csi/examples/get-started/csi_send/data/raw/session_20260812_101142_hold_breath_off_hold_breath_off.csv,42.0,50.0,breathing,rejected,time_gap,not_evaluated,,798,155.553,,,,,,,,,,,,
session_20260812_101142_hold_breath_off_hold_breath_off_w00017,session_20260812_101142_hold_breath_off_hold_breath_off,/Users/jandonyggarofalo/Documents/Desa/UNI/Semestre7/embebidos/esp-csi/examples/get-started/csi_send/data/raw/session_20260812_101142_hold_breath_off_hold_breath_off.csv,44.0,52.0,breathing,rejected,time_gap,not_evaluated,,794,155.553,,,,,,,,,,,,
session_20260812_101142_hold_breath_off_hold_breath_off_w00018,session_20260812_101142_hold_breath_off_hold_breath_off,/Users/jandonyggarofalo/Documents/Desa/UNI/Semestre7/embebidos/esp-csi/examples/get-started/csi_send/data/raw/session_20260812_101142_hold_breath_off_hold_breath_off.csv,46.0,54.0,breathing,accepted,,trusted_breathing,breathing,797,40.904,0.01436049,68.23918945572879,1.4287543818614306,47.76131595605443,29.311640432982202,4,1.2234358573235302,0.375,135.36014394727843,0.7260028123855591,1.8340338596454793,1.7092871956664266
session_20260812_101142_hold_breath_off_hold_breath_off_w00019,session_20260812_101142_hold_breath_off_hold_breath_off,/Users/jandonyggarofalo/Documents/Desa/UNI/Semestre7/embebidos/esp-csi/examples/get-started/csi_send/data/raw/session_20260812_101142_hold_breath_off_hold_breath_off.csv,48.0,56.0,breathing,rejected,too_many_amplitude_outliers,not_evaluated,,795,59.373,0.02080385,,,,,,,,,,,
session_20260812_101142_hold_breath_off_hold_breath_off_w00020,session_20260812_101142_hold_breath_off_hold_breath_off,/Users/jandonyggarofalo/Documents/Desa/UNI/Semestre7/embebidos/esp-csi/examples/get-started/csi_send/data/raw/session_20260812_101142_hold_breath_off_hold_breath_off.csv,50.0,58.0,breathing,rejected,too_many_amplitude_outliers,not_evaluated,,792,59.373,0.02083333,,,,,,,,,,,
session_20260812_101142_hold_breath_off_hold_breath_off_w00021,session_20260812_101142_hold_breath_off_hold_breath_off,/Users/jandonyggarofalo/Documents/Desa/UNI/Semestre7/embebidos/esp-csi/examples/get-started/csi_send/data/raw/session_20260812_101142_hold_breath_off_hold_breath_off.csv,52.0,60.0,breathing,rejected,transition_guard,not_evaluated,,788,,,,,,,,,,,,,
session_20260812_101142_hold_breath_off_hold_breath_off_w00022,session_20260812_101142_hold_breath_off_hold_breath_off,/Users/jandonyggarofalo/Documents/Desa/UNI/Semestre7/embebidos/esp-csi/examples/get-started/csi_send/data/raw/session_20260812_101142_hold_breath_off_hold_breath_off.csv,54.0,62.0,breathing,rejected,mixed_or_unknown_label,not_evaluated,,792,,,,,,,,,,,,,
session_20260812_101142_hold_breath_off_hold_breath_off_w00023,session_20260812_101142_hold_breath_off_hold_breath_off,/Users/jandonyggarofalo/Documents/Desa/UNI/Semestre7/embebidos/esp-csi/examples/get-started/csi_send/data/raw/session_20260812_101142_hold_breath_off_hold_breath_off.csv,56.0,64.0,hold_breath,rejected,mixed_or_unknown_label,not_evaluated,,793,,,,,,,,,,,,,
session_20260812_101142_hold_breath_off_hold_breath_off_w00024,session_20260812_101142_hold_breath_off_hold_breath_off,/Users/jandonyggarofalo/Documents/Desa/UNI/Semestre7/embebidos/esp-csi/examples/get-started/csi_send/data/raw/session_20260812_101142_hold_breath_off_hold_breath_off.csv,58.0,66.0,hold_breath,rejected,mixed_or_unknown_label,not_evaluated,,793,,,,,,,,,,,,,
session_20260812_101142_hold_breath_off_hold_breath_off_w00025,session_20260812_101142_hold_breath_off_hold_breath_off,/Users/jandonyggarofalo/Documents/Desa/UNI/Semestre7/embebidos/esp-csi/examples/get-started/csi_send/data/raw/session_20260812_101142_hold_breath_off_hold_breath_off.csv,60.0,68.0,hold_breath,rejected,transition_guard,not_evaluated,,801,,,,,,,,,,,,,
session_20260812_101142_hold_breath_off_hold_breath_off_w00026,session_20260812_101142_hold_breath_off_hold_breath_off,/Users/jandonyggarofalo/Documents/Desa/UNI/Semestre7/embebidos/esp-csi/examples/get-started/csi_send/data/raw/session_20260812_101142_hold_breath_off_hold_breath_off.csv,62.0,70.0,hold_breath,accepted,,ambiguous_breathing_evidence,,799,66.444,0.01259387,612.800850940992,16.34039934206425,37.502195516327,714.0623805317289,2,1.223870042716525,0.125,1719.3177337879565,0.7528011202812195,2.853736153425076,1.7092871956664266
session_20260812_101142_hold_breath_off_hold_breath_off_w00027,session_20260812_101142_hold_breath_off_hold_breath_off,/Users/jandonyggarofalo/Documents/Desa/UNI/Semestre7/embebidos/esp-csi/examples/get-started/csi_send/data/raw/session_20260812_101142_hold_breath_off_hold_breath_off.csv,64.0,72.0,hold_breath,accepted,,ambiguous_breathing_evidence,,799,90.358,0.0135521,66.23455393264516,1.6965537726824216,39.04064521803081,74.17065811893426,4,1.5620997278075528,0.125,107.71117039915087,0.7152923345565796,1.8702321325395548,1.7092871956664266
session_20260812_101142_hold_breath_off_hold_breath_off_w00028,session_20260812_101142_hold_breath_off_hold_breath_off,/Users/jandonyggarofalo/Documents/Desa/UNI/Semestre7/embebidos/esp-csi/examples/get-started/csi_send/data/raw/session_20260812_101142_hold_breath_off_hold_breath_off.csv,66.0,74.0,hold_breath,accepted,,high_confidence_hold,hold_breath,797,90.358,0.01359591,6.411251953332451,0.16601515315384005,38.61847446752505,10.562788001046831,5,1.5612959316036816,0.375,10.143438986544668,0.714275598526001,1.0061852212370732,1.7092871956664266
session_20260812_101142_hold_breath_off_hold_breath_off_w00029,session_20260812_101142_hold_breath_off_hold_breath_off,/Users/jandonyggarofalo/Documents/Desa/UNI/Semestre7/embebidos/esp-csi/examples/get-started/csi_send/data/raw/session_20260812_101142_hold_breath_off_hold_breath_off.csv,68.0,76.0,hold_breath,accepted,,ambiguous_breathing_evidence,,793,90.358,0.01110301,27.705982583904465,0.8760962001858548,31.624361089564484,64.14436668595913,5,1.0928198076401998,0.125,97.01968413484894,0.652618408203125,1.8071585215896886,1.7092871956664266
session_20260812_101142_hold_breath_off_hold_breath_off_w00030,session_20260812_101142_hold_breath_off_hold_breath_off,/Users/jandonyggarofalo/Documents/Desa/UNI/Semestre7/embebidos/esp-csi/examples/get-started/csi_send/data/raw/session_20260812_101142_hold_breath_off_hold_breath_off.csv,70.0,78.0,hold_breath,accepted,,high_confidence_hold,hold_breath,792,90.358,0.01090002,7.198210521129454,0.2004748030290253,35.9058116647775,19.38881851465854,6,1.622098125858832,0.25,10.045730800452212,0.6547192931175232,1.0019815360130433,1.7092871956664266
session_20260812_101142_hold_breath_off_hold_breath_off_w00031,session_20260812_101142_hold_breath_off_hold_breath_off,/Users/jandonyggarofalo/Documents/Desa/UNI/Semestre7/embebidos/esp-csi/examples/get-started/csi_send/data/raw/session_20260812_101142_hold_breath_off_hold_breath_off.csv,72.0,80.0,hold_breath,accepted,,high_confidence_hold,hold_breath,790,46.113,0.00926622,40.07934478711479,0.9117446415220489,43.958958420817424,29.025717287212547,4,1.5564538492562003,0.375,70.62731135775246,0.5930874943733215,1.6029206131170233,1.7092871956664266
session_20260812_101142_hold_breath_off_hold_breath_off_w00032,session_20260812_101142_hold_breath_off_hold_breath_off,/Users/jandonyggarofalo/Documents/Desa/UNI/Semestre7/embebidos/esp-csi/examples/get-started/csi_send/data/raw/session_20260812_101142_hold_breath_off_hold_breath_off.csv,74.0,82.0,hold_breath,accepted,,ambiguous_breathing_evidence,,780,88.469,0.00561899,122.27981121333374,2.942103702564588,41.56203301287534,116.05428009017888,5,1.5022056445402054,0.375,198.16190250072836,0.5289283990859985,2.08735475955135,1.7092871956664266
session_20260812_101142_hold_breath_off_hold_breath_off_w00033,session_20260812_101142_hold_breath_off_hold_breath_off,/Users/jandonyggarofalo/Documents/Desa/UNI/Semestre7/embebidos/esp-csi/examples/get-started/csi_send/data/raw/session_20260812_101142_hold_breath_off_hold_breath_off.csv,76.0,84.0,hold_breath,accepted,,ambiguous_breathing_evidence,,766,88.469,0.00505875,847.870437919049,17.047494091356306,49.735781304590695,415.98948028305745,5,1.3483218943385358,0.375,1488.8789933228586,0.5811004638671875,2.9283294932994823,1.7092871956664266
session_20260812_101142_hold_breath_off_hold_breath_off_w00034,session_20260812_101142_hold_breath_off_hold_breath_off,/Users/jandonyggarofalo/Documents/Desa/UNI/Semestre7/embebidos/esp-csi/examples/get-started/csi_send/data/raw/session_20260812_101142_hold_breath_off_hold_breath_off.csv,78.0,86.0,hold_breath,accepted,,ambiguous_breathing_evidence,,757,88.469,0.00391141,2037.0011591273308,42.22044024661204,48.246800536163065,659.8717609215257,5,1.4181217107445785,0.375,3678.207246501087,0.6029910445213318,3.3089912761295017,1.7092871956664266
session_20260812_101142_hold_breath_off_hold_breath_off_w00035,session_20260812_101142_hold_breath_off_hold_breath_off,/Users/jandonyggarofalo/Documents/Desa/UNI/Semestre7/embebidos/esp-csi/examples/get-started/csi_send/data/raw/session_20260812_101142_hold_breath_off_hold_breath_off.csv,80.0,88.0,hold_breath,accepted,,ambiguous_breathing_evidence,,761,88.469,0.00350074,1083.6244648021388,21.770986316757842,49.773788336267884,353.81961304697046,5,1.1897239992388187,0.375,2023.9836755857675,0.5068448185920715,3.034878801463226,1.7092871956664266
session_20260812_101142_hold_breath_off_hold_breath_off_w00036,session_20260812_101142_hold_breath_off_hold_breath_off,/Users/jandonyggarofalo/Documents/Desa/UNI/Semestre7/embebidos/esp-csi/examples/get-started/csi_send/data/raw/session_20260812_101142_hold_breath_off_hold_breath_off.csv,82.0,90.0,hold_breath,accepted,,ambiguous_breathing_evidence,,760,82.831,0.0047903,54.72721103493927,1.2404360823340463,44.119331753006236,45.7318924430944,5,1.4655088882293092,0.375,102.64328504022036,0.5552844405174255,1.73820331653282,1.7092871956664266
session_20260812_101142_hold_breath_off_hold_breath_off_w00037,session_20260812_101142_hold_breath_off_hold_breath_off,/Users/jandonyggarofalo/Documents/Desa/UNI/Semestre7/embebidos/esp-csi/examples/get-started/csi_send/data/raw/session_20260812_101142_hold_breath_off_hold_breath_off.csv,84.0,92.0,hold_breath,accepted,,ambiguous_breathing_evidence,,764,82.831,0.0065036,131.34742973156048,3.0380527807372886,43.234084201671195,90.15045082255838,3,1.4882110242601225,0.125,237.84248047160662,0.717211902141571,2.1184215787260365,1.7092871956664266
session_20260812_101142_hold_breath_off_hold_breath_off_w00038,session_20260812_101142_hold_breath_off_hold_breath_off,/Users/jandonyggarofalo/Documents/Desa/UNI/Semestre7/embebidos/esp-csi/examples/get-started/csi_send/data/raw/session_20260812_101142_hold_breath_off_hold_breath_off.csv,86.0,94.0,hold_breath,accepted,,ambiguous_breathing_evidence,,766,74.915,0.00632343,679.0799663729797,20.30631820830061,33.44180660457487,1089.0102151781016,2,0.9939738959291796,0.125,2361.1924139570633,0.7049460411071777,3.03703195356172,1.7092871956664266
session_20260812_101142_hold_breath_off_hold_breath_off_w00039,session_20260812_101142_hold_breath_off_hold_breath_off,/Users/jandonyggarofalo/Documents/Desa/UNI/Semestre7/embebidos/esp-csi/examples/get-started/csi_send/data/raw/session_20260812_101142_hold_breath_off_hold_breath_off.csv,88.0,96.0,hold_breath,accepted,,ambiguous_breathing_evidence,,752,74.915,0.0044257,1169.7123740827224,34.006912589141365,34.39631195618108,1570.0000459030423,2,1.0527964409295072,0.125,3807.4120712721847,0.6707000732421875,3.195899665106965,1.7092871956664266
session_20260812_101142_hold_breath_off_hold_breath_off_w00040,session_20260812_101142_hold_breath_off_hold_breath_off,/Users/jandonyggarofalo/Documents/Desa/UNI/Semestre7/embebidos/esp-csi/examples/get-started/csi_send/data/raw/session_20260812_101142_hold_breath_off_hold_breath_off.csv,90.0,98.0,hold_breath,rejected,time_gap,not_evaluated,,754,110.44,,,,,,,,,,,,
session_20260812_101142_hold_breath_off_hold_breath_off_w00041,session_20260812_101142_hold_breath_off_hold_breath_off,/Users/jandonyggarofalo/Documents/Desa/UNI/Semestre7/embebidos/esp-csi/examples/get-started/csi_send/data/raw/session_20260812_101142_hold_breath_off_hold_breath_off.csv,92.0,100.0,hold_breath,rejected,time_gap,not_evaluated,,766,110.44,,,,,,,,,,,,
session_20260812_101142_hold_breath_off_hold_breath_off_w00042,session_20260812_101142_hold_breath_off_hold_breath_off,/Users/jandonyggarofalo/Documents/Desa/UNI/Semestre7/embebidos/esp-csi/examples/get-started/csi_send/data/raw/session_20260812_101142_hold_breath_off_hold_breath_off.csv,94.0,102.0,hold_breath,rejected,time_gap,not_evaluated,,778,110.44,,,,,,,,,,,,
session_20260812_101142_hold_breath_off_hold_breath_off_w00043,session_20260812_101142_hold_breath_off_hold_breath_off,/Users/jandonyggarofalo/Documents/Desa/UNI/Semestre7/embebidos/esp-csi/examples/get-started/csi_send/data/raw/session_20260812_101142_hold_breath_off_hold_breath_off.csv,96.0,104.0,hold_breath,rejected,time_gap,not_evaluated,,792,110.44,,,,,,,,,,,,
session_20260812_101142_hold_breath_off_hold_breath_off_w00044,session_20260812_101142_hold_breath_off_hold_breath_off,/Users/jandonyggarofalo/Documents/Desa/UNI/Semestre7/embebidos/esp-csi/examples/get-started/csi_send/data/raw/session_20260812_101142_hold_breath_off_hold_breath_off.csv,98.0,106.0,hold_breath,rejected,time_gap,not_evaluated,,803,123.724,,,,,,,,,,,,
session_20260812_101142_hold_breath_off_hold_breath_off_w00045,session_20260812_101142_hold_breath_off_hold_breath_off,/Users/jandonyggarofalo/Documents/Desa/UNI/Semestre7/embebidos/esp-csi/examples/get-started/csi_send/data/raw/session_20260812_101142_hold_breath_off_hold_breath_off.csv,100.0,108.0,hold_breath,rejected,time_gap,not_evaluated,,801,123.724,,,,,,,,,,,,
session_20260812_101142_hold_breath_off_hold_breath_off_w00046,session_20260812_101142_hold_breath_off_hold_breath_off,/Users/jandonyggarofalo/Documents/Desa/UNI/Semestre7/embebidos/esp-csi/examples/get-started/csi_send/data/raw/session_20260812_101142_hold_breath_off_hold_breath_off.csv,102.0,110.0,hold_breath,rejected,time_gap,not_evaluated,,795,123.724,,,,,,,,,,,,
session_20260812_101142_hold_breath_off_hold_breath_off_w00047,session_20260812_101142_hold_breath_off_hold_breath_off,/Users/jandonyggarofalo/Documents/Desa/UNI/Semestre7/embebidos/esp-csi/examples/get-started/csi_send/data/raw/session_20260812_101142_hold_breath_off_hold_breath_off.csv,104.0,112.0,hold_breath,rejected,time_gap,not_evaluated,,795,123.724,,,,,,,,,,,,
session_20260812_101142_hold_breath_off_hold_breath_off_w00048,session_20260812_101142_hold_breath_off_hold_breath_off,/Users/jandonyggarofalo/Documents/Desa/UNI/Semestre7/embebidos/esp-csi/examples/get-started/csi_send/data/raw/session_20260812_101142_hold_breath_off_hold_breath_off.csv,106.0,114.0,hold_breath,rejected,time_gap,not_evaluated,,794,115.686,,,,,,,,,,,,
session_20260812_101142_hold_breath_off_hold_breath_off_w00049,session_20260812_101142_hold_breath_off_hold_breath_off,/Users/jandonyggarofalo/Documents/Desa/UNI/Semestre7/embebidos/esp-csi/examples/get-started/csi_send/data/raw/session_20260812_101142_hold_breath_off_hold_breath_off.csv,108.0,116.0,hold_breath,rejected,time_gap,not_evaluated,,796,115.686,,,,,,,,,,,,
session_20260812_101142_hold_breath_off_hold_breath_off_w00050,session_20260812_101142_hold_breath_off_hold_breath_off,/Users/jandonyggarofalo/Documents/Desa/UNI/Semestre7/embebidos/esp-csi/examples/get-started/csi_send/data/raw/session_20260812_101142_hold_breath_off_hold_breath_off.csv,110.0,118.0,hold_breath,rejected,time_gap,not_evaluated,,794,121.432,,,,,,,,,,,,
session_20260812_101142_hold_breath_off_hold_breath_off_w00051,session_20260812_101142_hold_breath_off_hold_breath_off,/Users/jandonyggarofalo/Documents/Desa/UNI/Semestre7/embebidos/esp-csi/examples/get-started/csi_send/data/raw/session_20260812_101142_hold_breath_off_hold_breath_off.csv,112.0,120.0,hold_breath,rejected,transition_guard,not_evaluated,,789,,,,,,,,,,,,,
session_20260812_101142_hold_breath_off_hold_breath_off_w00052,session_20260812_101142_hold_breath_off_hold_breath_off,/Users/jandonyggarofalo/Documents/Desa/UNI/Semestre7/embebidos/esp-csi/examples/get-started/csi_send/data/raw/session_20260812_101142_hold_breath_off_hold_breath_off.csv,114.0,122.0,hold_breath,rejected,mixed_or_unknown_label,not_evaluated,,787,,,,,,,,,,,,,
session_20260812_101142_hold_breath_off_hold_breath_off_w00053,session_20260812_101142_hold_breath_off_hold_breath_off,/Users/jandonyggarofalo/Documents/Desa/UNI/Semestre7/embebidos/esp-csi/examples/get-started/csi_send/data/raw/session_20260812_101142_hold_breath_off_hold_breath_off.csv,116.0,124.0,hold_breath,rejected,mixed_or_unknown_label,not_evaluated,,772,,,,,,,,,,,,,
session_20260812_101142_hold_breath_off_hold_breath_off_w00054,session_20260812_101142_hold_breath_off_hold_breath_off,/Users/jandonyggarofalo/Documents/Desa/UNI/Semestre7/embebidos/esp-csi/examples/get-started/csi_send/data/raw/session_20260812_101142_hold_breath_off_hold_breath_off.csv,118.0,126.0,breathing,rejected,mixed_or_unknown_label,not_evaluated,,766,,,,,,,,,,,,,
session_20260812_101142_hold_breath_off_hold_breath_off_w00055,session_20260812_101142_hold_breath_off_hold_breath_off,/Users/jandonyggarofalo/Documents/Desa/UNI/Semestre7/embebidos/esp-csi/examples/get-started/csi_send/data/raw/session_20260812_101142_hold_breath_off_hold_breath_off.csv,120.0,128.0,breathing,rejected,transition_guard,not_evaluated,,779,,,,,,,,,,,,,
session_20260812_101142_hold_breath_off_hold_breath_off_w00056,session_20260812_101142_hold_breath_off_hold_breath_off,/Users/jandonyggarofalo/Documents/Desa/UNI/Semestre7/embebidos/esp-csi/examples/get-started/csi_send/data/raw/session_20260812_101142_hold_breath_off_hold_breath_off.csv,122.0,130.0,breathing,rejected,time_gap,not_evaluated,,783,105.868,,,,,,,,,,,,
session_20260812_101142_hold_breath_off_hold_breath_off_w00057,session_20260812_101142_hold_breath_off_hold_breath_off,/Users/jandonyggarofalo/Documents/Desa/UNI/Semestre7/embebidos/esp-csi/examples/get-started/csi_send/data/raw/session_20260812_101142_hold_breath_off_hold_breath_off.csv,124.0,132.0,breathing,accepted,,trusted_breathing,breathing,796,83.004,0.00973618,24.218282951986595,0.598021097578056,40.49737216634742,19.70086925504035,4,1.3071508053209502,0.125,57.571573521303094,0.7012706995010376,1.3841433489263102,1.7092871956664266
session_20260812_101142_hold_breath_off_hold_breath_off_w00058,session_20260812_101142_hold_breath_off_hold_breath_off,/Users/jandonyggarofalo/Documents/Desa/UNI/Semestre7/embebidos/esp-csi/examples/get-started/csi_send/data/raw/session_20260812_101142_hold_breath_off_hold_breath_off.csv,126.0,134.0,breathing,accepted,,trusted_breathing,breathing,806,41.28,0.01048775,98.33752069244947,2.4194719678809506,40.644207495628024,76.95559084494926,4,1.484960928799585,0.125,192.80054601038222,0.6988610625267029,1.9927192545626315,1.7092871956664266
session_20260812_101142_hold_breath_off_hold_breath_off_w00059,session_20260812_101142_hold_breath_off_hold_breath_off,/Users/jandonyggarofalo/Documents/Desa/UNI/Semestre7/embebidos/esp-csi/examples/get-started/csi_send/data/raw/session_20260812_101142_hold_breath_off_hold_breath_off.csv,128.0,136.0,breathing,accepted,,trusted_breathing,breathing,801,35.614,0.00838795,131.5439397688739,3.187239706969619,41.27205728555092,104.14055990581272,4,1.5792150059078027,0.375,204.79867929214768,0.7009860873222351,2.119070844929801,1.7092871956664266
session_20260812_101142_hold_breath_off_hold_breath_off_w00060,session_20260812_101142_hold_breath_off_hold_breath_off,/Users/jandonyggarofalo/Documents/Desa/UNI/Semestre7/embebidos/esp-csi/examples/get-started/csi_send/data/raw/session_20260812_101142_hold_breath_off_hold_breath_off.csv,130.0,138.0,breathing,accepted,,trusted_breathing,breathing,796,35.614,0.00741991,39.93719170653715,0.8348575548083442,47.83713278567333,14.25434953468734,6,1.4446723318013144,0.375,67.16390266991661,0.6643521785736084,1.6013775229975347,1.7092871956664266
session_20260812_101142_hold_breath_off_hold_breath_off_w00061,session_20260812_101142_hold_breath_off_hold_breath_off,/Users/jandonyggarofalo/Documents/Desa/UNI/Semestre7/embebidos/esp-csi/examples/get-started/csi_send/data/raw/session_20260812_101142_hold_breath_off_hold_breath_off.csv,132.0,140.0,breathing,rejected,time_gap,not_evaluated,,793,117.74,,,,,,,,,,,,
session_20260812_101142_hold_breath_off_hold_breath_off_w00062,session_20260812_101142_hold_breath_off_hold_breath_off,/Users/jandonyggarofalo/Documents/Desa/UNI/Semestre7/embebidos/esp-csi/examples/get-started/csi_send/data/raw/session_20260812_101142_hold_breath_off_hold_breath_off.csv,134.0,142.0,breathing,rejected,time_gap,not_evaluated,,783,117.74,,,,,,,,,,,,
session_20260812_101142_hold_breath_off_hold_breath_off_w00063,session_20260812_101142_hold_breath_off_hold_breath_off,/Users/jandonyggarofalo/Documents/Desa/UNI/Semestre7/embebidos/esp-csi/examples/get-started/csi_send/data/raw/session_20260812_101142_hold_breath_off_hold_breath_off.csv,136.0,144.0,breathing,rejected,time_gap,not_evaluated,,777,117.74,,,,,,,,,,,,
session_20260812_101142_hold_breath_off_hold_breath_off_w00064,session_20260812_101142_hold_breath_off_hold_breath_off,/Users/jandonyggarofalo/Documents/Desa/UNI/Semestre7/embebidos/esp-csi/examples/get-started/csi_send/data/raw/session_20260812_101142_hold_breath_off_hold_breath_off.csv,138.0,146.0,breathing,rejected,time_gap,not_evaluated,,776,117.74,,,,,,,,,,,,
session_20260812_101142_hold_breath_off_hold_breath_off_w00065,session_20260812_101142_hold_breath_off_hold_breath_off,/Users/jandonyggarofalo/Documents/Desa/UNI/Semestre7/embebidos/esp-csi/examples/get-started/csi_send/data/raw/session_20260812_101142_hold_breath_off_hold_breath_off.csv,140.0,148.0,breathing,accepted,,trusted_breathing,breathing,773,48.513,0.00892424,115.52596912937358,3.4137557196564576,33.84131104171849,153.78666297593466,3,1.0448155597435977,0.125,401.8101091443095,0.5291473865509033,2.1869186732605317,1.7092871956664266
session_20260812_101142_hold_breath_off_hold_breath_off_w00066,session_20260812_101142_hold_breath_off_hold_breath_off,/Users/jandonyggarofalo/Documents/Desa/UNI/Semestre7/embebidos/esp-csi/examples/get-started/csi_send/data/raw/session_20260812_101142_hold_breath_off_hold_breath_off.csv,142.0,150.0,breathing,accepted,,trusted_breathing,breathing,781,35.951,0.00757242,122.56097702281839,2.950927473373357,41.5330360128001,81.52489504065919,4,1.5568251981798045,0.125,245.77701253948948,0.5460622310638428,2.088352214379977,1.7092871956664266
session_20260812_101142_hold_breath_off_hold_breath_off_w00067,session_20260812_101142_hold_breath_off_hold_breath_off,/Users/jandonyggarofalo/Documents/Desa/UNI/Semestre7/embebidos/esp-csi/examples/get-started/csi_send/data/raw/session_20260812_101142_hold_breath_off_hold_breath_off.csv,144.0,152.0,breathing,accepted,,trusted_breathing,breathing,781,44.527,0.00731234,417.1139810852277,10.2647614228052,40.63552613687501,324.00375492602063,4,1.573269948265393,0.125,685.2772240325919,0.5699780583381653,2.6202547470417166,1.7092871956664266
session_20260812_101142_hold_breath_off_hold_breath_off_w00068,session_20260812_101142_hold_breath_off_hold_breath_off,/Users/jandonyggarofalo/Documents/Desa/UNI/Semestre7/embebidos/esp-csi/examples/get-started/csi_send/data/raw/session_20260812_101142_hold_breath_off_hold_breath_off.csv,146.0,154.0,breathing,accepted,,trusted_breathing,breathing,790,80.713,0.00704114,1025.9706016695623,20.743208031230587,49.46055596245434,295.2139050166412,5,1.327607094736945,0.375,1543.9931135194333,0.5937424898147583,3.0111349166085404,1.7092871956664266
session_20260812_101142_hold_breath_off_hold_breath_off_w00069,session_20260812_101142_hold_breath_off_hold_breath_off,/Users/jandonyggarofalo/Documents/Desa/UNI/Semestre7/embebidos/esp-csi/examples/get-started/csi_send/data/raw/session_20260812_101142_hold_breath_off_hold_breath_off.csv,148.0,156.0,breathing,accepted,,trusted_breathing,breathing,796,80.713,0.00623233,665.9324708422587,13.49326563757906,49.352950481280956,295.40106460047,5,1.119766611980633,0.375,1551.7481753883817,0.6292384266853333,2.823430191591458,1.7092871956664266
session_20260812_101142_hold_breath_off_hold_breath_off_w00070,session_20260812_101142_hold_breath_off_hold_breath_off,/Users/jandonyggarofalo/Documents/Desa/UNI/Semestre7/embebidos/esp-csi/examples/get-started/csi_send/data/raw/session_20260812_101142_hold_breath_off_hold_breath_off.csv,150.0,158.0,breathing,accepted,,trusted_breathing,breathing,784,80.713,0.00661671,270.3329195532955,5.612773686669627,48.16387309456102,89.81523477612305,7,1.092586420160429,0.375,580.5532345248255,0.6370442509651184,2.431898934747261,1.7092871956664266
session_20260812_101142_hold_breath_off_hold_breath_off_w00071,session_20260812_101142_hold_breath_off_hold_breath_off,/Users/jandonyggarofalo/Documents/Desa/UNI/Semestre7/embebidos/esp-csi/examples/get-started/csi_send/data/raw/session_20260812_101142_hold_breath_off_hold_breath_off.csv,152.0,160.0,breathing,accepted,,trusted_breathing,breathing,782,80.713,0.00448569,350.3310218912224,7.1639370042818085,48.90202435920143,167.45487698982143,7,1.1236800180460034,0.375,657.0349886369804,0.6512319445610046,2.544478595895073,1.7092871956664266
session_20260812_101142_hold_breath_off_hold_breath_off_w00072,session_20260812_101142_hold_breath_off_hold_breath_off,/Users/jandonyggarofalo/Documents/Desa/UNI/Semestre7/embebidos/esp-csi/examples/get-started/csi_send/data/raw/session_20260812_101142_hold_breath_off_hold_breath_off.csv,154.0,162.0,breathing,accepted,,trusted_breathing,breathing,774,35.541,0.00415859,307.9427715119704,6.521808732828396,47.21738771053681,129.85873529093087,7,1.120502340128357,0.5,616.6665984281186,0.6667317748069763,2.4884700141437337,1.7092871956664266
session_20260812_101142_hold_breath_off_hold_breath_off_w00073,session_20260812_101142_hold_breath_off_hold_breath_off,/Users/jandonyggarofalo/Documents/Desa/UNI/Semestre7/embebidos/esp-csi/examples/get-started/csi_send/data/raw/session_20260812_101142_hold_breath_off_hold_breath_off.csv,156.0,164.0,breathing,accepted,,trusted_breathing,breathing,778,35.541,0.00395646,233.18551389329642,4.991905961510844,46.71272169211177,104.81459761143351,6,1.1762332312541104,0.375,443.8705898577719,0.5721938014030457,2.367701567392228,1.7092871956664266
session_20260812_101142_hold_breath_off_hold_breath_off_w00074,session_20260812_101142_hold_breath_off_hold_breath_off,/Users/jandonyggarofalo/Documents/Desa/UNI/Semestre7/embebidos/esp-csi/examples/get-started/csi_send/data/raw/session_20260812_101142_hold_breath_off_hold_breath_off.csv,158.0,166.0,breathing,accepted,,trusted_breathing,breathing,794,52.417,0.00509682,191.8550915295981,4.079266845666045,47.031758104617396,143.26921301789142,6,1.2474667280362464,0.375,371.54109357452955,0.509082019329071,2.2829733291734695,1.7092871956664266
session_20260812_101142_hold_breath_off_hold_breath_off_w00075,session_20260812_101142_hold_breath_off_hold_breath_off,/Users/jandonyggarofalo/Documents/Desa/UNI/Semestre7/embebidos/esp-csi/examples/get-started/csi_send/data/raw/session_20260812_101142_hold_breath_off_hold_breath_off.csv,160.0,168.0,breathing,accepted,,trusted_breathing,breathing,807,77.959,0.00576983,68.4556414431269,1.3919801416700435,49.178604919569686,24.923037233104342,5,1.3516292403501509,0.25,105.46136493775715,0.40798890590667725,1.8354092442401064,1.7092871956664266
session_20260812_101142_hold_breath_off_hold_breath_off_w00076,session_20260812_101142_hold_breath_off_hold_breath_off,/Users/jandonyggarofalo/Documents/Desa/UNI/Semestre7/embebidos/esp-csi/examples/get-started/csi_send/data/raw/session_20260812_101142_hold_breath_off_hold_breath_off.csv,162.0,170.0,breathing,accepted,,trusted_breathing,breathing,813,77.959,0.00764914,23.81501488173417,0.747844513518308,31.8448747717119,57.430581971611346,5,1.2986697623795078,0.125,63.101388901615074,0.4739871621131897,1.759143217217598,1.7092871956664266
session_20260812_101142_hold_breath_off_hold_breath_off_w00077,session_20260812_101142_hold_breath_off_hold_breath_off,/Users/jandonyggarofalo/Documents/Desa/UNI/Semestre7/embebidos/esp-csi/examples/get-started/csi_send/data/raw/session_20260812_101142_hold_breath_off_hold_breath_off.csv,164.0,172.0,breathing,accepted,,trusted_breathing,breathing,806,77.959,0.00768649,39.13697355325619,1.1085015291957105,35.306197170171956,77.88056502656318,4,1.325608121169096,0.125,89.71601506584418,0.5590046644210815,1.8914290936829812,1.7092871956664266
session_20260812_101142_hold_breath_off_hold_breath_off_w00078,session_20260812_101142_hold_breath_off_hold_breath_off,/Users/jandonyggarofalo/Documents/Desa/UNI/Semestre7/embebidos/esp-csi/examples/get-started/csi_send/data/raw/session_20260812_101142_hold_breath_off_hold_breath_off.csv,166.0,174.0,breathing,accepted,,trusted_breathing,breathing,802,77.959,0.00834827,37.46124277390036,0.8064418083512956,46.45250579262545,35.86059000250555,4,1.168088948929773,0.25,90.70029829193129,0.6149452924728394,1.5735821809648665,1.7092871956664266
session_20260812_101142_hold_breath_off_hold_breath_off_w00079,session_20260812_101142_hold_breath_off_hold_breath_off,/Users/jandonyggarofalo/Documents/Desa/UNI/Semestre7/embebidos/esp-csi/examples/get-started/csi_send/data/raw/session_20260812_101142_hold_breath_off_hold_breath_off.csv,168.0,176.0,breathing,accepted,,trusted_breathing,breathing,793,35.145,0.00749724,88.62002446016058,1.8767086042950805,47.2209826593726,59.564197841650056,4,1.0615458550802122,0.375,177.2666521298089,0.5791870951652527,1.947531865565958,1.7092871956664266
session_20260812_101142_hold_breath_off_hold_breath_off_w00080,session_20260812_101142_hold_breath_off_hold_breath_off,/Users/jandonyggarofalo/Documents/Desa/UNI/Semestre7/embebidos/esp-csi/examples/get-started/csi_send/data/raw/session_20260812_101142_hold_breath_off_hold_breath_off.csv,170.0,178.0,breathing,accepted,,trusted_breathing,breathing,797,41.288,0.00956713,63.129638875570365,1.309511044888465,48.208557783412274,39.790846337419374,5,1.013196331032466,0.375,134.9067293367008,0.5939031839370728,1.8002333050125239,1.7092871956664266
session_20260812_101142_hold_breath_off_hold_breath_off_w00081,session_20260812_101142_hold_breath_off_hold_breath_off,/Users/jandonyggarofalo/Documents/Desa/UNI/Semestre7/embebidos/esp-csi/examples/get-started/csi_send/data/raw/session_20260812_101142_hold_breath_off_hold_breath_off.csv,172.0,180.0,breathing,rejected,transition_guard,not_evaluated,,805,,,,,,,,,,,,,
session_20260812_101142_hold_breath_off_hold_breath_off_w00082,session_20260812_101142_hold_breath_off_hold_breath_off,/Users/jandonyggarofalo/Documents/Desa/UNI/Semestre7/embebidos/esp-csi/examples/get-started/csi_send/data/raw/session_20260812_101142_hold_breath_off_hold_breath_off.csv,174.0,182.0,breathing,rejected,mixed_or_unknown_label,not_evaluated,,811,,,,,,,,,,,,,
session_20260812_101142_hold_breath_off_hold_breath_off_w00083,session_20260812_101142_hold_breath_off_hold_breath_off,/Users/jandonyggarofalo/Documents/Desa/UNI/Semestre7/embebidos/esp-csi/examples/get-started/csi_send/data/raw/session_20260812_101142_hold_breath_off_hold_breath_off.csv,176.0,184.0,breathing,rejected,mixed_or_unknown_label,not_evaluated,,815,,,,,,,,,,,,,
session_20260812_101142_hold_breath_off_hold_breath_off_w00084,session_20260812_101142_hold_breath_off_hold_breath_off,/Users/jandonyggarofalo/Documents/Desa/UNI/Semestre7/embebidos/esp-csi/examples/get-started/csi_send/data/raw/session_20260812_101142_hold_breath_off_hold_breath_off.csv,178.0,186.0,hold_breath,rejected,mixed_or_unknown_label,not_evaluated,,813,,,,,,,,,,,,,
session_20260812_101142_hold_breath_off_hold_breath_off_w00085,session_20260812_101142_hold_breath_off_hold_breath_off,/Users/jandonyggarofalo/Documents/Desa/UNI/Semestre7/embebidos/esp-csi/examples/get-started/csi_send/data/raw/session_20260812_101142_hold_breath_off_hold_breath_off.csv,180.0,188.0,hold_breath,rejected,transition_guard,not_evaluated,,813,,,,,,,,,,,,,
session_20260812_101142_hold_breath_off_hold_breath_off_w00086,session_20260812_101142_hold_breath_off_hold_breath_off,/Users/jandonyggarofalo/Documents/Desa/UNI/Semestre7/embebidos/esp-csi/examples/get-started/csi_send/data/raw/session_20260812_101142_hold_breath_off_hold_breath_off.csv,182.0,190.0,hold_breath,accepted,,high_confidence_hold,hold_breath,804,31.609,0.00506258,16.794765281504347,0.4354745615417986,38.566581758539186,28.607773151419682,7,1.4911789075430206,0.125,36.04255774386074,0.6428620219230652,1.4564840533421648,1.7092871956664266
session_20260812_101142_hold_breath_off_hold_breath_off_w00087,session_20260812_101142_hold_breath_off_hold_breath_off,/Users/jandonyggarofalo/Documents/Desa/UNI/Semestre7/embebidos/esp-csi/examples/get-started/csi_send/data/raw/session_20260812_101142_hold_breath_off_hold_breath_off.csv,184.0,192.0,hold_breath,accepted,,high_confidence_hold,hold_breath,804,33.631,0.00266247,5.804676967953961,0.12435773522873367,46.67724896429342,3.311304181733971,7,1.0449933186365177,0.5,13.933630261432764,0.6414374709129333,0.7637780561265849,1.7092871956664266
session_20260812_101142_hold_breath_off_hold_breath_off_w00088,session_20260812_101142_hold_breath_off_hold_breath_off,/Users/jandonyggarofalo/Documents/Desa/UNI/Semestre7/embebidos/esp-csi/examples/get-started/csi_send/data/raw/session_20260812_101142_hold_breath_off_hold_breath_off.csv,186.0,194.0,hold_breath,accepted,,ambiguous_breathing_evidence,,800,83.102,0.00438477,62.52905168789702,1.8139762298644901,34.470711720700805,79.87093451341053,2,1.0624113173686305,0.125,213.88948833318187,0.5623239874839783,1.9023887658352958,1.7092871956664266
session_20260812_101142_hold_breath_off_hold_breath_off_w00089,session_20260812_101142_hold_breath_off_hold_breath_off,/Users/jandonyggarofalo/Documents/Desa/UNI/Semestre7/embebidos/esp-csi/examples/get-started/csi_send/data/raw/session_20260812_101142_hold_breath_off_hold_breath_off.csv,188.0,196.0,hold_breath,accepted,,high_confidence_hold,hold_breath,794,83.102,0.00394561,16.407002038467407,0.40281416467529996,40.73094612164897,16.286975369743146,4,1.5605181064833575,0.125,25.539855382700573,0.5543182492256165,1.2150292320527045,1.7092871956664266
session_20260812_101142_hold_breath_off_hold_breath_off_w00090,session_20260812_101142_hold_breath_off_hold_breath_off,/Users/jandonyggarofalo/Documents/Desa/UNI/Semestre7/embebidos/esp-csi/examples/get-started/csi_send/data/raw/session_20260812_101142_hold_breath_off_hold_breath_off.csv,190.0,198.0,hold_breath,accepted,,high_confidence_hold,hold_breath,796,83.102,0.0034744,38.58853054660502,1.0256532627700077,37.62336839094176,35.245505700685,2,1.044615682516461,0.125,111.33437543812227,0.53407222032547,1.5864582409281953,1.7092871956664266
session_20260812_101142_hold_breath_off_hold_breath_off_w00091,session_20260812_101142_hold_breath_off_hold_breath_off,/Users/jandonyggarofalo/Documents/Desa/UNI/Semestre7/embebidos/esp-csi/examples/get-started/csi_send/data/raw/session_20260812_101142_hold_breath_off_hold_breath_off.csv,192.0,200.0,hold_breath,accepted,,high_confidence_hold,hold_breath,794,83.102,0.00345364,11.122704525794333,0.22245171052268606,50.00053494580801,5.306060024793538,5,0.9435850353937513,0.25,27.835163389036676,0.5771615505218506,1.0462104003591837,1.7092871956664266
session_20260812_101142_hold_breath_off_hold_breath_off_w00092,session_20260812_101142_hold_breath_off_hold_breath_off,/Users/jandonyggarofalo/Documents/Desa/UNI/Semestre7/embebidos/esp-csi/examples/get-started/csi_send/data/raw/session_20260812_101142_hold_breath_off_hold_breath_off.csv,194.0,202.0,hold_breath,accepted,,ambiguous_breathing_evidence,,797,59.474,0.00230356,182.90395983395928,4.733608476139136,38.63943559250642,159.7909072995492,3,1.0555716063521567,0.125,525.5876148270002,0.7298700213432312,2.262223107966423,1.7092871956664266
session_20260812_101142_hold_breath_off_hold_breath_off_w00093,session_20260812_101142_hold_breath_off_hold_breath_off,/Users/jandonyggarofalo/Documents/Desa/UNI/Semestre7/embebidos/esp-csi/examples/get-started/csi_send/data/raw/session_20260812_101142_hold_breath_off_hold_breath_off.csv,196.0,204.0,hold_breath,accepted,,high_confidence_hold,hold_breath,800,59.474,0.00416016,32.68660374719873,0.6545565912974822,49.93701718342856,12.099193182054787,5,1.1215352875535416,0.25,67.21909929145123,0.6905902028083801,1.514369798204256,1.7092871956664266
session_20260812_101142_hold_breath_off_hold_breath_off_w00094,session_20260812_101142_hold_breath_off_hold_breath_off,/Users/jandonyggarofalo/Documents/Desa/UNI/Semestre7/embebidos/esp-csi/examples/get-started/csi_send/data/raw/session_20260812_101142_hold_breath_off_hold_breath_off.csv,198.0,206.0,hold_breath,accepted,,high_confidence_hold,hold_breath,799,59.474,0.00490848,34.327891056962656,0.753698831422375,45.54589927137576,13.323769037385519,4,1.4976165956806584,0.25,46.15694762732946,0.7004518508911133,1.5356471232493125,1.7092871956664266
session_20260812_101142_hold_breath_off_hold_breath_off_w00095,session_20260812_101142_hold_breath_off_hold_breath_off,/Users/jandonyggarofalo/Documents/Desa/UNI/Semestre7/embebidos/esp-csi/examples/get-started/csi_send/data/raw/session_20260812_101142_hold_breath_off_hold_breath_off.csv,200.0,208.0,hold_breath,accepted,,ambiguous_breathing_evidence,,803,89.315,0.00538021,60.320724162689885,1.4155330030406006,42.61343538658359,39.79536005529966,3,1.3220749967775607,0.125,134.8114370557974,0.7207465171813965,1.7804665466875271,1.7092871956664266
session_20260812_101142_hold_breath_off_hold_breath_off_w00096,session_20260812_101142_hold_breath_off_hold_breath_off,/Users/jandonyggarofalo/Documents/Desa/UNI/Semestre7/embebidos/esp-csi/examples/get-started/csi_send/data/raw/session_20260812_101142_hold_breath_off_hold_breath_off.csv,202.0,210.0,hold_breath,accepted,,ambiguous_breathing_evidence,,795,89.315,0.00666274,51.42261455017316,1.174908715742304,43.767327504793194,21.388893541232697,4,1.5125184997297836,0.125,86.63384117546566,0.6981273293495178,1.711154154295296,1.7092871956664266
session_20260812_101142_hold_breath_off_hold_breath_off_w00097,session_20260812_101142_hold_breath_off_hold_breath_off,/Users/jandonyggarofalo/Documents/Desa/UNI/Semestre7/embebidos/esp-csi/examples/get-started/csi_send/data/raw/session_20260812_101142_hold_breath_off_hold_breath_off.csv,204.0,212.0,hold_breath,accepted,,high_confidence_hold,hold_breath,797,89.315,0.00391115,18.715799545543252,0.49495593624608597,37.81306208276321,31.626130464561967,4,1.6437552557260184,0.25,34.25129290482453,0.6810917854309082,1.5000460581600668,1.7092871956664266
session_20260812_101142_hold_breath_off_hold_breath_off_w00098,session_20260812_101142_hold_breath_off_hold_breath_off,/Users/jandonyggarofalo/Documents/Desa/UNI/Semestre7/embebidos/esp-csi/examples/get-started/csi_send/data/raw/session_20260812_101142_hold_breath_off_hold_breath_off.csv,206.0,214.0,hold_breath,accepted,,high_confidence_hold,hold_breath,801,89.315,0.00510105,46.19867757858293,0.9604264436767973,48.10225487094315,13.71487272424021,4,1.4036429829358916,0.375,70.03618989821491,0.6302849650382996,1.6646295442023693,1.7092871956664266
session_20260812_101142_hold_breath_off_hold_breath_off_w00099,session_20260812_101142_hold_breath_off_hold_breath_off,/Users/jandonyggarofalo/Documents/Desa/UNI/Semestre7/embebidos/esp-csi/examples/get-started/csi_send/data/raw/session_20260812_101142_hold_breath_off_hold_breath_off.csv,208.0,216.0,hold_breath,accepted,,high_confidence_hold,hold_breath,799,61.976,0.00408714,14.667874020733397,0.3119526151546327,47.019557805007075,8.758601909684916,5,1.5434637435974914,0.375,20.833076729237515,0.6714654564857483,1.166367171241194,1.7092871956664266
session_20260812_101142_hold_breath_off_hold_breath_off_w00100,session_20260812_101142_hold_breath_off_hold_breath_off,/Users/jandonyggarofalo/Documents/Desa/UNI/Semestre7/embebidos/esp-csi/examples/get-started/csi_send/data/raw/session_20260812_101142_hold_breath_off_hold_breath_off.csv,210.0,218.0,hold_breath,accepted,,high_confidence_hold,hold_breath,810,61.976,0.00216049,1.4183662999945772,0.030723445606734696,46.16559998197274,0.8966574323864481,6,1.3411821190929207,0.375,2.500481971756379,0.6843988299369812,0.15178840399456048,1.7092871956664266
session_20260812_101142_hold_breath_off_hold_breath_off_w00101,session_20260812_101142_hold_breath_off_hold_breath_off,/Users/jandonyggarofalo/Documents/Desa/UNI/Semestre7/embebidos/esp-csi/examples/get-started/csi_send/data/raw/session_20260812_101142_hold_breath_off_hold_breath_off.csv,212.0,220.0,hold_breath,accepted,,high_confidence_hold,hold_breath,807,61.976,0.00471461,10.518264682937263,0.2387513320871711,44.05531307801398,6.903537937800739,3,1.1785189525506718,0.25,21.195743413723264,0.5712738633155823,1.0219440952560293,1.7092871956664266
session_20260812_101142_hold_breath_off_hold_breath_off_w00102,session_20260812_101142_hold_breath_off_hold_breath_off,/Users/jandonyggarofalo/Documents/Desa/UNI/Semestre7/embebidos/esp-csi/examples/get-started/csi_send/data/raw/session_20260812_101142_hold_breath_off_hold_breath_off.csv,214.0,222.0,hold_breath,rejected,time_gap,not_evaluated,,804,129.834,,,,,,,,,,,,
session_20260812_101142_hold_breath_off_hold_breath_off_w00103,session_20260812_101142_hold_breath_off_hold_breath_off,/Users/jandonyggarofalo/Documents/Desa/UNI/Semestre7/embebidos/esp-csi/examples/get-started/csi_send/data/raw/session_20260812_101142_hold_breath_off_hold_breath_off.csv,216.0,224.0,hold_breath,rejected,time_gap,not_evaluated,,804,129.834,,,,,,,,,,,,
session_20260812_101142_hold_breath_off_hold_breath_off_w00104,session_20260812_101142_hold_breath_off_hold_breath_off,/Users/jandonyggarofalo/Documents/Desa/UNI/Semestre7/embebidos/esp-csi/examples/get-started/csi_send/data/raw/session_20260812_101142_hold_breath_off_hold_breath_off.csv,218.0,226.0,hold_breath,rejected,time_gap,not_evaluated,,802,129.834,,,,,,,,,,,,
session_20260812_101142_hold_breath_off_hold_breath_off_w00105,session_20260812_101142_hold_breath_off_hold_breath_off,/Users/jandonyggarofalo/Documents/Desa/UNI/Semestre7/embebidos/esp-csi/examples/get-started/csi_send/data/raw/session_20260812_101142_hold_breath_off_hold_breath_off.csv,220.0,228.0,hold_breath,rejected,time_gap,not_evaluated,,800,129.834,,,,,,,,,,,,
session_20260812_101142_hold_breath_off_hold_breath_off_w00106,session_20260812_101142_hold_breath_off_hold_breath_off,/Users/jandonyggarofalo/Documents/Desa/UNI/Semestre7/embebidos/esp-csi/examples/get-started/csi_send/data/raw/session_20260812_101142_hold_breath_off_hold_breath_off.csv,222.0,230.0,hold_breath,accepted,,ambiguous_breathing_evidence,,806,39.287,0.01172844,66.02670003109186,1.8160120576982672,36.358073588312,114.15033689924523,5,1.205552588775836,0.125,180.07771424137738,0.7990458607673645,2.05747719758944,1.7092871956664266
session_20260812_101142_hold_breath_off_hold_breath_off_w00107,session_20260812_101142_hold_breath_off_hold_breath_off,/Users/jandonyggarofalo/Documents/Desa/UNI/Semestre7/embebidos/esp-csi/examples/get-started/csi_send/data/raw/session_20260812_101142_hold_breath_off_hold_breath_off.csv,224.0,232.0,hold_breath,accepted,,high_confidence_hold,hold_breath,802,35.593,0.01351114,48.96272850656605,1.0423778826306451,46.97214831818191,23.067364252886364,6,1.5222048116850333,0.375,58.28680118985453,0.8148218393325806,1.6898656113909405,1.7092871956664266
session_20260812_101142_hold_breath_off_hold_breath_off_w00108,session_20260812_101142_hold_breath_off_hold_breath_off,/Users/jandonyggarofalo/Documents/Desa/UNI/Semestre7/embebidos/esp-csi/examples/get-started/csi_send/data/raw/session_20260812_101142_hold_breath_off_hold_breath_off.csv,226.0,234.0,hold_breath,accepted,,high_confidence_hold,hold_breath,780,90.352,0.01155849,44.10823518791173,0.9987108692132451,44.165169868046725,34.10352069560299,4,1.4158182894483597,0.375,98.3215385947777,0.8450849652290344,1.6445196815942302,1.7092871956664266
session_20260812_101142_hold_breath_off_hold_breath_off_w00109,session_20260812_101142_hold_breath_off_hold_breath_off,/Users/jandonyggarofalo/Documents/Desa/UNI/Semestre7/embebidos/esp-csi/examples/get-started/csi_send/data/raw/session_20260812_101142_hold_breath_off_hold_breath_off.csv,228.0,236.0,hold_breath,rejected,time_gap,not_evaluated,,805,286.693,,,,,,,,,,,,
session_20260812_101142_hold_breath_off_hold_breath_off_w00110,session_20260812_101142_hold_breath_off_hold_breath_off,/Users/jandonyggarofalo/Documents/Desa/UNI/Semestre7/embebidos/esp-csi/examples/get-started/csi_send/data/raw/session_20260812_101142_hold_breath_off_hold_breath_off.csv,230.0,238.0,hold_breath,rejected,time_gap,not_evaluated,,798,286.693,,,,,,,,,,,,
session_20260812_101142_hold_breath_off_hold_breath_off_w00111,session_20260812_101142_hold_breath_off_hold_breath_off,/Users/jandonyggarofalo/Documents/Desa/UNI/Semestre7/embebidos/esp-csi/examples/get-started/csi_send/data/raw/session_20260812_101142_hold_breath_off_hold_breath_off.csv,232.0,240.0,hold_breath,rejected,transition_guard,not_evaluated,,799,,,,,,,,,,,,,
session_20260812_101142_hold_breath_off_hold_breath_off_w00112,session_20260812_101142_hold_breath_off_hold_breath_off,/Users/jandonyggarofalo/Documents/Desa/UNI/Semestre7/embebidos/esp-csi/examples/get-started/csi_send/data/raw/session_20260812_101142_hold_breath_off_hold_breath_off.csv,234.0,242.0,hold_breath,rejected,mixed_or_unknown_label,not_evaluated,,821,,,,,,,,,,,,,
session_20260812_101142_hold_breath_off_hold_breath_off_w00113,session_20260812_101142_hold_breath_off_hold_breath_off,/Users/jandonyggarofalo/Documents/Desa/UNI/Semestre7/embebidos/esp-csi/examples/get-started/csi_send/data/raw/session_20260812_101142_hold_breath_off_hold_breath_off.csv,236.0,244.0,breathing,rejected,mixed_or_unknown_label,not_evaluated,,798,,,,,,,,,,,,,
session_20260812_101142_hold_breath_off_hold_breath_off_w00114,session_20260812_101142_hold_breath_off_hold_breath_off,/Users/jandonyggarofalo/Documents/Desa/UNI/Semestre7/embebidos/esp-csi/examples/get-started/csi_send/data/raw/session_20260812_101142_hold_breath_off_hold_breath_off.csv,238.0,246.0,breathing,rejected,mixed_or_unknown_label,not_evaluated,,805,,,,,,,,,,,,,
session_20260812_101142_hold_breath_off_hold_breath_off_w00115,session_20260812_101142_hold_breath_off_hold_breath_off,/Users/jandonyggarofalo/Documents/Desa/UNI/Semestre7/embebidos/esp-csi/examples/get-started/csi_send/data/raw/session_20260812_101142_hold_breath_off_hold_breath_off.csv,240.0,248.0,breathing,rejected,transition_guard,not_evaluated,,808,,,,,,,,,,,,,
session_20260812_101142_hold_breath_off_hold_breath_off_w00116,session_20260812_101142_hold_breath_off_hold_breath_off,/Users/jandonyggarofalo/Documents/Desa/UNI/Semestre7/embebidos/esp-csi/examples/get-started/csi_send/data/raw/session_20260812_101142_hold_breath_off_hold_breath_off.csv,242.0,250.0,breathing,rejected,time_gap,not_evaluated,,810,133.861,,,,,,,,,,,,
session_20260812_101142_hold_breath_off_hold_breath_off_w00117,session_20260812_101142_hold_breath_off_hold_breath_off,/Users/jandonyggarofalo/Documents/Desa/UNI/Semestre7/embebidos/esp-csi/examples/get-started/csi_send/data/raw/session_20260812_101142_hold_breath_off_hold_breath_off.csv,244.0,252.0,breathing,rejected,time_gap,not_evaluated,,813,133.861,,,,,,,,,,,,
session_20260812_101142_hold_breath_off_hold_breath_off_w00118,session_20260812_101142_hold_breath_off_hold_breath_off,/Users/jandonyggarofalo/Documents/Desa/UNI/Semestre7/embebidos/esp-csi/examples/get-started/csi_send/data/raw/session_20260812_101142_hold_breath_off_hold_breath_off.csv,246.0,254.0,breathing,rejected,time_gap,not_evaluated,,810,133.861,,,,,,,,,,,,
session_20260812_101142_hold_breath_off_hold_breath_off_w00119,session_20260812_101142_hold_breath_off_hold_breath_off,/Users/jandonyggarofalo/Documents/Desa/UNI/Semestre7/embebidos/esp-csi/examples/get-started/csi_send/data/raw/session_20260812_101142_hold_breath_off_hold_breath_off.csv,248.0,256.0,breathing,accepted,,trusted_breathing,breathing,807,42.102,0.00309789,81.15697277187606,1.9770338491103905,41.049865083672366,58.47556485815549,5,1.5268982227814392,0.125,144.22568837710085,0.7341276407241821,1.9093258390884047,1.7092871956664266
session_20260812_101142_hold_breath_off_hold_breath_off_w00120,session_20260812_101142_hold_breath_off_hold_breath_off,/Users/jandonyggarofalo/Documents/Desa/UNI/Semestre7/embebidos/esp-csi/examples/get-started/csi_send/data/raw/session_20260812_101142_hold_breath_off_hold_breath_off.csv,250.0,258.0,breathing,accepted,,trusted_breathing,breathing,806,43.025,0.00213244,19.99694280510314,0.4216352414589384,47.42711433670126,8.848220752200856,7,1.3474900944272281,0.375,35.25947075321324,0.7294088006019592,1.3009636044459107,1.7092871956664266
session_20260812_101142_hold_breath_off_hold_breath_off_w00121,session_20260812_101142_hold_breath_off_hold_breath_off,/Users/jandonyggarofalo/Documents/Desa/UNI/Semestre7/embebidos/esp-csi/examples/get-started/csi_send/data/raw/session_20260812_101142_hold_breath_off_hold_breath_off.csv,252.0,260.0,breathing,accepted,,trusted_breathing,breathing,805,43.025,0.00193129,6.756118193848889,0.1615177253832818,41.8289582630933,6.070640149371579,5,1.462961846161886,0.375,13.856802634652935,0.6871868968009949,0.8296972386621148,1.7092871956664266
session_20260812_101142_hold_breath_off_hold_breath_off_w00122,session_20260812_101142_hold_breath_off_hold_breath_off,/Users/jandonyggarofalo/Documents/Desa/UNI/Semestre7/embebidos/esp-csi/examples/get-started/csi_send/data/raw/session_20260812_101142_hold_breath_off_hold_breath_off.csv,254.0,262.0,breathing,accepted,,trusted_breathing,breathing,803,87.996,0.00149829,21.90755793577393,0.45778871579291547,47.85517244080813,12.314183306795748,5,1.410467846751534,0.375,39.0861155551742,0.6936380863189697,1.3405939688830673,1.7092871956664266
session_20260812_101142_hold_breath_off_hold_breath_off_w00123,session_20260812_101142_hold_breath_off_hold_breath_off,/Users/jandonyggarofalo/Documents/Desa/UNI/Semestre7/embebidos/esp-csi/examples/get-started/csi_send/data/raw/session_20260812_101142_hold_breath_off_hold_breath_off.csv,256.0,264.0,breathing,accepted,,trusted_breathing,breathing,807,87.996,0.00175225,98.13868332144226,2.635298644182496,37.240061401788076,121.69418114560077,4,1.3146270991412345,0.125,245.88646338515798,0.6838189363479614,2.08526981276768,1.7092871956664266
session_20260812_101142_hold_breath_off_hold_breath_off_w00124,session_20260812_101142_hold_breath_off_hold_breath_off,/Users/jandonyggarofalo/Documents/Desa/UNI/Semestre7/embebidos/esp-csi/examples/get-started/csi_send/data/raw/session_20260812_101142_hold_breath_off_hold_breath_off.csv,258.0,266.0,breathing,accepted,,trusted_breathing,breathing,802,87.996,0.00249377,26.308058483452086,0.5462857146678876,48.158056813544576,13.432899991153901,5,1.3611398809765427,0.25,46.250185207500905,0.6492568254470825,1.4200887986354749,1.7092871956664266
session_20260812_101142_hold_breath_off_hold_breath_off_w00125,session_20260812_101142_hold_breath_off_hold_breath_off,/Users/jandonyggarofalo/Documents/Desa/UNI/Semestre7/embebidos/esp-csi/examples/get-started/csi_send/data/raw/session_20260812_101142_hold_breath_off_hold_breath_off.csv,260.0,268.0,breathing,accepted,,trusted_breathing,breathing,805,87.996,0.00518245,3.0408704316397315,0.06441566422210505,47.20700264934955,1.5286581923435756,6,1.2811602998664822,0.375,7.020686266481112,0.6352138519287109,0.4829979156974819,1.7092871956664266
session_20260812_101142_hold_breath_off_hold_breath_off_w00126,session_20260812_101142_hold_breath_off_hold_breath_off,/Users/jandonyggarofalo/Documents/Desa/UNI/Semestre7/embebidos/esp-csi/examples/get-started/csi_send/data/raw/session_20260812_101142_hold_breath_off_hold_breath_off.csv,262.0,270.0,breathing,accepted,,trusted_breathing,breathing,808,37.983,0.0082186,24.812781697018483,0.609993917521809,40.67709690906989,20.10115228911607,3,1.3784874300350654,0.125,54.97328907310882,0.6116147041320801,1.3946754546368294,1.7092871956664266
session_20260812_101142_hold_breath_off_hold_breath_off_w00127,session_20260812_101142_hold_breath_off_hold_breath_off,/Users/jandonyggarofalo/Documents/Desa/UNI/Semestre7/embebidos/esp-csi/examples/get-started/csi_send/data/raw/session_20260812_101142_hold_breath_off_hold_breath_off.csv,264.0,272.0,breathing,accepted,,trusted_breathing,breathing,812,35.914,0.01048722,60.59601096061454,1.5797988285692008,38.356789399228155,57.94051541072587,2,1.3529632386075092,0.125,139.84124311023317,0.6595662832260132,1.7824440354729842,1.7092871956664266
session_20260812_101142_hold_breath_off_hold_breath_off_w00128,session_20260812_101142_hold_breath_off_hold_breath_off,/Users/jandonyggarofalo/Documents/Desa/UNI/Semestre7/embebidos/esp-csi/examples/get-started/csi_send/data/raw/session_20260812_101142_hold_breath_off_hold_breath_off.csv,266.0,274.0,breathing,accepted,,trusted_breathing,breathing,816,72.589,0.01205384,26.508057818703243,0.6299155451199343,42.08192355947351,19.30378505654094,3,1.3498606035050509,0.125,61.05264125675793,0.7232894897460938,1.4233779091922156,1.7092871956664266
session_20260812_101142_hold_breath_off_hold_breath_off_w00129,session_20260812_101142_hold_breath_off_hold_breath_off,/Users/jandonyggarofalo/Documents/Desa/UNI/Semestre7/embebidos/esp-csi/examples/get-started/csi_send/data/raw/session_20260812_101142_hold_breath_off_hold_breath_off.csv,268.0,276.0,breathing,accepted,,trusted_breathing,breathing,814,99.906,0.01046146,28.38260316229409,0.5773206814252363,49.16263019051485,8.473926614413594,5,1.3784701925030354,0.375,45.1465804305702,0.7374716401100159,1.453052225059931,1.7092871956664266
session_20260812_101142_hold_breath_off_hold_breath_off_w00130,session_20260812_101142_hold_breath_off_hold_breath_off,/Users/jandonyggarofalo/Documents/Desa/UNI/Semestre7/embebidos/esp-csi/examples/get-started/csi_send/data/raw/session_20260812_101142_hold_breath_off_hold_breath_off.csv,270.0,278.0,breathing,accepted,,trusted_breathing,breathing,811,99.906,0.00684918,49.9669522659334,1.2561285360104666,39.77853446797046,40.78008062141835,4,1.4186035379499624,0.125,112.95858592140483,0.7379288077354431,1.6986828604601354,1.7092871956664266
session_20260812_101142_hold_breath_off_hold_breath_off_w00131,session_20260812_101142_hold_breath_off_hold_breath_off,/Users/jandonyggarofalo/Documents/Desa/UNI/Semestre7/embebidos/esp-csi/examples/get-started/csi_send/data/raw/session_20260812_101142_hold_breath_off_hold_breath_off.csv,272.0,280.0,breathing,accepted,,trusted_breathing,breathing,804,99.906,0.00404229,40.85018145098467,1.0525463542311768,38.81081463702804,45.39455075340391,4,1.573746467874884,0.125,76.99557352383911,0.7098209261894226,1.6570037224657979,1.7092871956664266
session_20260812_101142_hold_breath_off_hold_breath_off_w00132,session_20260812_101142_hold_breath_off_hold_breath_off,/Users/jandonyggarofalo/Documents/Desa/UNI/Semestre7/embebidos/esp-csi/examples/get-started/csi_send/data/raw/session_20260812_101142_hold_breath_off_hold_breath_off.csv,274.0,282.0,breathing,accepted,,trusted_breathing,breathing,803,62.514,0.00331764,18.037689263358857,0.4223286565654174,42.71007657876554,10.925483508553034,5,1.543615506245509,0.375,30.442646662935065,0.6594642400741577,1.2561809010302594,1.7092871956664266
session_20260812_101142_hold_breath_off_hold_breath_off_w00133,session_20260812_101142_hold_breath_off_hold_breath_off,/Users/jandonyggarofalo/Documents/Desa/UNI/Semestre7/embebidos/esp-csi/examples/get-started/csi_send/data/raw/session_20260812_101142_hold_breath_off_hold_breath_off.csv,276.0,284.0,breathing,accepted,,trusted_breathing,breathing,801,35.506,0.00295529,91.30902238529893,2.6850281369992843,34.00672831954359,136.54871699883813,2,1.12774577890079,0.125,291.2629311413588,0.6860548853874207,2.135287623897633,1.7092871956664266
session_20260812_101142_hold_breath_off_hold_breath_off_w00134,session_20260812_101142_hold_breath_off_hold_breath_off,/Users/jandonyggarofalo/Documents/Desa/UNI/Semestre7/embebidos/esp-csi/examples/get-started/csi_send/data/raw/session_20260812_101142_hold_breath_off_hold_breath_off.csv,278.0,286.0,breathing,accepted,,trusted_breathing,breathing,805,29.802,0.00432842,10.543223147968128,0.2266658320105535,46.514391050481414,4.722979580992702,5,1.335214846796668,0.375,20.59158425891906,0.7006005048751831,1.022973398484801,1.7092871956664266
session_20260812_101142_hold_breath_off_hold_breath_off_w00135,session_20260812_101142_hold_breath_off_hold_breath_off,/Users/jandonyggarofalo/Documents/Desa/UNI/Semestre7/embebidos/esp-csi/examples/get-started/csi_send/data/raw/session_20260812_101142_hold_breath_off_hold_breath_off.csv,280.0,288.0,breathing,accepted,,trusted_breathing,breathing,797,64.588,0.00483258,8.37529395707963,0.1795102587136321,46.65635277365321,3.545102043969736,7,1.4754531367525023,0.5,15.028569426358516,0.7436513304710388,0.923000058896659,1.7092871956664266
session_20260812_101142_hold_breath_off_hold_breath_off_w00136,session_20260812_101142_hold_breath_off_hold_breath_off,/Users/jandonyggarofalo/Documents/Desa/UNI/Semestre7/embebidos/esp-csi/examples/get-started/csi_send/data/raw/session_20260812_101142_hold_breath_off_hold_breath_off.csv,282.0,290.0,breathing,accepted,,trusted_breathing,breathing,800,64.588,0.00514648,9.403204133728222,0.24258281208272547,38.76286226941249,6.1051102752776725,4,1.5304646617252784,0.125,20.04734346510417,0.7852451801300049,0.9732758642899463,1.7092871956664266
session_20260812_101142_hold_breath_off_hold_breath_off_w00137,session_20260812_101142_hold_breath_off_hold_breath_off,/Users/jandonyggarofalo/Documents/Desa/UNI/Semestre7/embebidos/esp-csi/examples/get-started/csi_send/data/raw/session_20260812_101142_hold_breath_off_hold_breath_off.csv,284.0,292.0,breathing,accepted,,trusted_breathing,breathing,801,64.588,0.00644702,2.408910267425738,0.05093556436503869,47.29328706588122,4.701197240441682,5,1.3317575150536334,0.25,4.2274918641499895,0.7951497435569763,0.6260827804666497,1.7092871956664266
session_20260812_101142_hold_breath_off_hold_breath_off_w00138,session_20260812_101142_hold_breath_off_hold_breath_off,/Users/jandonyggarofalo/Documents/Desa/UNI/Semestre7/embebidos/esp-csi/examples/get-started/csi_send/data/raw/session_20260812_101142_hold_breath_off_hold_breath_off.csv,286.0,294.0,breathing,accepted,,trusted_breathing,breathing,798,64.588,0.00651042,25.927840135379526,0.8386376126922808,30.91661969716859,58.659837807716194,2,1.0321056318662507,0.125,87.89260076016924,0.8356493711471558,1.7683408578380073,1.7092871956664266
session_20260812_101142_hold_breath_off_hold_breath_off_w00139,session_20260812_101142_hold_breath_off_hold_breath_off,/Users/jandonyggarofalo/Documents/Desa/UNI/Semestre7/embebidos/esp-csi/examples/get-started/csi_send/data/raw/session_20260812_101142_hold_breath_off_hold_breath_off.csv,288.0,296.0,breathing,accepted,,trusted_breathing,breathing,804,44.206,0.00625777,119.66615696547846,3.610305746088528,33.14571268516353,186.84032560016487,2,0.9809947491895213,0.125,392.7120084953212,0.8119046688079834,2.2714706154463604,1.7092871956664266
session_20260812_101142_hold_breath_off_hold_breath_off_w00140,session_20260812_101142_hold_breath_off_hold_breath_off,/Users/jandonyggarofalo/Documents/Desa/UNI/Semestre7/embebidos/esp-csi/examples/get-started/csi_send/data/raw/session_20260812_101142_hold_breath_off_hold_breath_off.csv,290.0,298.0,breathing,accepted,,trusted_breathing,breathing,799,44.206,0.00288446,24.722077022378354,0.6050245974622624,40.86127593164424,16.87557487306247,3,1.26322934160068,0.125,55.15651204491396,0.7999681234359741,1.3930849551491697,1.7092871956664266
session_20260812_101142_hold_breath_off_hold_breath_off_w00141,session_20260812_101142_hold_breath_off_hold_breath_off,/Users/jandonyggarofalo/Documents/Desa/UNI/Semestre7/embebidos/esp-csi/examples/get-started/csi_send/data/raw/session_20260812_101142_hold_breath_off_hold_breath_off.csv,292.0,300.0,breathing,rejected,transition_guard,not_evaluated,,800,,,,,,,,,,,,,
session_20260812_101142_hold_breath_off_hold_breath_off_w00142,session_20260812_101142_hold_breath_off_hold_breath_off,/Users/jandonyggarofalo/Documents/Desa/UNI/Semestre7/embebidos/esp-csi/examples/get-started/csi_send/data/raw/session_20260812_101142_hold_breath_off_hold_breath_off.csv,294.0,302.0,breathing,rejected,mixed_or_unknown_label,not_evaluated,,805,,,,,,,,,,,,,
session_20260812_101142_hold_breath_off_hold_breath_off_w00143,session_20260812_101142_hold_breath_off_hold_breath_off,/Users/jandonyggarofalo/Documents/Desa/UNI/Semestre7/embebidos/esp-csi/examples/get-started/csi_send/data/raw/session_20260812_101142_hold_breath_off_hold_breath_off.csv,296.0,304.0,hold_breath,rejected,mixed_or_unknown_label,not_evaluated,,810,,,,,,,,,,,,,
session_20260812_101142_hold_breath_off_hold_breath_off_w00144,session_20260812_101142_hold_breath_off_hold_breath_off,/Users/jandonyggarofalo/Documents/Desa/UNI/Semestre7/embebidos/esp-csi/examples/get-started/csi_send/data/raw/session_20260812_101142_hold_breath_off_hold_breath_off.csv,298.0,306.0,hold_breath,rejected,mixed_or_unknown_label,not_evaluated,,813,,,,,,,,,,,,,
session_20260812_101142_hold_breath_off_hold_breath_off_w00145,session_20260812_101142_hold_breath_off_hold_breath_off,/Users/jandonyggarofalo/Documents/Desa/UNI/Semestre7/embebidos/esp-csi/examples/get-started/csi_send/data/raw/session_20260812_101142_hold_breath_off_hold_breath_off.csv,300.0,308.0,hold_breath,rejected,transition_guard,not_evaluated,,810,,,,,,,,,,,,,
session_20260812_101142_hold_breath_off_hold_breath_off_w00146,session_20260812_101142_hold_breath_off_hold_breath_off,/Users/jandonyggarofalo/Documents/Desa/UNI/Semestre7/embebidos/esp-csi/examples/get-started/csi_send/data/raw/session_20260812_101142_hold_breath_off_hold_breath_off.csv,302.0,310.0,hold_breath,accepted,,high_confidence_hold,hold_breath,807,42.376,0.00707675,29.37345477393956,0.8097994351915547,36.27250587913181,48.075815880403276,3,1.2610643516647038,0.125,73.58802563851177,0.7326617240905762,1.6819266632558283,1.7092871956664266
session_20260812_101142_hold_breath_off_hold_breath_off_w00147,session_20260812_101142_hold_breath_off_hold_breath_off,/Users/jandonyggarofalo/Documents/Desa/UNI/Semestre7/embebidos/esp-csi/examples/get-started/csi_send/data/raw/session_20260812_101142_hold_breath_off_hold_breath_off.csv,304.0,312.0,hold_breath,accepted,,high_confidence_hold,hold_breath,803,42.376,0.00744279,17.874057130443834,0.555169560873966,32.19567207948814,32.35295411634036,2,1.1141693503909758,0.125,52.43990084103377,0.7138322591781616,1.5099139418162006,1.7092871956664266
session_20260812_101142_hold_breath_off_hold_breath_off_w00148,session_20260812_101142_hold_breath_off_hold_breath_off,/Users/jandonyggarofalo/Documents/Desa/UNI/Semestre7/embebidos/esp-csi/examples/get-started/csi_send/data/raw/session_20260812_101142_hold_breath_off_hold_breath_off.csv,306.0,314.0,hold_breath,accepted,,high_confidence_hold,hold_breath,799,42.376,0.00375469,16.607974049390677,0.3774870607533893,43.99614126163811,14.095882848583823,6,1.5928973675476679,0.5,21.923834073023663,0.6612553000450134,1.220316657566798,1.7092871956664266
session_20260812_101142_hold_breath_off_hold_breath_off_w00149,session_20260812_101142_hold_breath_off_hold_breath_off,/Users/jandonyggarofalo/Documents/Desa/UNI/Semestre7/embebidos/esp-csi/examples/get-started/csi_send/data/raw/session_20260812_101142_hold_breath_off_hold_breath_off.csv,308.0,316.0,hold_breath,accepted,,ambiguous_breathing_evidence,,802,92.9,0.00325358,113.47094376884313,3.3134296774173793,34.24576792505001,166.29094995966975,3,1.0869654014547816,0.125,371.44076419125804,0.6678551435470581,2.220868614285511,1.7092871956664266
session_20260812_101142_hold_breath_off_hold_breath_off_w00150,session_20260812_101142_hold_breath_off_hold_breath_off,/Users/jandonyggarofalo/Documents/Desa/UNI/Semestre7/embebidos/esp-csi/examples/get-started/csi_send/data/raw/session_20260812_101142_hold_breath_off_hold_breath_off.csv,310.0,318.0,hold_breath,accepted,,ambiguous_breathing_evidence,,798,92.9,0.00476778,54.9243193980077,1.404522224843012,39.10534018363978,57.064776073748696,4,1.158013510079742,0.125,131.1062732481013,0.6248832941055298,1.7563681174029107,1.7092871956664266
session_20260812_101142_hold_breath_off_hold_breath_off_w00151,session_20260812_101142_hold_breath_off_hold_breath_off,/Users/jandonyggarofalo/Documents/Desa/UNI/Semestre7/embebidos/esp-csi/examples/get-started/csi_send/data/raw/session_20260812_101142_hold_breath_off_hold_breath_off.csv,312.0,320.0,hold_breath,accepted,,ambiguous_breathing_evidence,,799,92.9,0.00407736,68.25894997897664,1.6235336191386966,42.04344719091605,52.515900920516145,6,1.4378275377167495,0.125,136.15195027141687,0.6362689733505249,1.8341596032827414,1.7092871956664266
session_20260812_101142_hold_breath_off_hold_breath_off_w00152,session_20260812_101142_hold_breath_off_hold_breath_off,/Users/jandonyggarofalo/Documents/Desa/UNI/Semestre7/embebidos/esp-csi/examples/get-started/csi_send/data/raw/session_20260812_101142_hold_breath_off_hold_breath_off.csv,314.0,322.0,hold_breath,accepted,,high_confidence_hold,hold_breath,799,92.9,0.00514315,35.273816036795985,0.8897176428316776,39.64607909144234,33.525011069986824,4,1.4049453997865646,0.375,64.1534791740619,0.6721606254577637,1.5474524456066803,1.7092871956664266
session_20260812_101142_hold_breath_off_hold_breath_off_w00153,session_20260812_101142_hold_breath_off_hold_breath_off,/Users/jandonyggarofalo/Documents/Desa/UNI/Semestre7/embebidos/esp-csi/examples/get-started/csi_send/data/raw/session_20260812_101142_hold_breath_off_hold_breath_off.csv,316.0,324.0,hold_breath,accepted,,high_confidence_hold,hold_breath,798,41.149,0.00565868,13.478110049972509,0.2999930199625379,44.928078832003095,7.669268078129993,4,1.5190854201757755,0.375,24.365726511022427,0.7095228433609009,1.1296289981034315,1.7092871956664266
session_20260812_101142_hold_breath_off_hold_breath_off_w00154,session_20260812_101142_hold_breath_off_hold_breath_off,/Users/jandonyggarofalo/Documents/Desa/UNI/Semestre7/embebidos/esp-csi/examples/get-started/csi_send/data/raw/session_20260812_101142_hold_breath_off_hold_breath_off.csv,318.0,326.0,hold_breath,accepted,,high_confidence_hold,hold_breath,797,41.149,0.00430325,34.68888138041801,0.7589012888471854,45.709345721453055,15.114346973195547,5,1.3724509675565761,0.25,57.07077663515671,0.7306481003761292,1.5401902952832733,1.7092871956664266
session_20260812_101142_hold_breath_off_hold_breath_off_w00155,session_20260812_101142_hold_breath_off_hold_breath_off,/Users/jandonyggarofalo/Documents/Desa/UNI/Semestre7/embebidos/esp-csi/examples/get-started/csi_send/data/raw/session_20260812_101142_hold_breath_off_hold_breath_off.csv,320.0,328.0,hold_breath,accepted,,ambiguous_breathing_evidence,,790,70.417,0.00580498,811.5316948683088,24.12332873568263,33.64094996010553,1387.7602795072107,2,1.0131377973016704,0.125,2820.2751399464796,0.7805781364440918,3.1423144529498357,1.7092871956664266
session_20260812_101142_hold_breath_off_hold_breath_off_w00156,session_20260812_101142_hold_breath_off_hold_breath_off,/Users/jandonyggarofalo/Documents/Desa/UNI/Semestre7/embebidos/esp-csi/examples/get-started/csi_send/data/raw/session_20260812_101142_hold_breath_off_hold_breath_off.csv,322.0,330.0,hold_breath,accepted,,high_confidence_hold,hold_breath,797,70.417,0.00383273,23.787513721727347,0.4771547865495899,49.85282426629351,14.42161017619261,5,0.9480708896963012,0.25,57.20676217582099,0.6072211861610413,1.3763490518161146,1.7092871956664266
session_20260812_101142_hold_breath_off_hold_breath_off_w00157,session_20260812_101142_hold_breath_off_hold_breath_off,/Users/jandonyggarofalo/Documents/Desa/UNI/Semestre7/embebidos/esp-csi/examples/get-started/csi_send/data/raw/session_20260812_101142_hold_breath_off_hold_breath_off.csv,324.0,332.0,hold_breath,accepted,,high_confidence_hold,hold_breath,791,70.417,0.00239017,29.753897011942637,0.7521337285568631,39.559317555127585,29.747558069126256,4,1.4165886553954368,0.125,59.24687402867258,0.6178127527236938,1.4735438554408358,1.7092871956664266
session_20260812_101142_hold_breath_off_hold_breath_off_w00158,session_20260812_101142_hold_breath_off_hold_breath_off,/Users/jandonyggarofalo/Documents/Desa/UNI/Semestre7/embebidos/esp-csi/examples/get-started/csi_send/data/raw/session_20260812_101142_hold_breath_off_hold_breath_off.csv,326.0,334.0,hold_breath,accepted,,high_confidence_hold,hold_breath,787,70.417,0.00253137,14.250227626733775,0.3172198395017161,44.92224587551927,9.85524780994102,6,1.4044750773310741,0.125,24.218380545442265,0.6725849509239197,1.1538218016249004,1.7092871956664266
session_20260812_101142_hold_breath_off_hold_breath_off_w00159,session_20260812_101142_hold_breath_off_hold_breath_off,/Users/jandonyggarofalo/Documents/Desa/UNI/Semestre7/embebidos/esp-csi/examples/get-started/csi_send/data/raw/session_20260812_101142_hold_breath_off_hold_breath_off.csv,328.0,336.0,hold_breath,accepted,,high_confidence_hold,hold_breath,795,70.275,0.0023978,21.51421515564258,0.44632577011664115,48.20294187801868,7.9401200416646205,4,1.2161676514930062,0.375,45.36318609798161,0.6412075757980347,1.3327255075280195,1.7092871956664266
session_20260812_101142_hold_breath_off_hold_breath_off_w00160,session_20260812_101142_hold_breath_off_hold_breath_off,/Users/jandonyggarofalo/Documents/Desa/UNI/Semestre7/embebidos/esp-csi/examples/get-started/csi_send/data/raw/session_20260812_101142_hold_breath_off_hold_breath_off.csv,330.0,338.0,hold_breath,accepted,,ambiguous_breathing_evidence,,786,41.961,0.00712667,775.4719606080084,22.477914302030104,34.49928450603341,1177.732511450555,2,1.0837618924593004,0.125,2561.1233860337625,0.7512778043746948,3.071046663972117,1.7092871956664266
session_20260812_101142_hold_breath_off_hold_breath_off_w00161,session_20260812_101142_hold_breath_off_hold_breath_off,/Users/jandonyggarofalo/Documents/Desa/UNI/Semestre7/embebidos/esp-csi/examples/get-started/csi_send/data/raw/session_20260812_101142_hold_breath_off_hold_breath_off.csv,332.0,340.0,hold_breath,accepted,,high_confidence_hold,hold_breath,784,41.961,0.01119061,14.47500660990485,0.32576877562535206,44.43337634822096,22.06748239617418,5,1.427696051910734,0.25,34.28214058379967,0.6994701623916626,1.3437527888111138,1.7092871956664266
session_20260812_101142_hold_breath_off_hold_breath_off_w00162,session_20260812_101142_hold_breath_off_hold_breath_off,/Users/jandonyggarofalo/Documents/Desa/UNI/Semestre7/embebidos/esp-csi/examples/get-started/csi_send/data/raw/session_20260812_101142_hold_breath_off_hold_breath_off.csv,334.0,342.0,hold_breath,accepted,,high_confidence_hold,hold_breath,781,84.889,0.00361116,15.46564861814459,0.3474880597862586,44.506992924053485,11.944289011546429,4,1.4532049699541252,0.25,27.958225282004122,0.6288760304450989,1.1893681387184054,1.7092871956664266
session_20260812_101142_hold_breath_off_hold_breath_off_w00163,session_20260812_101142_hold_breath_off_hold_breath_off,/Users/jandonyggarofalo/Documents/Desa/UNI/Semestre7/embebidos/esp-csi/examples/get-started/csi_send/data/raw/session_20260812_101142_hold_breath_off_hold_breath_off.csv,336.0,344.0,hold_breath,accepted,,high_confidence_hold,hold_breath,778,84.889,0.00678824,8.61250099437447,0.2179324842664047,39.51912457349346,8.589651594848654,4,1.516400737623862,0.375,17.009144802364304,0.6866198778152466,0.9351292850581211,1.7092871956664266
session_20260812_101142_hold_breath_off_hold_breath_off_w00164,session_20260812_101142_hold_breath_off_hold_breath_off,/Users/jandonyggarofalo/Documents/Desa/UNI/Semestre7/embebidos/esp-csi/examples/get-started/csi_send/data/raw/session_20260812_101142_hold_breath_off_hold_breath_off.csv,338.0,346.0,hold_breath,accepted,,high_confidence_hold,hold_breath,776,84.889,0.00996698,12.628781327681505,0.27745278703755494,45.51686599539044,5.190871594998405,5,1.580362245038669,0.375,16.717122985862456,0.6639817953109741,1.1013614433345285,1.7092871956664266
session_20260812_101142_hold_breath_off_hold_breath_off_w00165,session_20260812_101142_hold_breath_off_hold_breath_off,/Users/jandonyggarofalo/Documents/Desa/UNI/Semestre7/embebidos/esp-csi/examples/get-started/csi_send/data/raw/session_20260812_101142_hold_breath_off_hold_breath_off.csv,340.0,348.0,hold_breath,accepted,,high_confidence_hold,hold_breath,783,84.889,0.01583453,21.042073078112885,0.45195826317888027,46.55755805871415,7.352363544657366,6,1.5381311036878562,0.375,30.457992877123424,0.6490469574928284,1.3230885245517394,1.7092871956664266
session_20260812_101142_hold_breath_off_hold_breath_off_w00166,session_20260812_101142_hold_breath_off_hold_breath_off,/Users/jandonyggarofalo/Documents/Desa/UNI/Semestre7/embebidos/esp-csi/examples/get-started/csi_send/data/raw/session_20260812_101142_hold_breath_off_hold_breath_off.csv,342.0,350.0,hold_breath,rejected,too_many_amplitude_outliers,not_evaluated,,795,64.13,0.03957351,,,,,,,,,,,
session_20260812_101142_hold_breath_off_hold_breath_off_w00167,session_20260812_101142_hold_breath_off_hold_breath_off,/Users/jandonyggarofalo/Documents/Desa/UNI/Semestre7/embebidos/esp-csi/examples/get-started/csi_send/data/raw/session_20260812_101142_hold_breath_off_hold_breath_off.csv,344.0,352.0,hold_breath,rejected,too_many_amplitude_outliers,not_evaluated,,792,38.585,0.02801452,,,,,,,,,,,
session_20260812_101142_hold_breath_off_hold_breath_off_w00168,session_20260812_101142_hold_breath_off_hold_breath_off,/Users/jandonyggarofalo/Documents/Desa/UNI/Semestre7/embebidos/esp-csi/examples/get-started/csi_send/data/raw/session_20260812_101142_hold_breath_off_hold_breath_off.csv,346.0,354.0,hold_breath,accepted,,ambiguous_breathing_evidence,,798,36.49,0.01616346,52.221816457581006,1.0511978857783326,49.678388021932726,13.090591276674981,6,1.2200381432702687,0.25,91.74338358237513,0.7405804991722107,1.717851974032011,1.7092871956664266
session_20260812_101142_hold_breath_off_hold_breath_off_w00169,session_20260812_101142_hold_breath_off_hold_breath_off,/Users/jandonyggarofalo/Documents/Desa/UNI/Semestre7/embebidos/esp-csi/examples/get-started/csi_send/data/raw/session_20260812_101142_hold_breath_off_hold_breath_off.csv,348.0,356.0,hold_breath,accepted,,high_confidence_hold,hold_breath,795,71.327,0.01279481,27.517040018305895,0.7247681917201224,37.96667725298567,61.094050045786936,4,1.5572992936305952,0.25,43.384710686959735,0.7558608651161194,1.637336705683747,1.7092871956664266
session_20260812_101142_hold_breath_off_hold_breath_off_w00170,session_20260812_101142_hold_breath_off_hold_breath_off,/Users/jandonyggarofalo/Documents/Desa/UNI/Semestre7/embebidos/esp-csi/examples/get-started/csi_send/data/raw/session_20260812_101142_hold_breath_off_hold_breath_off.csv,350.0,358.0,hold_breath,rejected,too_many_amplitude_outliers,not_evaluated,,794,71.327,0.02140074,,,,,,,,,,,
