window_id,session_id,source_file,start_s,end_s,scheduled_label,quality_status,quality_reason,confidence_status,final_label,sample_count,max_gap_ms,clip_fraction,psd_resp_band,psd_total,snr_resp,variance_filtered,zero_crossings,spectral_entropy,peak_freq_hz,peak_power,pc1_var_explained,activity_log,breathing_activity_threshold
session_20260812_131332_hold_breath_off_hold_breath_off_w00000,session_20260812_131332_hold_breath_off_hold_breath_off,/Users/jandonyggarofalo/Documents/Desa/UNI/Semestre7/embebidos/esp-csi/examples/get-started/csi_send/data/raw/session_20260812_131332_hold_breath_off_hold_breath_off.csv,10.0,30.0,breathing,accepted,,trusted_breathing,breathing,2042,86.362,0.0,36.45274724866287,0.7908907173402772,46.09075116117863,87.61415570076933,12,2.2733307861479473,0.45,71.17193034258929,0.7541742920875549,1.8523087450283622,1.4266296939991816
session_20260812_131332_hold_breath_off_hold_breath_off_w00001,session_20260812_131332_hold_breath_off_hold_breath_off,/Users/jandonyggarofalo/Documents/Desa/UNI/Semestre7/embebidos/esp-csi/examples/get-started/csi_send/data/raw/session_20260812_131332_hold_breath_off_hold_breath_off.csv,15.0,35.0,breathing,accepted,,trusted_breathing,breathing,2029,86.362,0.0,19.26356563506549,0.3553655686030229,54.20774362225992,13.990871171221283,15,2.1210980276265454,0.30000000000000004,44.7163015775196,0.6507991552352905,1.2847366769894548,1.4266296939991816
session_20260812_131332_hold_breath_off_hold_breath_off_w00002,session_20260812_131332_hold_breath_off_hold_breath_off,/Users/jandonyggarofalo/Documents/Desa/UNI/Semestre7/embebidos/esp-csi/examples/get-started/csi_send/data/raw/session_20260812_131332_hold_breath_off_hold_breath_off.csv,20.0,40.0,breathing,rejected,time_gap,not_evaluated,,2017,227.485,,,,,,,,,,,,
session_20260812_131332_hold_breath_off_hold_breath_off_w00003,session_20260812_131332_hold_breath_off_hold_breath_off,/Users/jandonyggarofalo/Documents/Desa/UNI/Semestre7/embebidos/esp-csi/examples/get-started/csi_send/data/raw/session_20260812_131332_hold_breath_off_hold_breath_off.csv,25.0,45.0,breathing,rejected,time_gap,not_evaluated,,1870,360.548,,,,,,,,,,,,
session_20260812_131332_hold_breath_off_hold_breath_off_w00004,session_20260812_131332_hold_breath_off_hold_breath_off,/Users/jandonyggarofalo/Documents/Desa/UNI/Semestre7/embebidos/esp-csi/examples/get-started/csi_send/data/raw/session_20260812_131332_hold_breath_off_hold_breath_off.csv,30.0,50.0,breathing,rejected,time_gap,not_evaluated,,1412,633.137,,,,,,,,,,,,
session_20260812_131332_hold_breath_off_hold_breath_off_w00005,session_20260812_131332_hold_breath_off_hold_breath_off,/Users/jandonyggarofalo/Documents/Desa/UNI/Semestre7/embebidos/esp-csi/examples/get-started/csi_send/data/raw/session_20260812_131332_hold_breath_off_hold_breath_off.csv,35.0,55.0,breathing,rejected,time_gap,not_evaluated,,911,633.137,,,,,,,,,,,,
session_20260812_131332_hold_breath_off_hold_breath_off_w00006,session_20260812_131332_hold_breath_off_hold_breath_off,/Users/jandonyggarofalo/Documents/Desa/UNI/Semestre7/embebidos/esp-csi/examples/get-started/csi_send/data/raw/session_20260812_131332_hold_breath_off_hold_breath_off.csv,40.0,60.0,breathing,rejected,transition_guard,not_evaluated,,440,,,,,,,,,,,,,
session_20260812_131332_hold_breath_off_hold_breath_off_w00007,session_20260812_131332_hold_breath_off_hold_breath_off,/Users/jandonyggarofalo/Documents/Desa/UNI/Semestre7/embebidos/esp-csi/examples/get-started/csi_send/data/raw/session_20260812_131332_hold_breath_off_hold_breath_off.csv,45.0,65.0,breathing,rejected,mixed_or_unknown_label,not_evaluated,,111,,,,,,,,,,,,,
session_20260812_131332_hold_breath_off_hold_breath_off_w00008,session_20260812_131332_hold_breath_off_hold_breath_off,/Users/jandonyggarofalo/Documents/Desa/UNI/Semestre7/embebidos/esp-csi/examples/get-started/csi_send/data/raw/session_20260812_131332_hold_breath_off_hold_breath_off.csv,50.0,70.0,hold_breath,rejected,mixed_or_unknown_label,not_evaluated,,545,,,,,,,,,,,,,
session_20260812_131332_hold_breath_off_hold_breath_off_w00009,session_20260812_131332_hold_breath_off_hold_breath_off,/Users/jandonyggarofalo/Documents/Desa/UNI/Semestre7/embebidos/esp-csi/examples/get-started/csi_send/data/raw/session_20260812_131332_hold_breath_off_hold_breath_off.csv,55.0,75.0,hold_breath,rejected,mixed_or_unknown_label,not_evaluated,,1052,,,,,,,,,,,,,
session_20260812_131332_hold_breath_off_hold_breath_off_w00010,session_20260812_131332_hold_breath_off_hold_breath_off,/Users/jandonyggarofalo/Documents/Desa/UNI/Semestre7/embebidos/esp-csi/examples/get-started/csi_send/data/raw/session_20260812_131332_hold_breath_off_hold_breath_off.csv,60.0,80.0,hold_breath,rejected,transition_guard,not_evaluated,,1543,,,,,,,,,,,,,
session_20260812_131332_hold_breath_off_hold_breath_off_w00011,session_20260812_131332_hold_breath_off_hold_breath_off,/Users/jandonyggarofalo/Documents/Desa/UNI/Semestre7/embebidos/esp-csi/examples/get-started/csi_send/data/raw/session_20260812_131332_hold_breath_off_hold_breath_off.csv,65.0,85.0,hold_breath,rejected,time_gap,not_evaluated,,2011,134.974,,,,,,,,,,,,
session_20260812_131332_hold_breath_off_hold_breath_off_w00012,session_20260812_131332_hold_breath_off_hold_breath_off,/Users/jandonyggarofalo/Documents/Desa/UNI/Semestre7/embebidos/esp-csi/examples/get-started/csi_send/data/raw/session_20260812_131332_hold_breath_off_hold_breath_off.csv,70.0,90.0,hold_breath,rejected,time_gap,not_evaluated,,2030,122.258,,,,,,,,,,,,
session_20260812_131332_hold_breath_off_hold_breath_off_w00013,session_20260812_131332_hold_breath_off_hold_breath_off,/Users/jandonyggarofalo/Documents/Desa/UNI/Semestre7/embebidos/esp-csi/examples/get-started/csi_send/data/raw/session_20260812_131332_hold_breath_off_hold_breath_off.csv,75.0,95.0,hold_breath,accepted,,ambiguous_breathing_evidence,,2025,54.622,0.0,131.30946186162373,2.394080941305946,54.8475448745442,63.78251232820344,14,1.8265870155645068,0.4,394.75019468518303,0.548676609992981,2.1182960214911364,1.4266296939991816
session_20260812_131332_hold_breath_off_hold_breath_off_w00014,session_20260812_131332_hold_breath_off_hold_breath_off,/Users/jandonyggarofalo/Documents/Desa/UNI/Semestre7/embebidos/esp-csi/examples/get-started/csi_send/data/raw/session_20260812_131332_hold_breath_off_hold_breath_off.csv,80.0,100.0,hold_breath,accepted,,ambiguous_breathing_evidence,,2025,54.622,0.0,75.8969299871944,1.3784194992327312,55.06083600049607,25.170916758201102,12,1.9568669443802797,0.30000000000000004,199.2326429292386,0.507450520992279,1.880224209142046,1.4266296939991816
session_20260812_131332_hold_breath_off_hold_breath_off_w00015,session_20260812_131332_hold_breath_off_hold_breath_off,/Users/jandonyggarofalo/Documents/Desa/UNI/Semestre7/embebidos/esp-csi/examples/get-started/csi_send/data/raw/session_20260812_131332_hold_breath_off_hold_breath_off.csv,85.0,105.0,hold_breath,accepted,,ambiguous_breathing_evidence,,2030,87.145,0.0,21.235288551014456,0.42586253104930033,49.86418621671666,56.73846246241912,13,1.9017239301840232,0.30000000000000004,81.9321874341768,0.5001319050788879,1.753877562811013,1.4266296939991816
session_20260812_131528_hold_breath_off_hold_breath_off_w00000,session_20260812_131528_hold_breath_off_hold_breath_off,/Users/jandonyggarofalo/Documents/Desa/UNI/Semestre7/embebidos/esp-csi/examples/get-started/csi_send/data/raw/session_20260812_131528_hold_breath_off_hold_breath_off.csv,10.0,30.0,breathing,rejected,time_gap,not_evaluated,,2028,102.718,,,,,,,,,,,,
session_20260812_131528_hold_breath_off_hold_breath_off_w00001,session_20260812_131528_hold_breath_off_hold_breath_off,/Users/jandonyggarofalo/Documents/Desa/UNI/Semestre7/embebidos/esp-csi/examples/get-started/csi_send/data/raw/session_20260812_131528_hold_breath_off_hold_breath_off.csv,15.0,35.0,breathing,rejected,time_gap,not_evaluated,,2011,102.718,,,,,,,,,,,,
session_20260812_131528_hold_breath_off_hold_breath_off_w00002,session_20260812_131528_hold_breath_off_hold_breath_off,/Users/jandonyggarofalo/Documents/Desa/UNI/Semestre7/embebidos/esp-csi/examples/get-started/csi_send/data/raw/session_20260812_131528_hold_breath_off_hold_breath_off.csv,20.0,40.0,breathing,accepted,,trusted_breathing,breathing,2004,71.136,0.0,1045.5199088812058,19.083821578300686,54.78566777578567,351.58321338645146,12,1.5401576376782726,0.35000000000000003,3730.5028364745804,0.4291686713695526,3.0193323071057963,1.9595463724835147
session_20260812_131528_hold_breath_off_hold_breath_off_w00003,session_20260812_131528_hold_breath_off_hold_breath_off,/Users/jandonyggarofalo/Documents/Desa/UNI/Semestre7/embebidos/esp-csi/examples/get-started/csi_send/data/raw/session_20260812_131528_hold_breath_off_hold_breath_off.csv,25.0,45.0,breathing,accepted,,trusted_breathing,breathing,1997,71.136,0.0,1285.5430560513514,23.4529582259422,54.813684639121945,383.08614807665697,12,1.7528096284556482,0.35000000000000003,4145.158085282015,0.42503485083580017,3.1090866268305892,1.9595463724835147
session_20260812_131528_hold_breath_off_hold_breath_off_w00004,session_20260812_131528_hold_breath_off_hold_breath_off,/Users/jandonyggarofalo/Documents/Desa/UNI/Semestre7/embebidos/esp-csi/examples/get-started/csi_send/data/raw/session_20260812_131528_hold_breath_off_hold_breath_off.csv,30.0,50.0,breathing,accepted,,trusted_breathing,breathing,1983,71.136,0.0,64.39057013202707,1.1958000985717645,53.84726946324874,66.35867442442371,13,1.96998282968176,0.35000000000000003,186.28944694476598,0.43842992186546326,1.8218977020071208,1.9595463724835147
session_20260812_131528_hold_breath_off_hold_breath_off_w00005,session_20260812_131528_hold_breath_off_hold_breath_off,/Users/jandonyggarofalo/Documents/Desa/UNI/Semestre7/embebidos/esp-csi/examples/get-started/csi_send/data/raw/session_20260812_131528_hold_breath_off_hold_breath_off.csv,35.0,55.0,breathing,accepted,,trusted_breathing,breathing,1986,73.903,0.0,101.25798076130626,1.873153704389086,54.05748632586276,80.71490391818634,13,2.048164831303608,0.30000000000000004,269.31566963632054,0.5540313720703125,2.0054292626423127,1.9595463724835147
session_20260812_131528_hold_breath_off_hold_breath_off_w00006,session_20260812_131528_hold_breath_off_hold_breath_off,/Users/jandonyggarofalo/Documents/Desa/UNI/Semestre7/embebidos/esp-csi/examples/get-started/csi_send/data/raw/session_20260812_131528_hold_breath_off_hold_breath_off.csv,40.0,60.0,breathing,rejected,transition_guard,not_evaluated,,1992,,,,,,,,,,,,,
session_20260812_131528_hold_breath_off_hold_breath_off_w00007,session_20260812_131528_hold_breath_off_hold_breath_off,/Users/jandonyggarofalo/Documents/Desa/UNI/Semestre7/embebidos/esp-csi/examples/get-started/csi_send/data/raw/session_20260812_131528_hold_breath_off_hold_breath_off.csv,45.0,65.0,breathing,rejected,mixed_or_unknown_label,not_evaluated,,2002,,,,,,,,,,,,,
session_20260812_131528_hold_breath_off_hold_breath_off_w00008,session_20260812_131528_hold_breath_off_hold_breath_off,/Users/jandonyggarofalo/Documents/Desa/UNI/Semestre7/embebidos/esp-csi/examples/get-started/csi_send/data/raw/session_20260812_131528_hold_breath_off_hold_breath_off.csv,50.0,70.0,hold_breath,rejected,mixed_or_unknown_label,not_evaluated,,2013,,,,,,,,,,,,,
session_20260812_131528_hold_breath_off_hold_breath_off_w00009,session_20260812_131528_hold_breath_off_hold_breath_off,/Users/jandonyggarofalo/Documents/Desa/UNI/Semestre7/embebidos/esp-csi/examples/get-started/csi_send/data/raw/session_20260812_131528_hold_breath_off_hold_breath_off.csv,55.0,75.0,hold_breath,rejected,mixed_or_unknown_label,not_evaluated,,2003,,,,,,,,,,,,,
session_20260812_131528_hold_breath_off_hold_breath_off_w00010,session_20260812_131528_hold_breath_off_hold_breath_off,/Users/jandonyggarofalo/Documents/Desa/UNI/Semestre7/embebidos/esp-csi/examples/get-started/csi_send/data/raw/session_20260812_131528_hold_breath_off_hold_breath_off.csv,60.0,80.0,hold_breath,rejected,transition_guard,not_evaluated,,2005,,,,,,,,,,,,,
session_20260812_131528_hold_breath_off_hold_breath_off_w00011,session_20260812_131528_hold_breath_off_hold_breath_off,/Users/jandonyggarofalo/Documents/Desa/UNI/Semestre7/embebidos/esp-csi/examples/get-started/csi_send/data/raw/session_20260812_131528_hold_breath_off_hold_breath_off.csv,65.0,85.0,hold_breath,accepted,,ambiguous_breathing_evidence,,2008,83.858,0.0,1536.7827093799162,27.84578273621538,55.18906485545361,802.1447030859462,13,1.5728209054769577,0.30000000000000004,6301.737742647172,0.5126530528068542,3.186612465555398,1.9595463724835147
session_20260812_131528_hold_breath_off_hold_breath_off_w00012,session_20260812_131528_hold_breath_off_hold_breath_off,/Users/jandonyggarofalo/Documents/Desa/UNI/Semestre7/embebidos/esp-csi/examples/get-started/csi_send/data/raw/session_20260812_131528_hold_breath_off_hold_breath_off.csv,70.0,90.0,hold_breath,rejected,time_gap,not_evaluated,,1990,107.36,,,,,,,,,,,,
session_20260812_131528_hold_breath_off_hold_breath_off_w00013,session_20260812_131528_hold_breath_off_hold_breath_off,/Users/jandonyggarofalo/Documents/Desa/UNI/Semestre7/embebidos/esp-csi/examples/get-started/csi_send/data/raw/session_20260812_131528_hold_breath_off_hold_breath_off.csv,75.0,95.0,hold_breath,rejected,time_gap,not_evaluated,,2001,107.36,,,,,,,,,,,,
session_20260812_131528_hold_breath_off_hold_breath_off_w00014,session_20260812_131528_hold_breath_off_hold_breath_off,/Users/jandonyggarofalo/Documents/Desa/UNI/Semestre7/embebidos/esp-csi/examples/get-started/csi_send/data/raw/session_20260812_131528_hold_breath_off_hold_breath_off.csv,80.0,100.0,hold_breath,rejected,transition_guard,not_evaluated,,1981,,,,,,,,,,,,,
session_20260812_131729_hold_breath_off_hold_breath_off_w00000,session_20260812_131729_hold_breath_off_hold_breath_off,/Users/jandonyggarofalo/Documents/Desa/UNI/Semestre7/embebidos/esp-csi/examples/get-started/csi_send/data/raw/session_20260812_131729_hold_breath_off_hold_breath_off.csv,10.0,30.0,breathing,accepted,,trusted_breathing,breathing,2036,45.979,0.0,27.99478790436995,0.5099692339735932,54.89505256265059,11.760905625225627,13,1.83818428566143,0.4,83.01561548162971,0.6411858201026917,1.44707718151808,1.2516144270268619
session_20260812_131729_hold_breath_off_hold_breath_off_w00001,session_20260812_131729_hold_breath_off_hold_breath_off,/Users/jandonyggarofalo/Documents/Desa/UNI/Semestre7/embebidos/esp-csi/examples/get-started/csi_send/data/raw/session_20260812_131729_hold_breath_off_hold_breath_off.csv,15.0,35.0,breathing,accepted,,trusted_breathing,breathing,2026,45.979,0.0,17.707112122841398,0.39117559254574097,45.266403273168436,42.04033157564741,10,2.1131719846399197,0.15000000000000002,43.818320174442604,0.7151845097541809,1.623666132686998,1.2516144270268619
session_20260812_131729_hold_breath_off_hold_breath_off_w00002,session_20260812_131729_hold_breath_off_hold_breath_off,/Users/jandonyggarofalo/Documents/Desa/UNI/Semestre7/embebidos/esp-csi/examples/get-started/csi_send/data/raw/session_20260812_131729_hold_breath_off_hold_breath_off.csv,20.0,40.0,breathing,accepted,,trusted_breathing,breathing,2009,92.316,0.0,48.95592415824752,1.3766275756239024,35.56221379338897,272.68100541338794,11,1.7282568920689205,0.1,228.65893457673008,0.741293728351593,2.3591881755901474,1.2516144270268619
session_20260812_131729_hold_breath_off_hold_breath_off_w00003,session_20260812_131729_hold_breath_off_hold_breath_off,/Users/jandonyggarofalo/Documents/Desa/UNI/Semestre7/embebidos/esp-csi/examples/get-started/csi_send/data/raw/session_20260812_131729_hold_breath_off_hold_breath_off.csv,25.0,45.0,breathing,accepted,,trusted_breathing,breathing,2012,92.316,0.0,11.797334984607824,0.23170670202568963,50.91494929330496,6.536271168642955,10,2.008726861035655,0.2,34.00574000207028,0.7410249710083008,1.0717839113572183,1.2516144270268619
session_20260812_131729_hold_breath_off_hold_breath_off_w00004,session_20260812_131729_hold_breath_off_hold_breath_off,/Users/jandonyggarofalo/Documents/Desa/UNI/Semestre7/embebidos/esp-csi/examples/get-started/csi_send/data/raw/session_20260812_131729_hold_breath_off_hold_breath_off.csv,30.0,50.0,breathing,accepted,,trusted_breathing,breathing,2020,92.316,0.0,17.849022089952303,0.345215539609996,51.70399371379795,10.592711886070395,11,2.0426866750555552,0.35000000000000003,49.35689969399381,0.7331281900405884,1.2516144270268619,1.2516144270268619
session_20260812_131729_hold_breath_off_hold_breath_off_w00005,session_20260812_131729_hold_breath_off_hold_breath_off,/Users/jandonyggarofalo/Documents/Desa/UNI/Semestre7/embebidos/esp-csi/examples/get-started/csi_send/data/raw/session_20260812_131729_hold_breath_off_hold_breath_off.csv,35.0,55.0,breathing,rejected,time_gap,not_evaluated,,1975,237.717,,,,,,,,,,,,
session_20260812_131729_hold_breath_off_hold_breath_off_w00006,session_20260812_131729_hold_breath_off_hold_breath_off,/Users/jandonyggarofalo/Documents/Desa/UNI/Semestre7/embebidos/esp-csi/examples/get-started/csi_send/data/raw/session_20260812_131729_hold_breath_off_hold_breath_off.csv,40.0,60.0,breathing,rejected,transition_guard,not_evaluated,,1835,,,,,,,,,,,,,
session_20260812_131729_hold_breath_off_hold_breath_off_w00007,session_20260812_131729_hold_breath_off_hold_breath_off,/Users/jandonyggarofalo/Documents/Desa/UNI/Semestre7/embebidos/esp-csi/examples/get-started/csi_send/data/raw/session_20260812_131729_hold_breath_off_hold_breath_off.csv,45.0,65.0,breathing,rejected,mixed_or_unknown_label,not_evaluated,,1559,,,,,,,,,,,,,
session_20260812_131729_hold_breath_off_hold_breath_off_w00008,session_20260812_131729_hold_breath_off_hold_breath_off,/Users/jandonyggarofalo/Documents/Desa/UNI/Semestre7/embebidos/esp-csi/examples/get-started/csi_send/data/raw/session_20260812_131729_hold_breath_off_hold_breath_off.csv,50.0,70.0,breathing,rejected,mixed_or_unknown_label,not_evaluated,,1550,,,,,,,,,,,,,
session_20260812_131729_hold_breath_off_hold_breath_off_w00009,session_20260812_131729_hold_breath_off_hold_breath_off,/Users/jandonyggarofalo/Documents/Desa/UNI/Semestre7/embebidos/esp-csi/examples/get-started/csi_send/data/raw/session_20260812_131729_hold_breath_off_hold_breath_off.csv,55.0,75.0,hold_breath,rejected,mixed_or_unknown_label,not_evaluated,,1590,,,,,,,,,,,,,
session_20260812_131729_hold_breath_off_hold_breath_off_w00010,session_20260812_131729_hold_breath_off_hold_breath_off,/Users/jandonyggarofalo/Documents/Desa/UNI/Semestre7/embebidos/esp-csi/examples/get-started/csi_send/data/raw/session_20260812_131729_hold_breath_off_hold_breath_off.csv,60.0,80.0,hold_breath,rejected,transition_guard,not_evaluated,,1748,,,,,,,,,,,,,
session_20260812_131729_hold_breath_off_hold_breath_off_w00011,session_20260812_131729_hold_breath_off_hold_breath_off,/Users/jandonyggarofalo/Documents/Desa/UNI/Semestre7/embebidos/esp-csi/examples/get-started/csi_send/data/raw/session_20260812_131729_hold_breath_off_hold_breath_off.csv,65.0,85.0,hold_breath,accepted,,ambiguous_breathing_evidence,,2024,54.06,0.0,21.531593215109783,0.4026506530119323,53.47462633922075,11.822885024629231,14,1.8767760309402162,0.4,71.28335078937461,0.8235068917274475,1.3330761663274924,1.2516144270268619
session_20260812_131729_hold_breath_off_hold_breath_off_w00012,session_20260812_131729_hold_breath_off_hold_breath_off,/Users/jandonyggarofalo/Documents/Desa/UNI/Semestre7/embebidos/esp-csi/examples/get-started/csi_send/data/raw/session_20260812_131729_hold_breath_off_hold_breath_off.csv,70.0,90.0,hold_breath,accepted,,ambiguous_breathing_evidence,,2031,62.018,0.0,30.669791870188266,0.5906069651283549,51.929275611355116,31.8330989306772,14,2.2851312044363956,0.30000000000000004,49.59692689861705,0.8189733624458313,1.5028789189534724,1.2516144270268619
session_20260812_131729_hold_breath_off_hold_breath_off_w00013,session_20260812_131729_hold_breath_off_hold_breath_off,/Users/jandonyggarofalo/Documents/Desa/UNI/Semestre7/embebidos/esp-csi/examples/get-started/csi_send/data/raw/session_20260812_131729_hold_breath_off_hold_breath_off.csv,75.0,95.0,hold_breath,rejected,time_gap,not_evaluated,,2034,164.837,,,,,,,,,,,,
session_20260812_131923_hold_breath_off_hold_breath_off_w00000,session_20260812_131923_hold_breath_off_hold_breath_off,/Users/jandonyggarofalo/Documents/Desa/UNI/Semestre7/embebidos/esp-csi/examples/get-started/csi_send/data/raw/session_20260812_131923_hold_breath_off_hold_breath_off.csv,11.406646,31.406646,breathing,rejected,time_gap,not_evaluated,,957,4956.634,,,,,,,,,,,,
session_20260812_131923_hold_breath_off_hold_breath_off_w00001,session_20260812_131923_hold_breath_off_hold_breath_off,/Users/jandonyggarofalo/Documents/Desa/UNI/Semestre7/embebidos/esp-csi/examples/get-started/csi_send/data/raw/session_20260812_131923_hold_breath_off_hold_breath_off.csv,16.406646,36.406646,breathing,rejected,time_gap,not_evaluated,,918,4663.091,,,,,,,,,,,,
session_20260812_131923_hold_breath_off_hold_breath_off_w00002,session_20260812_131923_hold_breath_off_hold_breath_off,/Users/jandonyggarofalo/Documents/Desa/UNI/Semestre7/embebidos/esp-csi/examples/get-started/csi_send/data/raw/session_20260812_131923_hold_breath_off_hold_breath_off.csv,21.406646,41.406646,breathing,rejected,insufficient_samples,not_evaluated,,507,,,,,,,,,,,,,
session_20260812_131923_hold_breath_off_hold_breath_off_w00003,session_20260812_131923_hold_breath_off_hold_breath_off,/Users/jandonyggarofalo/Documents/Desa/UNI/Semestre7/embebidos/esp-csi/examples/get-started/csi_send/data/raw/session_20260812_131923_hold_breath_off_hold_breath_off.csv,26.406646,46.406646,breathing,rejected,insufficient_samples,not_evaluated,,113,,,,,,,,,,,,,
session_20260812_131923_hold_breath_off_hold_breath_off_w00004,session_20260812_131923_hold_breath_off_hold_breath_off,/Users/jandonyggarofalo/Documents/Desa/UNI/Semestre7/embebidos/esp-csi/examples/get-started/csi_send/data/raw/session_20260812_131923_hold_breath_off_hold_breath_off.csv,31.406646,51.406646,breathing,rejected,insufficient_samples,not_evaluated,,585,,,,,,,,,,,,,
session_20260812_131923_hold_breath_off_hold_breath_off_w00005,session_20260812_131923_hold_breath_off_hold_breath_off,/Users/jandonyggarofalo/Documents/Desa/UNI/Semestre7/embebidos/esp-csi/examples/get-started/csi_send/data/raw/session_20260812_131923_hold_breath_off_hold_breath_off.csv,36.406646,56.406646,breathing,rejected,time_gap,not_evaluated,,1052,9648.272,,,,,,,,,,,,
session_20260812_131923_hold_breath_off_hold_breath_off_w00006,session_20260812_131923_hold_breath_off_hold_breath_off,/Users/jandonyggarofalo/Documents/Desa/UNI/Semestre7/embebidos/esp-csi/examples/get-started/csi_send/data/raw/session_20260812_131923_hold_breath_off_hold_breath_off.csv,41.406646,61.406646,breathing,rejected,mixed_or_unknown_label,not_evaluated,,1500,,,,,,,,,,,,,
session_20260812_131923_hold_breath_off_hold_breath_off_w00007,session_20260812_131923_hold_breath_off_hold_breath_off,/Users/jandonyggarofalo/Documents/Desa/UNI/Semestre7/embebidos/esp-csi/examples/get-started/csi_send/data/raw/session_20260812_131923_hold_breath_off_hold_breath_off.csv,46.406646,66.406646,breathing,rejected,mixed_or_unknown_label,not_evaluated,,1697,,,,,,,,,,,,,
session_20260812_131923_hold_breath_off_hold_breath_off_w00008,session_20260812_131923_hold_breath_off_hold_breath_off,/Users/jandonyggarofalo/Documents/Desa/UNI/Semestre7/embebidos/esp-csi/examples/get-started/csi_send/data/raw/session_20260812_131923_hold_breath_off_hold_breath_off.csv,51.406646,71.406646,breathing,rejected,mixed_or_unknown_label,not_evaluated,,1224,,,,,,,,,,,,,
session_20260812_131923_hold_breath_off_hold_breath_off_w00009,session_20260812_131923_hold_breath_off_hold_breath_off,/Users/jandonyggarofalo/Documents/Desa/UNI/Semestre7/embebidos/esp-csi/examples/get-started/csi_send/data/raw/session_20260812_131923_hold_breath_off_hold_breath_off.csv,56.406646,76.406646,hold_breath,rejected,mixed_or_unknown_label,not_evaluated,,759,,,,,,,,,,,,,
session_20260812_131923_hold_breath_off_hold_breath_off_w00010,session_20260812_131923_hold_breath_off_hold_breath_off,/Users/jandonyggarofalo/Documents/Desa/UNI/Semestre7/embebidos/esp-csi/examples/get-started/csi_send/data/raw/session_20260812_131923_hold_breath_off_hold_breath_off.csv,61.406646,81.406646,hold_breath,rejected,transition_guard,not_evaluated,,297,,,,,,,,,,,,,
session_20260812_131923_hold_breath_off_hold_breath_off_w00011,session_20260812_131923_hold_breath_off_hold_breath_off,/Users/jandonyggarofalo/Documents/Desa/UNI/Semestre7/embebidos/esp-csi/examples/get-started/csi_send/data/raw/session_20260812_131923_hold_breath_off_hold_breath_off.csv,66.406646,86.406646,hold_breath,rejected,insufficient_samples,not_evaluated,,131,,,,,,,,,,,,,
session_20260812_131923_hold_breath_off_hold_breath_off_w00012,session_20260812_131923_hold_breath_off_hold_breath_off,/Users/jandonyggarofalo/Documents/Desa/UNI/Semestre7/embebidos/esp-csi/examples/get-started/csi_send/data/raw/session_20260812_131923_hold_breath_off_hold_breath_off.csv,71.406646,91.406646,hold_breath,rejected,insufficient_samples,not_evaluated,,130,,,,,,,,,,,,,
session_20260812_131923_hold_breath_off_hold_breath_off_w00013,session_20260812_131923_hold_breath_off_hold_breath_off,/Users/jandonyggarofalo/Documents/Desa/UNI/Semestre7/embebidos/esp-csi/examples/get-started/csi_send/data/raw/session_20260812_131923_hold_breath_off_hold_breath_off.csv,76.406646,96.406646,hold_breath,rejected,insufficient_samples,not_evaluated,,498,,,,,,,,,,,,,
session_20260812_131923_hold_breath_off_hold_breath_off_w00014,session_20260812_131923_hold_breath_off_hold_breath_off,/Users/jandonyggarofalo/Documents/Desa/UNI/Semestre7/embebidos/esp-csi/examples/get-started/csi_send/data/raw/session_20260812_131923_hold_breath_off_hold_breath_off.csv,81.406646,101.406646,hold_breath,rejected,time_gap,not_evaluated,,969,4899.312,,,,,,,,,,,,
session_20260812_131923_hold_breath_off_hold_breath_off_w00015,session_20260812_131923_hold_breath_off_hold_breath_off,/Users/jandonyggarofalo/Documents/Desa/UNI/Semestre7/embebidos/esp-csi/examples/get-started/csi_send/data/raw/session_20260812_131923_hold_breath_off_hold_breath_off.csv,86.406646,106.406646,hold_breath,rejected,transition_guard,not_evaluated,,1446,,,,,,,,,,,,,
session_20260812_132120_hold_breath_off_hold_breath_off_w00000,session_20260812_132120_hold_breath_off_hold_breath_off,/Users/jandonyggarofalo/Documents/Desa/UNI/Semestre7/embebidos/esp-csi/examples/get-started/csi_send/data/raw/session_20260812_132120_hold_breath_off_hold_breath_off.csv,10.0,30.0,breathing,accepted,,trusted_breathing,breathing,2048,49.001,0.0,14.852647213753418,0.3010416263835678,49.33751983780408,13.895303012513498,12,1.9212463724227185,0.4,43.21595719144275,0.5857400894165039,1.1718038656307384,1.1803208336708466
session_20260812_132120_hold_breath_off_hold_breath_off_w00001,session_20260812_132120_hold_breath_off_hold_breath_off,/Users/jandonyggarofalo/Documents/Desa/UNI/Semestre7/embebidos/esp-csi/examples/get-started/csi_send/data/raw/session_20260812_132120_hold_breath_off_hold_breath_off.csv,15.0,35.0,breathing,accepted,,trusted_breathing,breathing,2039,63.037,0.0,13.882813575242066,0.27756758681833804,50.015975331723624,16.06466737654043,14,2.127451021743617,0.5,29.285427847971516,0.5308109521865845,1.2058717377911718,1.1803208336708466
session_20260812_132120_hold_breath_off_hold_breath_off_w00002,session_20260812_132120_hold_breath_off_hold_breath_off,/Users/jandonyggarofalo/Documents/Desa/UNI/Semestre7/embebidos/esp-csi/examples/get-started/csi_send/data/raw/session_20260812_132120_hold_breath_off_hold_breath_off.csv,20.0,40.0,breathing,accepted,,trusted_breathing,breathing,2033,87.674,0.0,13.493031844290307,0.2684292922318047,50.26661483944161,13.163270571200178,15,2.157713655235746,0.1,37.60275768090454,0.495813250541687,1.1301095453208176,1.1803208336708466
session_20260812_132120_hold_breath_off_hold_breath_off_w00003,session_20260812_132120_hold_breath_off_hold_breath_off,/Users/jandonyggarofalo/Documents/Desa/UNI/Semestre7/embebidos/esp-csi/examples/get-started/csi_send/data/raw/session_20260812_132120_hold_breath_off_hold_breath_off.csv,25.0,45.0,breathing,accepted,,trusted_breathing,breathing,2018,87.674,0.0,33.04863694572087,0.7057525350116821,46.827514328555694,56.86953720850058,10,2.2067264568803697,0.4,85.22368950172549,0.5088520646095276,1.7548796940757683,1.1803208336708466
session_20260812_132120_hold_breath_off_hold_breath_off_w00004,session_20260812_132120_hold_breath_off_hold_breath_off,/Users/jandonyggarofalo/Documents/Desa/UNI/Semestre7/embebidos/esp-csi/examples/get-started/csi_send/data/raw/session_20260812_132120_hold_breath_off_hold_breath_off.csv,30.0,50.0,breathing,accepted,,trusted_breathing,breathing,2016,87.674,0.0,33.58137808919317,0.669333623814298,50.171359833642434,33.1325720847829,12,2.282797932380881,0.35000000000000003,73.068759979075,0.5694736838340759,1.5260985144420565,1.1803208336708466
session_20260812_132120_hold_breath_off_hold_breath_off_w00005,session_20260812_132120_hold_breath_off_hold_breath_off,/Users/jandonyggarofalo/Documents/Desa/UNI/Semestre7/embebidos/esp-csi/examples/get-started/csi_send/data/raw/session_20260812_132120_hold_breath_off_hold_breath_off.csv,35.0,55.0,breathing,accepted,,trusted_breathing,breathing,2025,87.674,0.0,10.20726191681543,0.21677422656343212,47.08706417080219,20.867314979262964,13,2.129780045495426,0.2,26.8563444064822,0.6538823246955872,1.3194665715040133,1.1803208336708466
session_20260812_132120_hold_breath_off_hold_breath_off_w00006,session_20260812_132120_hold_breath_off_hold_breath_off,/Users/jandonyggarofalo/Documents/Desa/UNI/Semestre7/embebidos/esp-csi/examples/get-started/csi_send/data/raw/session_20260812_132120_hold_breath_off_hold_breath_off.csv,40.0,60.0,breathing,rejected,transition_guard,not_evaluated,,2027,,,,,,,,,,,,,
session_20260812_132120_hold_breath_off_hold_breath_off_w00007,session_20260812_132120_hold_breath_off_hold_breath_off,/Users/jandonyggarofalo/Documents/Desa/UNI/Semestre7/embebidos/esp-csi/examples/get-started/csi_send/data/raw/session_20260812_132120_hold_breath_off_hold_breath_off.csv,45.0,65.0,breathing,rejected,mixed_or_unknown_label,not_evaluated,,2037,,,,,,,,,,,,,
session_20260812_132120_hold_breath_off_hold_breath_off_w00008,session_20260812_132120_hold_breath_off_hold_breath_off,/Users/jandonyggarofalo/Documents/Desa/UNI/Semestre7/embebidos/esp-csi/examples/get-started/csi_send/data/raw/session_20260812_132120_hold_breath_off_hold_breath_off.csv,50.0,70.0,breathing,rejected,mixed_or_unknown_label,not_evaluated,,2035,,,,,,,,,,,,,
session_20260812_132120_hold_breath_off_hold_breath_off_w00009,session_20260812_132120_hold_breath_off_hold_breath_off,/Users/jandonyggarofalo/Documents/Desa/UNI/Semestre7/embebidos/esp-csi/examples/get-started/csi_send/data/raw/session_20260812_132120_hold_breath_off_hold_breath_off.csv,55.0,75.0,hold_breath,rejected,mixed_or_unknown_label,not_evaluated,,2038,,,,,,,,,,,,,
session_20260812_132120_hold_breath_off_hold_breath_off_w00010,session_20260812_132120_hold_breath_off_hold_breath_off,/Users/jandonyggarofalo/Documents/Desa/UNI/Semestre7/embebidos/esp-csi/examples/get-started/csi_send/data/raw/session_20260812_132120_hold_breath_off_hold_breath_off.csv,60.0,80.0,hold_breath,rejected,transition_guard,not_evaluated,,2037,,,,,,,,,,,,,
session_20260812_132120_hold_breath_off_hold_breath_off_w00011,session_20260812_132120_hold_breath_off_hold_breath_off,/Users/jandonyggarofalo/Documents/Desa/UNI/Semestre7/embebidos/esp-csi/examples/get-started/csi_send/data/raw/session_20260812_132120_hold_breath_off_hold_breath_off.csv,65.0,85.0,hold_breath,accepted,,ambiguous_breathing_evidence,,2030,85.89,0.0,29.410699953176145,0.5524813674088421,53.233831379798694,25.830407294497785,12,1.9666432979603714,0.25,78.19998512118492,0.7447913289070129,1.4685053605215228,1.1803208336708466
session_20260812_132120_hold_breath_off_hold_breath_off_w00012,session_20260812_132120_hold_breath_off_hold_breath_off,/Users/jandonyggarofalo/Documents/Desa/UNI/Semestre7/embebidos/esp-csi/examples/get-started/csi_send/data/raw/session_20260812_132120_hold_breath_off_hold_breath_off.csv,70.0,90.0,hold_breath,accepted,,ambiguous_breathing_evidence,,2017,85.89,0.0,17.064131905326292,0.34114484864238764,50.020195155179124,15.052709454416894,15,1.9636862137963587,0.45,67.09684773960505,0.6758049726486206,1.2320841995401983,1.1803208336708466
session_20260812_132120_hold_breath_off_hold_breath_off_w00013,session_20260812_132120_hold_breath_off_hold_breath_off,/Users/jandonyggarofalo/Documents/Desa/UNI/Semestre7/embebidos/esp-csi/examples/get-started/csi_send/data/raw/session_20260812_132120_hold_breath_off_hold_breath_off.csv,75.0,95.0,hold_breath,accepted,,ambiguous_breathing_evidence,,2017,85.89,0.0,37.618047598805205,0.7272840034639889,51.72401347971641,13.698300455796936,17,1.7243582039672036,0.45,148.45083623836047,0.6569556593894958,1.5753962516325348,1.1803208336708466
session_20260812_132120_hold_breath_off_hold_breath_off_w00014,session_20260812_132120_hold_breath_off_hold_breath_off,/Users/jandonyggarofalo/Documents/Desa/UNI/Semestre7/embebidos/esp-csi/examples/get-started/csi_send/data/raw/session_20260812_132120_hold_breath_off_hold_breath_off.csv,80.0,100.0,hold_breath,accepted,,ambiguous_breathing_evidence,,2007,85.89,0.0,36.808622939505184,0.7196422067566527,51.148504901270876,28.764580144349726,14,2.129204372060769,0.45,88.15513028046796,0.6704862713813782,1.5659495702051427,1.1803208336708466
session_20260812_132120_hold_breath_off_hold_breath_off_w00015,session_20260812_132120_hold_breath_off_hold_breath_off,/Users/jandonyggarofalo/Documents/Desa/UNI/Semestre7/embebidos/esp-csi/examples/get-started/csi_send/data/raw/session_20260812_132120_hold_breath_off_hold_breath_off.csv,85.0,105.0,hold_breath,accepted,,ambiguous_breathing_evidence,,2019,79.732,0.0,24.72074359432093,0.4752117311274589,52.02048260807441,24.787910281049022,12,2.14225059663896,0.4,58.56551312728974,0.6861699819564819,1.3942399155672243,1.1803208336708466
session_20260812_132120_hold_breath_off_hold_breath_off_w00016,session_20260812_132120_hold_breath_off_hold_breath_off,/Users/jandonyggarofalo/Documents/Desa/UNI/Semestre7/embebidos/esp-csi/examples/get-started/csi_send/data/raw/session_20260812_132120_hold_breath_off_hold_breath_off.csv,90.0,110.0,hold_breath,accepted,,ambiguous_breathing_evidence,,2038,79.732,0.0,15.041487013796083,0.2944177033061748,51.08893536236457,16.67577656376094,14,2.1414254740276446,0.45,29.774406761319305,0.6892437934875488,1.222086067446384,1.1803208336708466
session_20260812_132120_hold_breath_off_hold_breath_off_w00017,session_20260812_132120_hold_breath_off_hold_breath_off,/Users/jandonyggarofalo/Documents/Desa/UNI/Semestre7/embebidos/esp-csi/examples/get-started/csi_send/data/raw/session_20260812_132120_hold_breath_off_hold_breath_off.csv,95.0,115.0,hold_breath,accepted,,ambiguous_breathing_evidence,,2029,63.023,0.0,19.67843263884648,0.3659522143359171,53.77323013197936,9.545705153024123,14,2.00821479368393,0.30000000000000004,47.187978551226905,0.6785125732421875,1.2939905044912958,1.1803208336708466
session_20260812_132357_hold_breath_off_hold_breath_off_w00000,session_20260812_132357_hold_breath_off_hold_breath_off,/Users/jandonyggarofalo/Documents/Desa/UNI/Semestre7/embebidos/esp-csi/examples/get-started/csi_send/data/raw/session_20260812_132357_hold_breath_off_hold_breath_off.csv,10.0,30.0,breathing,accepted,,trusted_breathing,breathing,2034,60.49,0.0,25.60364646011202,0.5370051700636819,47.678584653157216,38.22338820550743,13,2.1864013959045034,0.45,56.97800300081869,0.8330612778663635,1.582329181246895,1.567986356785404
session_20260812_132357_hold_breath_off_hold_breath_off_w00001,session_20260812_132357_hold_breath_off_hold_breath_off,/Users/jandonyggarofalo/Documents/Desa/UNI/Semestre7/embebidos/esp-csi/examples/get-started/csi_send/data/raw/session_20260812_132357_hold_breath_off_hold_breath_off.csv,15.0,35.0,breathing,accepted,,trusted_breathing,breathing,2030,46.596,0.0,38.82052269181162,0.72828506890426,53.30402111657412,24.394076323513296,13,2.1017000930853253,0.25,80.77097626101414,0.8303064107894897,1.589061378570163,1.567986356785404
session_20260812_132357_hold_breath_off_hold_breath_off_w00002,session_20260812_132357_hold_breath_off_hold_breath_off,/Users/jandonyggarofalo/Documents/Desa/UNI/Semestre7/embebidos/esp-csi/examples/get-started/csi_send/data/raw/session_20260812_132357_hold_breath_off_hold_breath_off.csv,20.0,40.0,breathing,accepted,,trusted_breathing,breathing,2031,46.596,0.0,67.56788817011324,1.2517142795363219,53.98028070358735,36.11047924957573,11,2.155135344904186,0.25,129.32579688595686,0.825814425945282,1.8297403452917238,1.567986356785404
session_20260812_132357_hold_breath_off_hold_breath_off_w00003,session_20260812_132357_hold_breath_off_hold_breath_off,/Users/jandonyggarofalo/Documents/Desa/UNI/Semestre7/embebidos/esp-csi/examples/get-started/csi_send/data/raw/session_20260812_132357_hold_breath_off_hold_breath_off.csv,25.0,45.0,breathing,accepted,,trusted_breathing,breathing,2026,88.096,0.0,36.57677538067975,0.7058977918357194,51.815965149159,31.71960024122735,13,2.2416401133382067,0.4,93.83741290461768,0.8193374276161194,1.5632054152982404,1.567986356785404
session_20260812_132357_hold_breath_off_hold_breath_off_w00004,session_20260812_132357_hold_breath_off_hold_breath_off,/Users/jandonyggarofalo/Documents/Desa/UNI/Semestre7/embebidos/esp-csi/examples/get-started/csi_send/data/raw/session_20260812_132357_hold_breath_off_hold_breath_off.csv,30.0,50.0,breathing,accepted,,trusted_breathing,breathing,2034,88.096,0.0,13.562725224466751,0.28371128887163277,47.80467241314286,18.517149959043994,11,2.1105876483642008,0.35000000000000003,40.1526256138707,0.8468586802482605,1.2675741436683299,1.567986356785404
session_20260812_132357_hold_breath_off_hold_breath_off_w00005,session_20260812_132357_hold_breath_off_hold_breath_off,/Users/jandonyggarofalo/Documents/Desa/UNI/Semestre7/embebidos/esp-csi/examples/get-started/csi_send/data/raw/session_20260812_132357_hold_breath_off_hold_breath_off.csv,35.0,55.0,breathing,accepted,,trusted_breathing,breathing,2034,88.096,0.0,21.165053653206744,0.4544502371425198,46.57287404280222,43.28490720390556,10,2.1202065378888513,0.15000000000000002,52.477897317013124,0.8312504887580872,1.6363364907946387,1.567986356785404
session_20260812_132357_hold_breath_off_hold_breath_off_w00006,session_20260812_132357_hold_breath_off_hold_breath_off,/Users/jandonyggarofalo/Documents/Desa/UNI/Semestre7/embebidos/esp-csi/examples/get-started/csi_send/data/raw/session_20260812_132357_hold_breath_off_hold_breath_off.csv,40.0,60.0,breathing,rejected,transition_guard,not_evaluated,,2034,,,,,,,,,,,,,
session_20260812_132357_hold_breath_off_hold_breath_off_w00007,session_20260812_132357_hold_breath_off_hold_breath_off,/Users/jandonyggarofalo/Documents/Desa/UNI/Semestre7/embebidos/esp-csi/examples/get-started/csi_send/data/raw/session_20260812_132357_hold_breath_off_hold_breath_off.csv,45.0,65.0,breathing,rejected,mixed_or_unknown_label,not_evaluated,,2049,,,,,,,,,,,,,
session_20260812_132357_hold_breath_off_hold_breath_off_w00008,session_20260812_132357_hold_breath_off_hold_breath_off,/Users/jandonyggarofalo/Documents/Desa/UNI/Semestre7/embebidos/esp-csi/examples/get-started/csi_send/data/raw/session_20260812_132357_hold_breath_off_hold_breath_off.csv,50.0,70.0,hold_breath,rejected,mixed_or_unknown_label,not_evaluated,,2045,,,,,,,,,,,,,
session_20260812_132357_hold_breath_off_hold_breath_off_w00009,session_20260812_132357_hold_breath_off_hold_breath_off,/Users/jandonyggarofalo/Documents/Desa/UNI/Semestre7/embebidos/esp-csi/examples/get-started/csi_send/data/raw/session_20260812_132357_hold_breath_off_hold_breath_off.csv,55.0,75.0,hold_breath,rejected,mixed_or_unknown_label,not_evaluated,,2048,,,,,,,,,,,,,
session_20260812_132357_hold_breath_off_hold_breath_off_w00010,session_20260812_132357_hold_breath_off_hold_breath_off,/Users/jandonyggarofalo/Documents/Desa/UNI/Semestre7/embebidos/esp-csi/examples/get-started/csi_send/data/raw/session_20260812_132357_hold_breath_off_hold_breath_off.csv,60.0,80.0,hold_breath,rejected,transition_guard,not_evaluated,,2056,,,,,,,,,,,,,
session_20260812_132357_hold_breath_off_hold_breath_off_w00011,session_20260812_132357_hold_breath_off_hold_breath_off,/Users/jandonyggarofalo/Documents/Desa/UNI/Semestre7/embebidos/esp-csi/examples/get-started/csi_send/data/raw/session_20260812_132357_hold_breath_off_hold_breath_off.csv,65.0,85.0,hold_breath,accepted,,ambiguous_breathing_evidence,,2051,63.366,0.0,40.754897171315186,0.7692922607757486,52.977131383286334,20.19752980187736,12,1.8629016908485294,0.35000000000000003,85.81458335827561,0.8574590682983398,1.6101798017065176,1.567986356785404
session_20260812_132357_hold_breath_off_hold_breath_off_w00012,session_20260812_132357_hold_breath_off_hold_breath_off,/Users/jandonyggarofalo/Documents/Desa/UNI/Semestre7/embebidos/esp-csi/examples/get-started/csi_send/data/raw/session_20260812_132357_hold_breath_off_hold_breath_off.csv,70.0,90.0,hold_breath,accepted,,ambiguous_breathing_evidence,,2049,63.366,0.0,49.70903162739877,0.9773187427928073,50.86266071731961,61.933802032310744,13,1.9974871475494278,0.30000000000000004,126.84041511831647,0.8551236987113953,1.791927741578592,1.567986356785404
session_20260812_132357_hold_breath_off_hold_breath_off_w00013,session_20260812_132357_hold_breath_off_hold_breath_off,/Users/jandonyggarofalo/Documents/Desa/UNI/Semestre7/embebidos/esp-csi/examples/get-started/csi_send/data/raw/session_20260812_132357_hold_breath_off_hold_breath_off.csv,75.0,95.0,hold_breath,accepted,,ambiguous_breathing_evidence,,2050,63.366,0.0,43.375890831387636,0.7854707445378061,55.22279618046889,23.29093611810097,14,1.708608413616491,0.4,154.28938640523796,0.8575130701065063,1.6372484072037385,1.567986356785404
session_20260812_132357_hold_breath_off_hold_breath_off_w00014,session_20260812_132357_hold_breath_off_hold_breath_off,/Users/jandonyggarofalo/Documents/Desa/UNI/Semestre7/embebidos/esp-csi/examples/get-started/csi_send/data/raw/session_20260812_132357_hold_breath_off_hold_breath_off.csv,80.0,100.0,hold_breath,accepted,,ambiguous_breathing_evidence,,2046,60.333,0.0,78.89880780496156,1.4207171768018347,55.534492785196356,24.58760321756124,16,1.3569941305709612,0.4,321.29500095960833,0.8036813139915466,1.8970704408819437,1.567986356785404
session_20260812_132357_hold_breath_off_hold_breath_off_w00015,session_20260812_132357_hold_breath_off_hold_breath_off,/Users/jandonyggarofalo/Documents/Desa/UNI/Semestre7/embebidos/esp-csi/examples/get-started/csi_send/data/raw/session_20260812_132357_hold_breath_off_hold_breath_off.csv,85.0,105.0,hold_breath,accepted,,ambiguous_breathing_evidence,,2050,60.333,0.0,63.247726656810045,1.1840309193761729,53.417293097446965,38.88763971353782,12,1.715588835878608,0.4,217.44210005860222,0.8337903022766113,1.8010449200748007,1.567986356785404
session_20260812_132357_hold_breath_off_hold_breath_off_w00016,session_20260812_132357_hold_breath_off_hold_breath_off,/Users/jandonyggarofalo/Documents/Desa/UNI/Semestre7/embebidos/esp-csi/examples/get-started/csi_send/data/raw/session_20260812_132357_hold_breath_off_hold_breath_off.csv,90.0,110.0,hold_breath,accepted,,high_confidence_hold,hold_breath,2048,60.333,0.0,24.60395328628397,0.49560778527517474,49.64400079505118,35.67616315916981,14,2.197731152823267,0.4,69.3619154908481,0.8347684144973755,1.5523781414327824,1.567986356785404
session_20260812_132610_hold_breath_off_hold_breath_off_w00000,session_20260812_132610_hold_breath_off_hold_breath_off,/Users/jandonyggarofalo/Documents/Desa/UNI/Semestre7/embebidos/esp-csi/examples/get-started/csi_send/data/raw/session_20260812_132610_hold_breath_off_hold_breath_off.csv,10.0,30.0,breathing,rejected,time_gap,not_evaluated,,2014,102.599,,,,,,,,,,,,
session_20260812_132610_hold_breath_off_hold_breath_off_w00001,session_20260812_132610_hold_breath_off_hold_breath_off,/Users/jandonyggarofalo/Documents/Desa/UNI/Semestre7/embebidos/esp-csi/examples/get-started/csi_send/data/raw/session_20260812_132610_hold_breath_off_hold_breath_off.csv,15.0,35.0,breathing,rejected,time_gap,not_evaluated,,2005,102.599,,,,,,,,,,,,
session_20260812_132610_hold_breath_off_hold_breath_off_w00002,session_20260812_132610_hold_breath_off_hold_breath_off,/Users/jandonyggarofalo/Documents/Desa/UNI/Semestre7/embebidos/esp-csi/examples/get-started/csi_send/data/raw/session_20260812_132610_hold_breath_off_hold_breath_off.csv,20.0,40.0,breathing,rejected,time_gap,not_evaluated,,2009,102.599,,,,,,,,,,,,
session_20260812_132610_hold_breath_off_hold_breath_off_w00003,session_20260812_132610_hold_breath_off_hold_breath_off,/Users/jandonyggarofalo/Documents/Desa/UNI/Semestre7/embebidos/esp-csi/examples/get-started/csi_send/data/raw/session_20260812_132610_hold_breath_off_hold_breath_off.csv,25.0,45.0,breathing,accepted,,trusted_breathing,breathing,2018,78.538,0.0,21.619153738442364,0.41902257070530313,51.59424634811721,28.777992500044316,13,2.1458745789102296,0.1,55.008179498690446,0.8423227667808533,1.4590604950710093,1.5595824969799286
session_20260812_132610_hold_breath_off_hold_breath_off_w00004,session_20260812_132610_hold_breath_off_hold_breath_off,/Users/jandonyggarofalo/Documents/Desa/UNI/Semestre7/embebidos/esp-csi/examples/get-started/csi_send/data/raw/session_20260812_132610_hold_breath_off_hold_breath_off.csv,30.0,50.0,breathing,accepted,,trusted_breathing,breathing,2024,78.538,0.0,45.71981863036241,0.886911510711934,51.54947035653088,41.05926951136509,15,1.925634015193537,0.35000000000000003,119.83471696303565,0.8499675989151001,1.660104498888848,1.5595824969799286
session_20260812_132610_hold_breath_off_hold_breath_off_w00005,session_20260812_132610_hold_breath_off_hold_breath_off,/Users/jandonyggarofalo/Documents/Desa/UNI/Semestre7/embebidos/esp-csi/examples/get-started/csi_send/data/raw/session_20260812_132610_hold_breath_off_hold_breath_off.csv,35.0,55.0,breathing,accepted,,trusted_breathing,breathing,2030,78.538,0.0,57.02294475944905,1.0323409165914683,55.23654428778171,21.032828889478086,11,1.8908403526252466,0.45,126.99773536644437,0.838609516620636,1.7560496412399624,1.5595824969799286
session_20260812_132610_hold_breath_off_hold_breath_off_w00006,session_20260812_132610_hold_breath_off_hold_breath_off,/Users/jandonyggarofalo/Documents/Desa/UNI/Semestre7/embebidos/esp-csi/examples/get-started/csi_send/data/raw/session_20260812_132610_hold_breath_off_hold_breath_off.csv,40.0,60.0,breathing,rejected,transition_guard,not_evaluated,,2037,,,,,,,,,,,,,
session_20260812_132610_hold_breath_off_hold_breath_off_w00007,session_20260812_132610_hold_breath_off_hold_breath_off,/Users/jandonyggarofalo/Documents/Desa/UNI/Semestre7/embebidos/esp-csi/examples/get-started/csi_send/data/raw/session_20260812_132610_hold_breath_off_hold_breath_off.csv,45.0,65.0,breathing,rejected,mixed_or_unknown_label,not_evaluated,,2027,,,,,,,,,,,,,
session_20260812_132610_hold_breath_off_hold_breath_off_w00008,session_20260812_132610_hold_breath_off_hold_breath_off,/Users/jandonyggarofalo/Documents/Desa/UNI/Semestre7/embebidos/esp-csi/examples/get-started/csi_send/data/raw/session_20260812_132610_hold_breath_off_hold_breath_off.csv,50.0,70.0,breathing,rejected,mixed_or_unknown_label,not_evaluated,,2021,,,,,,,,,,,,,
session_20260812_132610_hold_breath_off_hold_breath_off_w00009,session_20260812_132610_hold_breath_off_hold_breath_off,/Users/jandonyggarofalo/Documents/Desa/UNI/Semestre7/embebidos/esp-csi/examples/get-started/csi_send/data/raw/session_20260812_132610_hold_breath_off_hold_breath_off.csv,55.0,75.0,hold_breath,rejected,mixed_or_unknown_label,not_evaluated,,2022,,,,,,,,,,,,,
session_20260812_132610_hold_breath_off_hold_breath_off_w00010,session_20260812_132610_hold_breath_off_hold_breath_off,/Users/jandonyggarofalo/Documents/Desa/UNI/Semestre7/embebidos/esp-csi/examples/get-started/csi_send/data/raw/session_20260812_132610_hold_breath_off_hold_breath_off.csv,60.0,80.0,hold_breath,rejected,transition_guard,not_evaluated,,2034,,,,,,,,,,,,,
session_20260812_132610_hold_breath_off_hold_breath_off_w00011,session_20260812_132610_hold_breath_off_hold_breath_off,/Users/jandonyggarofalo/Documents/Desa/UNI/Semestre7/embebidos/esp-csi/examples/get-started/csi_send/data/raw/session_20260812_132610_hold_breath_off_hold_breath_off.csv,65.0,85.0,hold_breath,accepted,,ambiguous_breathing_evidence,,2027,69.971,0.0,24.394393350853793,0.5060290166224959,48.20749907510564,42.00106720128252,11,2.263456678729676,0.4,52.47277886344652,0.7692694664001465,1.623260325486953,1.5595824969799286
session_20260812_132610_hold_breath_off_hold_breath_off_w00012,session_20260812_132610_hold_breath_off_hold_breath_off,/Users/jandonyggarofalo/Documents/Desa/UNI/Semestre7/embebidos/esp-csi/examples/get-started/csi_send/data/raw/session_20260812_132610_hold_breath_off_hold_breath_off.csv,70.0,90.0,hold_breath,accepted,,ambiguous_breathing_evidence,,2024,69.971,0.0,42.9925301107842,0.8099469014871082,53.080677303406446,27.22564503706508,13,2.135582264558698,0.45,101.75046252853754,0.7912284135818481,1.633393004103269,1.5595824969799286
session_20260812_132610_hold_breath_off_hold_breath_off_w00013,session_20260812_132610_hold_breath_off_hold_breath_off,/Users/jandonyggarofalo/Documents/Desa/UNI/Semestre7/embebidos/esp-csi/examples/get-started/csi_send/data/raw/session_20260812_132610_hold_breath_off_hold_breath_off.csv,75.0,95.0,hold_breath,rejected,time_gap,not_evaluated,,2030,116.296,,,,,,,,,,,,
session_20260812_132610_hold_breath_off_hold_breath_off_w00014,session_20260812_132610_hold_breath_off_hold_breath_off,/Users/jandonyggarofalo/Documents/Desa/UNI/Semestre7/embebidos/esp-csi/examples/get-started/csi_send/data/raw/session_20260812_132610_hold_breath_off_hold_breath_off.csv,80.0,100.0,hold_breath,rejected,time_gap,not_evaluated,,2014,116.296,,,,,,,,,,,,
session_20260812_132610_hold_breath_off_hold_breath_off_w00015,session_20260812_132610_hold_breath_off_hold_breath_off,/Users/jandonyggarofalo/Documents/Desa/UNI/Semestre7/embebidos/esp-csi/examples/get-started/csi_send/data/raw/session_20260812_132610_hold_breath_off_hold_breath_off.csv,85.0,105.0,hold_breath,rejected,time_gap,not_evaluated,,2032,116.296,,,,,,,,,,,,
session_20260812_133128_hold_breath_off_hold_breath_off_w00000,session_20260812_133128_hold_breath_off_hold_breath_off,/Users/jandonyggarofalo/Documents/Desa/UNI/Semestre7/embebidos/esp-csi/examples/get-started/csi_send/data/raw/session_20260812_133128_hold_breath_off_hold_breath_off.csv,10.0,30.0,breathing,rejected,time_gap,not_evaluated,,1942,240.293,,,,,,,,,,,,
session_20260812_133128_hold_breath_off_hold_breath_off_w00001,session_20260812_133128_hold_breath_off_hold_breath_off,/Users/jandonyggarofalo/Documents/Desa/UNI/Semestre7/embebidos/esp-csi/examples/get-started/csi_send/data/raw/session_20260812_133128_hold_breath_off_hold_breath_off.csv,15.0,35.0,breathing,rejected,time_gap,not_evaluated,,1474,3749.736,,,,,,,,,,,,
session_20260812_133128_hold_breath_off_hold_breath_off_w00002,session_20260812_133128_hold_breath_off_hold_breath_off,/Users/jandonyggarofalo/Documents/Desa/UNI/Semestre7/embebidos/esp-csi/examples/get-started/csi_send/data/raw/session_20260812_133128_hold_breath_off_hold_breath_off.csv,20.0,40.0,breathing,rejected,time_gap,not_evaluated,,1157,4859.298,,,,,,,,,,,,
session_20260812_133128_hold_breath_off_hold_breath_off_w00003,session_20260812_133128_hold_breath_off_hold_breath_off,/Users/jandonyggarofalo/Documents/Desa/UNI/Semestre7/embebidos/esp-csi/examples/get-started/csi_send/data/raw/session_20260812_133128_hold_breath_off_hold_breath_off.csv,25.0,45.0,breathing,rejected,time_gap,not_evaluated,,1162,4859.298,,,,,,,,,,,,
session_20260812_133128_hold_breath_off_hold_breath_off_w00004,session_20260812_133128_hold_breath_off_hold_breath_off,/Users/jandonyggarofalo/Documents/Desa/UNI/Semestre7/embebidos/esp-csi/examples/get-started/csi_send/data/raw/session_20260812_133128_hold_breath_off_hold_breath_off.csv,30.0,50.0,breathing,rejected,time_gap,not_evaluated,,1208,4859.298,,,,,,,,,,,,
session_20260812_133128_hold_breath_off_hold_breath_off_w00005,session_20260812_133128_hold_breath_off_hold_breath_off,/Users/jandonyggarofalo/Documents/Desa/UNI/Semestre7/embebidos/esp-csi/examples/get-started/csi_send/data/raw/session_20260812_133128_hold_breath_off_hold_breath_off.csv,35.0,55.0,breathing,rejected,time_gap,not_evaluated,,1682,113.897,,,,,,,,,,,,
session_20260812_133128_hold_breath_off_hold_breath_off_w00006,session_20260812_133128_hold_breath_off_hold_breath_off,/Users/jandonyggarofalo/Documents/Desa/UNI/Semestre7/embebidos/esp-csi/examples/get-started/csi_send/data/raw/session_20260812_133128_hold_breath_off_hold_breath_off.csv,40.0,60.0,breathing,rejected,transition_guard,not_evaluated,,1999,,,,,,,,,,,,,
session_20260812_133128_hold_breath_off_hold_breath_off_w00007,session_20260812_133128_hold_breath_off_hold_breath_off,/Users/jandonyggarofalo/Documents/Desa/UNI/Semestre7/embebidos/esp-csi/examples/get-started/csi_send/data/raw/session_20260812_133128_hold_breath_off_hold_breath_off.csv,45.0,65.0,breathing,rejected,mixed_or_unknown_label,not_evaluated,,2008,,,,,,,,,,,,,
session_20260812_133128_hold_breath_off_hold_breath_off_w00008,session_20260812_133128_hold_breath_off_hold_breath_off,/Users/jandonyggarofalo/Documents/Desa/UNI/Semestre7/embebidos/esp-csi/examples/get-started/csi_send/data/raw/session_20260812_133128_hold_breath_off_hold_breath_off.csv,50.0,70.0,breathing,rejected,mixed_or_unknown_label,not_evaluated,,2005,,,,,,,,,,,,,
session_20260812_133128_hold_breath_off_hold_breath_off_w00009,session_20260812_133128_hold_breath_off_hold_breath_off,/Users/jandonyggarofalo/Documents/Desa/UNI/Semestre7/embebidos/esp-csi/examples/get-started/csi_send/data/raw/session_20260812_133128_hold_breath_off_hold_breath_off.csv,55.0,75.0,hold_breath,rejected,mixed_or_unknown_label,not_evaluated,,1994,,,,,,,,,,,,,
session_20260812_133128_hold_breath_off_hold_breath_off_w00010,session_20260812_133128_hold_breath_off_hold_breath_off,/Users/jandonyggarofalo/Documents/Desa/UNI/Semestre7/embebidos/esp-csi/examples/get-started/csi_send/data/raw/session_20260812_133128_hold_breath_off_hold_breath_off.csv,60.0,80.0,hold_breath,rejected,transition_guard,not_evaluated,,1992,,,,,,,,,,,,,
session_20260812_133128_hold_breath_off_hold_breath_off_w00011,session_20260812_133128_hold_breath_off_hold_breath_off,/Users/jandonyggarofalo/Documents/Desa/UNI/Semestre7/embebidos/esp-csi/examples/get-started/csi_send/data/raw/session_20260812_133128_hold_breath_off_hold_breath_off.csv,65.0,85.0,hold_breath,accepted,,not_evaluated,,1992,54.133,0.0,36.86589889487877,0.6814156494560193,54.101925783851705,25.664608891295348,14,1.777982245071186,0.4,129.5976358417644,0.6984001994132996,1.5666248276959656,
session_20260812_133128_hold_breath_off_hold_breath_off_w00012,session_20260812_133128_hold_breath_off_hold_breath_off,/Users/jandonyggarofalo/Documents/Desa/UNI/Semestre7/embebidos/esp-csi/examples/get-started/csi_send/data/raw/session_20260812_133128_hold_breath_off_hold_breath_off.csv,70.0,90.0,hold_breath,accepted,,not_evaluated,,1992,54.133,0.0,37.73102052164094,0.6996923816253504,53.925155557560515,14.806750249268962,13,1.6727845842156106,0.4,130.17837876167474,0.6752766370773315,1.5766985518462098,
session_20260812_133128_hold_breath_off_hold_breath_off_w00013,session_20260812_133128_hold_breath_off_hold_breath_off,/Users/jandonyggarofalo/Documents/Desa/UNI/Semestre7/embebidos/esp-csi/examples/get-started/csi_send/data/raw/session_20260812_133128_hold_breath_off_hold_breath_off.csv,75.0,95.0,hold_breath,accepted,,not_evaluated,,1993,56.003,0.0,31.407185420534077,0.6045479877715573,51.951517589617836,31.47490645178225,16,1.928057596114865,0.4,113.27754013157855,0.6828685402870178,1.4979644479924592,
session_20260812_133128_hold_breath_off_hold_breath_off_w00014,session_20260812_133128_hold_breath_off_hold_breath_off,/Users/jandonyggarofalo/Documents/Desa/UNI/Semestre7/embebidos/esp-csi/examples/get-started/csi_send/data/raw/session_20260812_133128_hold_breath_off_hold_breath_off.csv,80.0,100.0,hold_breath,accepted,,not_evaluated,,1992,56.003,0.0,16.911058957604368,0.3341966717095237,50.60211662506466,20.779340050732014,16,2.083393785618195,0.45,42.13548536782178,0.7145172953605652,1.3176317503012198,
session_20260812_133128_hold_breath_off_hold_breath_off_w00015,session_20260812_133128_hold_breath_off_hold_breath_off,/Users/jandonyggarofalo/Documents/Desa/UNI/Semestre7/embebidos/esp-csi/examples/get-started/csi_send/data/raw/session_20260812_133128_hold_breath_off_hold_breath_off.csv,85.0,105.0,hold_breath,accepted,,not_evaluated,,1982,56.003,0.0,25.23565735735853,0.4648659156695964,54.28588439519084,15.55042402040714,16,1.7315624541874368,0.45,101.9556176292053,0.7409045100212097,1.4020146220459506,
session_20260812_133128_hold_breath_off_hold_breath_off_w00016,session_20260812_133128_hold_breath_off_hold_breath_off,/Users/jandonyggarofalo/Documents/Desa/UNI/Semestre7/embebidos/esp-csi/examples/get-started/csi_send/data/raw/session_20260812_133128_hold_breath_off_hold_breath_off.csv,90.0,110.0,hold_breath,accepted,,not_evaluated,,2000,56.003,0.0,49.77232042971381,0.9285965907014655,53.599508040474284,21.583721710703013,14,2.132640405903778,0.35000000000000003,85.11947284263329,0.7057409882545471,1.6969878884098726,
session_20260812_133128_hold_breath_off_hold_breath_off_w00017,session_20260812_133128_hold_breath_off_hold_breath_off,/Users/jandonyggarofalo/Documents/Desa/UNI/Semestre7/embebidos/esp-csi/examples/get-started/csi_send/data/raw/session_20260812_133128_hold_breath_off_hold_breath_off.csv,95.0,115.0,hold_breath,accepted,,not_evaluated,,2007,48.07,0.0,73.26071065394882,1.430630753107559,51.20867875569123,51.66837418140677,16,2.102922919268836,0.25,158.42323568721298,0.7236916422843933,1.86487112715397,
session_20260812_133128_hold_breath_off_hold_breath_off_w00018,session_20260812_133128_hold_breath_off_hold_breath_off,/Users/jandonyggarofalo/Documents/Desa/UNI/Semestre7/embebidos/esp-csi/examples/get-started/csi_send/data/raw/session_20260812_133128_hold_breath_off_hold_breath_off.csv,100.0,120.0,hold_breath,rejected,time_gap,not_evaluated,,1793,183.154,,,,,,,,,,,,
session_20260812_133128_hold_breath_off_hold_breath_off_w00019,session_20260812_133128_hold_breath_off_hold_breath_off,/Users/jandonyggarofalo/Documents/Desa/UNI/Semestre7/embebidos/esp-csi/examples/get-started/csi_send/data/raw/session_20260812_133128_hold_breath_off_hold_breath_off.csv,105.0,125.0,hold_breath,rejected,time_gap,not_evaluated,,1835,1905.177,,,,,,,,,,,,
session_20260812_133128_hold_breath_off_hold_breath_off_w00020,session_20260812_133128_hold_breath_off_hold_breath_off,/Users/jandonyggarofalo/Documents/Desa/UNI/Semestre7/embebidos/esp-csi/examples/get-started/csi_send/data/raw/session_20260812_133128_hold_breath_off_hold_breath_off.csv,110.0,130.0,hold_breath,rejected,time_gap,not_evaluated,,1824,1905.177,,,,,,,,,,,,
session_20260812_133631_hold_breath_off_hold_breath_off_w00000,session_20260812_133631_hold_breath_off_hold_breath_off,/Users/jandonyggarofalo/Documents/Desa/UNI/Semestre7/embebidos/esp-csi/examples/get-started/csi_send/data/raw/session_20260812_133631_hold_breath_off_hold_breath_off.csv,10.0,30.0,breathing,accepted,,trusted_breathing,breathing,2001,89.81,0.0,33.46414678483164,0.7338398863078254,45.601428062399926,88.8524180315768,8,1.8173599696470728,0.1,116.46265414847146,0.7210618257522583,1.9486692512013308,1.5910391934651085
session_20260812_133631_hold_breath_off_hold_breath_off_w00001,session_20260812_133631_hold_breath_off_hold_breath_off,/Users/jandonyggarofalo/Documents/Desa/UNI/Semestre7/embebidos/esp-csi/examples/get-started/csi_send/data/raw/session_20260812_133631_hold_breath_off_hold_breath_off.csv,15.0,35.0,breathing,accepted,,trusted_breathing,breathing,2008,89.81,0.0,22.003996150183568,0.40408406013420944,54.45400677973012,10.200476296521172,13,1.9986418335305924,0.30000000000000004,56.34138123582671,0.6818233132362366,1.342501560293646,1.5910391934651085
session_20260812_133631_hold_breath_off_hold_breath_off_w00002,session_20260812_133631_hold_breath_off_hold_breath_off,/Users/jandonyggarofalo/Documents/Desa/UNI/Semestre7/embebidos/esp-csi/examples/get-started/csi_send/data/raw/session_20260812_133631_hold_breath_off_hold_breath_off.csv,20.0,40.0,breathing,accepted,,trusted_breathing,breathing,2001,79.202,0.0,25.1305139766296,0.49901795239678565,50.359939669258914,37.575638709929265,12,2.125625809037601,0.35000000000000003,54.933198951753624,0.6795528531074524,1.5749063714503155,1.5910391934651085
session_20260812_133631_hold_breath_off_hold_breath_off_w00003,session_20260812_133631_hold_breath_off_hold_breath_off,/Users/jandonyggarofalo/Documents/Desa/UNI/Semestre7/embebidos/esp-csi/examples/get-started/csi_send/data/raw/session_20260812_133631_hold_breath_off_hold_breath_off.csv,25.0,45.0,breathing,accepted,,trusted_breathing,breathing,1992,79.202,0.0,37.334323631716956,0.776394257811956,48.086810606875076,61.403596492925814,13,2.268620283826633,0.30000000000000004,69.42517210939378,0.6458142399787903,1.7881938091100444,1.5910391934651085
session_20260812_133631_hold_breath_off_hold_breath_off_w00004,session_20260812_133631_hold_breath_off_hold_breath_off,/Users/jandonyggarofalo/Documents/Desa/UNI/Semestre7/embebidos/esp-csi/examples/get-started/csi_send/data/raw/session_20260812_133631_hold_breath_off_hold_breath_off.csv,30.0,50.0,breathing,accepted,,trusted_breathing,breathing,1993,58.531,0.0,33.183311335240816,0.6468173351797185,51.30244588446214,43.595098123727354,14,1.8744888798496138,0.30000000000000004,153.20197671781915,0.646795392036438,1.6394376595094873,1.5910391934651085
session_20260812_133631_hold_breath_off_hold_breath_off_w00005,session_20260812_133631_hold_breath_off_hold_breath_off,/Users/jandonyggarofalo/Documents/Desa/UNI/Semestre7/embebidos/esp-csi/examples/get-started/csi_send/data/raw/session_20260812_133631_hold_breath_off_hold_breath_off.csv,35.0,55.0,breathing,accepted,,trusted_breathing,breathing,1985,94.237,0.0,63.64263998098267,1.181851655630411,53.84993935383643,44.18060787152052,12,1.917472753047595,0.30000000000000004,188.62776543351669,0.6796280145645142,1.803748186458413,1.5910391934651085
session_20260812_133631_hold_breath_off_hold_breath_off_w00006,session_20260812_133631_hold_breath_off_hold_breath_off,/Users/jandonyggarofalo/Documents/Desa/UNI/Semestre7/embebidos/esp-csi/examples/get-started/csi_send/data/raw/session_20260812_133631_hold_breath_off_hold_breath_off.csv,40.0,60.0,breathing,rejected,transition_guard,not_evaluated,,2001,,,,,,,,,,,,,
session_20260812_133631_hold_breath_off_hold_breath_off_w00007,session_20260812_133631_hold_breath_off_hold_breath_off,/Users/jandonyggarofalo/Documents/Desa/UNI/Semestre7/embebidos/esp-csi/examples/get-started/csi_send/data/raw/session_20260812_133631_hold_breath_off_hold_breath_off.csv,45.0,65.0,breathing,rejected,mixed_or_unknown_label,not_evaluated,,2003,,,,,,,,,,,,,
session_20260812_133631_hold_breath_off_hold_breath_off_w00008,session_20260812_133631_hold_breath_off_hold_breath_off,/Users/jandonyggarofalo/Documents/Desa/UNI/Semestre7/embebidos/esp-csi/examples/get-started/csi_send/data/raw/session_20260812_133631_hold_breath_off_hold_breath_off.csv,50.0,70.0,hold_breath,rejected,mixed_or_unknown_label,not_evaluated,,2012,,,,,,,,,,,,,
session_20260812_133631_hold_breath_off_hold_breath_off_w00009,session_20260812_133631_hold_breath_off_hold_breath_off,/Users/jandonyggarofalo/Documents/Desa/UNI/Semestre7/embebidos/esp-csi/examples/get-started/csi_send/data/raw/session_20260812_133631_hold_breath_off_hold_breath_off.csv,55.0,75.0,hold_breath,rejected,mixed_or_unknown_label,not_evaluated,,2019,,,,,,,,,,,,,
session_20260812_133631_hold_breath_off_hold_breath_off_w00010,session_20260812_133631_hold_breath_off_hold_breath_off,/Users/jandonyggarofalo/Documents/Desa/UNI/Semestre7/embebidos/esp-csi/examples/get-started/csi_send/data/raw/session_20260812_133631_hold_breath_off_hold_breath_off.csv,60.0,80.0,hold_breath,rejected,transition_guard,not_evaluated,,2011,,,,,,,,,,,,,
session_20260812_133631_hold_breath_off_hold_breath_off_w00011,session_20260812_133631_hold_breath_off_hold_breath_off,/Users/jandonyggarofalo/Documents/Desa/UNI/Semestre7/embebidos/esp-csi/examples/get-started/csi_send/data/raw/session_20260812_133631_hold_breath_off_hold_breath_off.csv,65.0,85.0,hold_breath,accepted,,ambiguous_breathing_evidence,,2018,62.548,0.0,36.82473525668414,0.6949606851815859,52.988228027617474,45.581373199759,15,1.7826043503064053,0.35000000000000003,86.34004272300064,0.610503077507019,1.6587874047428859,1.5910391934651085
session_20260812_133631_hold_breath_off_hold_breath_off_w00012,session_20260812_133631_hold_breath_off_hold_breath_off,/Users/jandonyggarofalo/Documents/Desa/UNI/Semestre7/embebidos/esp-csi/examples/get-started/csi_send/data/raw/session_20260812_133631_hold_breath_off_hold_breath_off.csv,70.0,90.0,hold_breath,accepted,,ambiguous_breathing_evidence,,2019,62.548,0.0,40.96411901451182,0.7918809006875964,51.73015156558344,34.94557851829206,12,1.9404152778265504,0.30000000000000004,88.81865117772537,0.7308392524719238,1.612403619240577,1.5910391934651085
session_20260812_133631_hold_breath_off_hold_breath_off_w00013,session_20260812_133631_hold_breath_off_hold_breath_off,/Users/jandonyggarofalo/Documents/Desa/UNI/Semestre7/embebidos/esp-csi/examples/get-started/csi_send/data/raw/session_20260812_133631_hold_breath_off_hold_breath_off.csv,75.0,95.0,hold_breath,accepted,,ambiguous_breathing_evidence,,2035,62.548,0.0,72.67270069379934,1.980515132423773,36.69383763042755,375.0162761243522,9,1.7551637775319944,0.1,360.807366417454,0.7643036842346191,2.557275395726317,1.5910391934651085
session_20260812_133631_hold_breath_off_hold_breath_off_w00014,session_20260812_133631_hold_breath_off_hold_breath_off,/Users/jandonyggarofalo/Documents/Desa/UNI/Semestre7/embebidos/esp-csi/examples/get-started/csi_send/data/raw/session_20260812_133631_hold_breath_off_hold_breath_off.csv,80.0,100.0,hold_breath,accepted,,ambiguous_breathing_evidence,,2036,64.963,0.0,55.33971882817419,1.0008026991357943,55.295333311856005,14.49851692494175,15,1.6718518011062058,0.4,173.69923381185527,0.7615324258804321,1.7430369482331551,1.5910391934651085
session_20260812_133631_hold_breath_off_hold_breath_off_w00015,session_20260812_133631_hold_breath_off_hold_breath_off,/Users/jandonyggarofalo/Documents/Desa/UNI/Semestre7/embebidos/esp-csi/examples/get-started/csi_send/data/raw/session_20260812_133631_hold_breath_off_hold_breath_off.csv,85.0,105.0,hold_breath,accepted,,ambiguous_breathing_evidence,,2043,64.963,0.0,129.19184295561098,3.4648674379606463,37.28622963757987,633.1965458725465,9,1.8898160266761688,0.1,576.7828241003513,0.7976795434951782,2.76101231913595,1.5910391934651085
session_20260812_133631_hold_breath_off_hold_breath_off_w00016,session_20260812_133631_hold_breath_off_hold_breath_off,/Users/jandonyggarofalo/Documents/Desa/UNI/Semestre7/embebidos/esp-csi/examples/get-started/csi_send/data/raw/session_20260812_133631_hold_breath_off_hold_breath_off.csv,90.0,110.0,hold_breath,accepted,,high_confidence_hold,hold_breath,2055,64.963,0.0,20.253555640533833,0.3706795795787845,54.63898406136637,19.887600579344767,14,1.8453411161775548,0.4,76.28781769858966,0.7828128933906555,1.3065012774030005,1.5910391934651085
session_20260812_133631_hold_breath_off_hold_breath_off_w00017,session_20260812_133631_hold_breath_off_hold_breath_off,/Users/jandonyggarofalo/Documents/Desa/UNI/Semestre7/embebidos/esp-csi/examples/get-started/csi_send/data/raw/session_20260812_133631_hold_breath_off_hold_breath_off.csv,95.0,115.0,hold_breath,accepted,,ambiguous_breathing_evidence,,2053,64.963,0.0,40.414844394346396,0.7801098411527074,51.806607560002995,21.558864187325465,13,2.020480827823755,0.45,110.62990455417449,0.8231862187385559,1.6065409110126752,1.5910391934651085
session_20260812_133631_hold_breath_off_hold_breath_off_w00018,session_20260812_133631_hold_breath_off_hold_breath_off,/Users/jandonyggarofalo/Documents/Desa/UNI/Semestre7/embebidos/esp-csi/examples/get-started/csi_send/data/raw/session_20260812_133631_hold_breath_off_hold_breath_off.csv,100.0,120.0,hold_breath,accepted,,high_confidence_hold,hold_breath,2067,58.307,0.0,21.63788366585132,0.46189084953610715,46.84631377204408,16.163136172004418,15,2.1186133908380835,0.4,46.868936952200244,0.8148908019065857,1.335214781518243,1.5910391934651085
session_20260812_133631_hold_breath_off_hold_breath_off_w00019,session_20260812_133631_hold_breath_off_hold_breath_off,/Users/jandonyggarofalo/Documents/Desa/UNI/Semestre7/embebidos/esp-csi/examples/get-started/csi_send/data/raw/session_20260812_133631_hold_breath_off_hold_breath_off.csv,105.0,125.0,hold_breath,accepted,,high_confidence_hold,hold_breath,2068,58.307,0.0,16.830221299723327,0.3861912496143966,43.580017197397275,25.023639329969463,17,2.277856960191671,0.5,35.870713514099194,0.8385108709335327,1.3983504718635924,1.5910391934651085
session_20260812_133631_hold_breath_off_hold_breath_off_w00020,session_20260812_133631_hold_breath_off_hold_breath_off,/Users/jandonyggarofalo/Documents/Desa/UNI/Semestre7/embebidos/esp-csi/examples/get-started/csi_send/data/raw/session_20260812_133631_hold_breath_off_hold_breath_off.csv,110.0,130.0,hold_breath,accepted,,ambiguous_breathing_evidence,,2064,48.817,0.0,65.77910258581532,1.9712399493557018,33.369404169838276,402.5533986710063,10,2.050942750853329,0.1,255.26126484695328,0.8514467477798462,2.406984916882046,1.5910391934651085
session_20260812_133631_hold_breath_off_hold_breath_off_w00021,session_20260812_133631_hold_breath_off_hold_breath_off,/Users/jandonyggarofalo/Documents/Desa/UNI/Semestre7/embebidos/esp-csi/examples/get-started/csi_send/data/raw/session_20260812_133631_hold_breath_off_hold_breath_off.csv,115.0,135.0,hold_breath,accepted,,ambiguous_breathing_evidence,,2064,48.817,0.0,53.545670218222625,0.989579979782189,54.109492221087734,15.368235538041061,15,1.9540961432887671,0.4,123.55194399768718,0.8286554217338562,1.7287243588960304,1.5910391934651085
session_20260812_133631_hold_breath_off_hold_breath_off_w00022,session_20260812_133631_hold_breath_off_hold_breath_off,/Users/jandonyggarofalo/Documents/Desa/UNI/Semestre7/embebidos/esp-csi/examples/get-started/csi_send/data/raw/session_20260812_133631_hold_breath_off_hold_breath_off.csv,120.0,140.0,hold_breath,accepted,,high_confidence_hold,hold_breath,2061,75.184,0.0,33.04416661800839,0.6343968952909831,52.08752890065723,29.874592852684458,13,2.1450709437674726,0.45,55.20107719246023,0.8101286292076111,1.5190948033311629,1.5910391934651085
session_20260812_133631_hold_breath_off_hold_breath_off_w00023,session_20260812_133631_hold_breath_off_hold_breath_off,/Users/jandonyggarofalo/Documents/Desa/UNI/Semestre7/embebidos/esp-csi/examples/get-started/csi_send/data/raw/session_20260812_133631_hold_breath_off_hold_breath_off.csv,125.0,145.0,hold_breath,accepted,,high_confidence_hold,hold_breath,2051,80.262,0.0,32.42464662422046,0.5907315758147328,54.88896810610763,12.597142927232957,12,1.9674399267415466,0.2,71.83559828469957,0.807453453540802,1.5108752516801907,1.5910391934651085
session_20260812_133631_hold_breath_off_hold_breath_off_w00024,session_20260812_133631_hold_breath_off_hold_breath_off,/Users/jandonyggarofalo/Documents/Desa/UNI/Semestre7/embebidos/esp-csi/examples/get-started/csi_send/data/raw/session_20260812_133631_hold_breath_off_hold_breath_off.csv,130.0,150.0,hold_breath,accepted,,high_confidence_hold,hold_breath,2043,80.262,0.0,38.51400308326568,0.6942661316128199,55.47440863021789,15.525374030277359,10,1.7308588812785257,0.35000000000000003,82.08132552056544,0.8126769065856934,1.5856186608356853,1.5910391934651085
session_20260812_133631_hold_breath_off_hold_breath_off_w00025,session_20260812_133631_hold_breath_off_hold_breath_off,/Users/jandonyggarofalo/Documents/Desa/UNI/Semestre7/embebidos/esp-csi/examples/get-started/csi_send/data/raw/session_20260812_133631_hold_breath_off_hold_breath_off.csv,135.0,155.0,hold_breath,rejected,transition_guard,not_evaluated,,2047,,,,,,,,,,,,,
session_20260812_133911_hold_breath_off_hold_breath_off_w00000,session_20260812_133911_hold_breath_off_hold_breath_off,/Users/jandonyggarofalo/Documents/Desa/UNI/Semestre7/embebidos/esp-csi/examples/get-started/csi_send/data/raw/session_20260812_133911_hold_breath_off_hold_breath_off.csv,10.0,30.0,breathing,rejected,time_gap,not_evaluated,,2034,131.046,,,,,,,,,,,,
session_20260812_133911_hold_breath_off_hold_breath_off_w00001,session_20260812_133911_hold_breath_off_hold_breath_off,/Users/jandonyggarofalo/Documents/Desa/UNI/Semestre7/embebidos/esp-csi/examples/get-started/csi_send/data/raw/session_20260812_133911_hold_breath_off_hold_breath_off.csv,15.0,35.0,breathing,accepted,,trusted_breathing,breathing,2034,57.56,0.0,12.711341836123289,0.2503219909261525,50.77996459297292,7.265624369537624,16,2.054172766110335,0.30000000000000004,30.442499175190072,0.5587021112442017,1.10419139801782,1.1821943875207401
session_20260812_133911_hold_breath_off_hold_breath_off_w00002,session_20260812_133911_hold_breath_off_hold_breath_off,/Users/jandonyggarofalo/Documents/Desa/UNI/Semestre7/embebidos/esp-csi/examples/get-started/csi_send/data/raw/session_20260812_133911_hold_breath_off_hold_breath_off.csv,20.0,40.0,breathing,accepted,,trusted_breathing,breathing,2049,48.79,0.0,21.136522740887358,0.4282134521787104,49.3597822144478,14.63123902169224,13,2.1685776091492484,0.30000000000000004,58.08268586008776,0.5614780187606812,1.3250335412184044,1.1821943875207401
session_20260812_133911_hold_breath_off_hold_breath_off_w00003,session_20260812_133911_hold_breath_off_hold_breath_off,/Users/jandonyggarofalo/Documents/Desa/UNI/Semestre7/embebidos/esp-csi/examples/get-started/csi_send/data/raw/session_20260812_133911_hold_breath_off_hold_breath_off.csv,25.0,45.0,breathing,accepted,,trusted_breathing,breathing,2051,48.79,0.0,21.43712654234471,0.5384641519607625,39.811613204414414,79.56188405444459,11,2.162909493052868,0.1,63.12912379590047,0.6183957457542419,1.8002297615553626,1.1821943875207401
session_20260812_133911_hold_breath_off_hold_breath_off_w00004,session_20260812_133911_hold_breath_off_hold_breath_off,/Users/jandonyggarofalo/Documents/Desa/UNI/Semestre7/embebidos/esp-csi/examples/get-started/csi_send/data/raw/session_20260812_133911_hold_breath_off_hold_breath_off.csv,30.0,50.0,breathing,accepted,,trusted_breathing,breathing,2035,74.162,0.0,13.292692888496484,0.24995661497074034,53.180000417269746,15.21228269726882,12,2.013580294255708,0.45,30.316735882124348,0.7523240447044373,1.1821943875207401,1.1821943875207401
session_20260812_133911_hold_breath_off_hold_breath_off_w00005,session_20260812_133911_hold_breath_off_hold_breath_off,/Users/jandonyggarofalo/Documents/Desa/UNI/Semestre7/embebidos/esp-csi/examples/get-started/csi_send/data/raw/session_20260812_133911_hold_breath_off_hold_breath_off.csv,35.0,55.0,breathing,accepted,,trusted_breathing,breathing,2033,74.162,0.0,16.124672056730166,0.3419324752741976,47.15747471413045,42.374012661921306,12,1.9767305499613717,0.1,57.22429153422905,0.7695169448852539,1.6270995920259006,1.1821943875207401
session_20260812_133911_hold_breath_off_hold_breath_off_w00006,session_20260812_133911_hold_breath_off_hold_breath_off,/Users/jandonyggarofalo/Documents/Desa/UNI/Semestre7/embebidos/esp-csi/examples/get-started/csi_send/data/raw/session_20260812_133911_hold_breath_off_hold_breath_off.csv,40.0,60.0,breathing,rejected,transition_guard,not_evaluated,,2029,,,,,,,,,,,,,
session_20260812_133911_hold_breath_off_hold_breath_off_w00007,session_20260812_133911_hold_breath_off_hold_breath_off,/Users/jandonyggarofalo/Documents/Desa/UNI/Semestre7/embebidos/esp-csi/examples/get-started/csi_send/data/raw/session_20260812_133911_hold_breath_off_hold_breath_off.csv,45.0,65.0,breathing,rejected,mixed_or_unknown_label,not_evaluated,,2010,,,,,,,,,,,,,
session_20260812_133911_hold_breath_off_hold_breath_off_w00008,session_20260812_133911_hold_breath_off_hold_breath_off,/Users/jandonyggarofalo/Documents/Desa/UNI/Semestre7/embebidos/esp-csi/examples/get-started/csi_send/data/raw/session_20260812_133911_hold_breath_off_hold_breath_off.csv,50.0,70.0,breathing,rejected,mixed_or_unknown_label,not_evaluated,,2005,,,,,,,,,,,,,
session_20260812_133911_hold_breath_off_hold_breath_off_w00009,session_20260812_133911_hold_breath_off_hold_breath_off,/Users/jandonyggarofalo/Documents/Desa/UNI/Semestre7/embebidos/esp-csi/examples/get-started/csi_send/data/raw/session_20260812_133911_hold_breath_off_hold_breath_off.csv,55.0,75.0,hold_breath,rejected,mixed_or_unknown_label,not_evaluated,,2011,,,,,,,,,,,,,
session_20260812_133911_hold_breath_off_hold_breath_off_w00010,session_20260812_133911_hold_breath_off_hold_breath_off,/Users/jandonyggarofalo/Documents/Desa/UNI/Semestre7/embebidos/esp-csi/examples/get-started/csi_send/data/raw/session_20260812_133911_hold_breath_off_hold_breath_off.csv,60.0,80.0,hold_breath,rejected,transition_guard,not_evaluated,,1997,,,,,,,,,,,,,
session_20260812_133911_hold_breath_off_hold_breath_off_w00011,session_20260812_133911_hold_breath_off_hold_breath_off,/Users/jandonyggarofalo/Documents/Desa/UNI/Semestre7/embebidos/esp-csi/examples/get-started/csi_send/data/raw/session_20260812_133911_hold_breath_off_hold_breath_off.csv,65.0,85.0,hold_breath,rejected,time_gap,not_evaluated,,2022,120.344,,,,,,,,,,,,
session_20260812_133911_hold_breath_off_hold_breath_off_w00012,session_20260812_133911_hold_breath_off_hold_breath_off,/Users/jandonyggarofalo/Documents/Desa/UNI/Semestre7/embebidos/esp-csi/examples/get-started/csi_send/data/raw/session_20260812_133911_hold_breath_off_hold_breath_off.csv,70.0,90.0,hold_breath,rejected,time_gap,not_evaluated,,2037,120.344,,,,,,,,,,,,
session_20260812_133911_hold_breath_off_hold_breath_off_w00013,session_20260812_133911_hold_breath_off_hold_breath_off,/Users/jandonyggarofalo/Documents/Desa/UNI/Semestre7/embebidos/esp-csi/examples/get-started/csi_send/data/raw/session_20260812_133911_hold_breath_off_hold_breath_off.csv,75.0,95.0,hold_breath,rejected,time_gap,not_evaluated,,2020,120.344,,,,,,,,,,,,
session_20260812_133911_hold_breath_off_hold_breath_off_w00014,session_20260812_133911_hold_breath_off_hold_breath_off,/Users/jandonyggarofalo/Documents/Desa/UNI/Semestre7/embebidos/esp-csi/examples/get-started/csi_send/data/raw/session_20260812_133911_hold_breath_off_hold_breath_off.csv,80.0,100.0,hold_breath,rejected,time_gap,not_evaluated,,2018,120.344,,,,,,,,,,,,
session_20260812_133911_hold_breath_off_hold_breath_off_w00015,session_20260812_133911_hold_breath_off_hold_breath_off,/Users/jandonyggarofalo/Documents/Desa/UNI/Semestre7/embebidos/esp-csi/examples/get-started/csi_send/data/raw/session_20260812_133911_hold_breath_off_hold_breath_off.csv,85.0,105.0,hold_breath,rejected,time_gap,not_evaluated,,1994,107.548,,,,,,,,,,,,
session_20260812_133911_hold_breath_off_hold_breath_off_w00016,session_20260812_133911_hold_breath_off_hold_breath_off,/Users/jandonyggarofalo/Documents/Desa/UNI/Semestre7/embebidos/esp-csi/examples/get-started/csi_send/data/raw/session_20260812_133911_hold_breath_off_hold_breath_off.csv,90.0,110.0,hold_breath,rejected,time_gap,not_evaluated,,1992,107.548,,,,,,,,,,,,
session_20260812_133911_hold_breath_off_hold_breath_off_w00017,session_20260812_133911_hold_breath_off_hold_breath_off,/Users/jandonyggarofalo/Documents/Desa/UNI/Semestre7/embebidos/esp-csi/examples/get-started/csi_send/data/raw/session_20260812_133911_hold_breath_off_hold_breath_off.csv,95.0,115.0,hold_breath,rejected,time_gap,not_evaluated,,2004,107.548,,,,,,,,,,,,
session_20260812_133911_hold_breath_off_hold_breath_off_w00018,session_20260812_133911_hold_breath_off_hold_breath_off,/Users/jandonyggarofalo/Documents/Desa/UNI/Semestre7/embebidos/esp-csi/examples/get-started/csi_send/data/raw/session_20260812_133911_hold_breath_off_hold_breath_off.csv,100.0,120.0,hold_breath,accepted,,ambiguous_breathing_evidence,,2014,94.745,0.0,137.18132079976957,3.174456513310229,43.21411247076046,542.439493065861,9,1.891998621026223,0.1,617.0328366552288,0.7680107355117798,2.7343513014272007,1.1821943875207401
session_20260812_133911_hold_breath_off_hold_breath_off_w00019,session_20260812_133911_hold_breath_off_hold_breath_off,/Users/jandonyggarofalo/Documents/Desa/UNI/Semestre7/embebidos/esp-csi/examples/get-started/csi_send/data/raw/session_20260812_133911_hold_breath_off_hold_breath_off.csv,105.0,125.0,hold_breath,accepted,,ambiguous_breathing_evidence,,2033,94.745,0.0,177.88758460002433,3.258268343462161,54.59574407273971,86.8759231554825,18,1.9654387063501073,0.35000000000000003,385.5385746605359,0.775084912776947,2.250145638202776,1.1821943875207401
session_20260812_134202_hold_breath_off_hold_breath_off_w00000,session_20260812_134202_hold_breath_off_hold_breath_off,/Users/jandonyggarofalo/Documents/Desa/UNI/Semestre7/embebidos/esp-csi/examples/get-started/csi_send/data/raw/session_20260812_134202_hold_breath_off_hold_breath_off.csv,10.0,30.0,breathing,accepted,,trusted_breathing,breathing,2046,58.636,0.0,27.938839311797924,0.549233372428116,50.868794057855084,24.634578513495175,16,2.074894091801771,0.4,55.1673520900099,0.7807544469833374,1.4462083598686597,1.237700242260508
session_20260812_134202_hold_breath_off_hold_breath_off_w00001,session_20260812_134202_hold_breath_off_hold_breath_off,/Users/jandonyggarofalo/Documents/Desa/UNI/Semestre7/embebidos/esp-csi/examples/get-started/csi_send/data/raw/session_20260812_134202_hold_breath_off_hold_breath_off.csv,15.0,35.0,breathing,accepted,,trusted_breathing,breathing,2046,58.636,0.0,6.789877713744265,0.15213489942001673,44.63063859498812,16.778060352240427,16,2.2361616635827373,0.2,15.833667085897227,0.7543214559555054,1.1995815093495998,1.237700242260508
session_20260812_134202_hold_breath_off_hold_breath_off_w00002,session_20260812_134202_hold_breath_off_hold_breath_off,/Users/jandonyggarofalo/Documents/Desa/UNI/Semestre7/embebidos/esp-csi/examples/get-started/csi_send/data/raw/session_20260812_134202_hold_breath_off_hold_breath_off.csv,20.0,40.0,breathing,accepted,,trusted_breathing,breathing,2043,58.636,0.0,12.281810011784273,0.2791263095428707,44.00090422093989,27.569672120342386,12,2.2884225507703913,0.35000000000000003,27.17341112955029,0.7695415616035461,1.4341441596454816,1.237700242260508
session_20260812_134202_hold_breath_off_hold_breath_off_w00003,session_20260812_134202_hold_breath_off_hold_breath_off,/Users/jandonyggarofalo/Documents/Desa/UNI/Semestre7/embebidos/esp-csi/examples/get-started/csi_send/data/raw/session_20260812_134202_hold_breath_off_hold_breath_off.csv,25.0,45.0,breathing,accepted,,trusted_breathing,breathing,2038,58.636,0.0,12.712917862554365,0.28746616825383753,44.22404883236353,34.373349300851665,14,2.0378864910286576,0.4,40.66574979143373,0.7495884895324707,1.5362218513693982,1.237700242260508
session_20260812_134202_hold_breath_off_hold_breath_off_w00004,session_20260812_134202_hold_breath_off_hold_breath_off,/Users/jandonyggarofalo/Documents/Desa/UNI/Semestre7/embebidos/esp-csi/examples/get-started/csi_send/data/raw/session_20260812_134202_hold_breath_off_hold_breath_off.csv,30.0,50.0,breathing,accepted,,trusted_breathing,breathing,2044,71.607,0.0,9.63659752779001,0.17823353654199098,54.067251958868056,6.773187760427351,17,1.7572976589786322,0.45,31.454827813606265,0.7716491222381592,0.9839237210665371,1.237700242260508
session_20260812_134202_hold_breath_off_hold_breath_off_w00005,session_20260812_134202_hold_breath_off_hold_breath_off,/Users/jandonyggarofalo/Documents/Desa/UNI/Semestre7/embebidos/esp-csi/examples/get-started/csi_send/data/raw/session_20260812_134202_hold_breath_off_hold_breath_off.csv,35.0,55.0,breathing,accepted,,trusted_breathing,breathing,2042,71.607,0.0,22.49346912392483,0.41499409440507906,54.20190173095469,10.619474356505176,12,2.0325210469745763,0.45,48.06856885434812,0.7916755676269531,1.3520564409932316,1.237700242260508
session_20260812_134202_hold_breath_off_hold_breath_off_w00006,session_20260812_134202_hold_breath_off_hold_breath_off,/Users/jandonyggarofalo/Documents/Desa/UNI/Semestre7/embebidos/esp-csi/examples/get-started/csi_send/data/raw/session_20260812_134202_hold_breath_off_hold_breath_off.csv,40.0,60.0,breathing,rejected,transition_guard,not_evaluated,,2037,,,,,,,,,,,,,
session_20260812_134202_hold_breath_off_hold_breath_off_w00007,session_20260812_134202_hold_breath_off_hold_breath_off,/Users/jandonyggarofalo/Documents/Desa/UNI/Semestre7/embebidos/esp-csi/examples/get-started/csi_send/data/raw/session_20260812_134202_hold_breath_off_hold_breath_off.csv,45.0,65.0,breathing,rejected,mixed_or_unknown_label,not_evaluated,,2036,,,,,,,,,,,,,
session_20260812_134202_hold_breath_off_hold_breath_off_w00008,session_20260812_134202_hold_breath_off_hold_breath_off,/Users/jandonyggarofalo/Documents/Desa/UNI/Semestre7/embebidos/esp-csi/examples/get-started/csi_send/data/raw/session_20260812_134202_hold_breath_off_hold_breath_off.csv,50.0,70.0,breathing,rejected,mixed_or_unknown_label,not_evaluated,,2029,,,,,,,,,,,,,
session_20260812_134202_hold_breath_off_hold_breath_off_w00009,session_20260812_134202_hold_breath_off_hold_breath_off,/Users/jandonyggarofalo/Documents/Desa/UNI/Semestre7/embebidos/esp-csi/examples/get-started/csi_send/data/raw/session_20260812_134202_hold_breath_off_hold_breath_off.csv,55.0,75.0,hold_breath,rejected,mixed_or_unknown_label,not_evaluated,,2025,,,,,,,,,,,,,
session_20260812_134202_hold_breath_off_hold_breath_off_w00010,session_20260812_134202_hold_breath_off_hold_breath_off,/Users/jandonyggarofalo/Documents/Desa/UNI/Semestre7/embebidos/esp-csi/examples/get-started/csi_send/data/raw/session_20260812_134202_hold_breath_off_hold_breath_off.csv,60.0,80.0,hold_breath,rejected,transition_guard,not_evaluated,,2032,,,,,,,,,,,,,
session_20260812_134202_hold_breath_off_hold_breath_off_w00011,session_20260812_134202_hold_breath_off_hold_breath_off,/Users/jandonyggarofalo/Documents/Desa/UNI/Semestre7/embebidos/esp-csi/examples/get-started/csi_send/data/raw/session_20260812_134202_hold_breath_off_hold_breath_off.csv,65.0,85.0,hold_breath,accepted,,ambiguous_breathing_evidence,,2029,61.321,0.0,1095.0536983448055,19.929997135877656,54.94500028670114,275.4075151407821,12,1.8075199702579265,0.25,2876.185995312978,0.5765507817268372,3.0394354162747965,1.237700242260508
session_20260812_134202_hold_breath_off_hold_breath_off_w00012,session_20260812_134202_hold_breath_off_hold_breath_off,/Users/jandonyggarofalo/Documents/Desa/UNI/Semestre7/embebidos/esp-csi/examples/get-started/csi_send/data/raw/session_20260812_134202_hold_breath_off_hold_breath_off.csv,70.0,90.0,hold_breath,accepted,,ambiguous_breathing_evidence,,2040,74.659,0.0,110.12109512362855,2.1631371638389507,50.908050106329895,425.96188345680144,14,2.1732699811326035,0.30000000000000004,284.47855596244364,0.5871918797492981,2.4540495347796667,1.237700242260508
session_20260812_134202_hold_breath_off_hold_breath_off_w00013,session_20260812_134202_hold_breath_off_hold_breath_off,/Users/jandonyggarofalo/Documents/Desa/UNI/Semestre7/embebidos/esp-csi/examples/get-started/csi_send/data/raw/session_20260812_134202_hold_breath_off_hold_breath_off.csv,75.0,95.0,hold_breath,accepted,,ambiguous_breathing_evidence,,2045,74.659,0.0,11.92579388745832,0.27139955722014103,43.94183251279581,31.51790625819389,10,2.2620386538628057,0.1,27.3722174830804,0.6772757768630981,1.4373099819792101,1.237700242260508
session_20260812_134202_hold_breath_off_hold_breath_off_w00014,session_20260812_134202_hold_breath_off_hold_breath_off,/Users/jandonyggarofalo/Documents/Desa/UNI/Semestre7/embebidos/esp-csi/examples/get-started/csi_send/data/raw/session_20260812_134202_hold_breath_off_hold_breath_off.csv,80.0,100.0,hold_breath,accepted,,ambiguous_breathing_evidence,,2052,74.659,0.0,28.984612892960836,0.5483821245486457,52.854773333037095,24.07123003019014,14,2.118615486024661,0.45,59.274296524951154,0.7484661936759949,1.4621675044800098,1.237700242260508
session_20260812_134202_hold_breath_off_hold_breath_off_w00015,session_20260812_134202_hold_breath_off_hold_breath_off,/Users/jandonyggarofalo/Documents/Desa/UNI/Semestre7/embebidos/esp-csi/examples/get-started/csi_send/data/raw/session_20260812_134202_hold_breath_off_hold_breath_off.csv,85.0,105.0,hold_breath,rejected,transition_guard,not_evaluated,,2059,,,,,,,,,,,,,
session_20260812_134404_hold_breath_off_hold_breath_off_w00000,session_20260812_134404_hold_breath_off_hold_breath_off,/Users/jandonyggarofalo/Documents/Desa/UNI/Semestre7/embebidos/esp-csi/examples/get-started/csi_send/data/raw/session_20260812_134404_hold_breath_off_hold_breath_off.csv,10.0,30.0,breathing,rejected,time_gap,not_evaluated,,1966,128.672,,,,,,,,,,,,
session_20260812_134404_hold_breath_off_hold_breath_off_w00001,session_20260812_134404_hold_breath_off_hold_breath_off,/Users/jandonyggarofalo/Documents/Desa/UNI/Semestre7/embebidos/esp-csi/examples/get-started/csi_send/data/raw/session_20260812_134404_hold_breath_off_hold_breath_off.csv,15.0,35.0,breathing,rejected,time_gap,not_evaluated,,1992,128.672,,,,,,,,,,,,
session_20260812_134404_hold_breath_off_hold_breath_off_w00002,session_20260812_134404_hold_breath_off_hold_breath_off,/Users/jandonyggarofalo/Documents/Desa/UNI/Semestre7/embebidos/esp-csi/examples/get-started/csi_send/data/raw/session_20260812_134404_hold_breath_off_hold_breath_off.csv,20.0,40.0,breathing,rejected,time_gap,not_evaluated,,1983,128.672,,,,,,,,,,,,
session_20260812_134404_hold_breath_off_hold_breath_off_w00003,session_20260812_134404_hold_breath_off_hold_breath_off,/Users/jandonyggarofalo/Documents/Desa/UNI/Semestre7/embebidos/esp-csi/examples/get-started/csi_send/data/raw/session_20260812_134404_hold_breath_off_hold_breath_off.csv,25.0,45.0,breathing,rejected,time_gap,not_evaluated,,1991,118.346,,,,,,,,,,,,
session_20260812_134404_hold_breath_off_hold_breath_off_w00004,session_20260812_134404_hold_breath_off_hold_breath_off,/Users/jandonyggarofalo/Documents/Desa/UNI/Semestre7/embebidos/esp-csi/examples/get-started/csi_send/data/raw/session_20260812_134404_hold_breath_off_hold_breath_off.csv,30.0,50.0,breathing,rejected,time_gap,not_evaluated,,1993,118.346,,,,,,,,,,,,
session_20260812_134404_hold_breath_off_hold_breath_off_w00005,session_20260812_134404_hold_breath_off_hold_breath_off,/Users/jandonyggarofalo/Documents/Desa/UNI/Semestre7/embebidos/esp-csi/examples/get-started/csi_send/data/raw/session_20260812_134404_hold_breath_off_hold_breath_off.csv,35.0,55.0,breathing,rejected,time_gap,not_evaluated,,1985,118.346,,,,,,,,,,,,
session_20260812_134404_hold_breath_off_hold_breath_off_w00006,session_20260812_134404_hold_breath_off_hold_breath_off,/Users/jandonyggarofalo/Documents/Desa/UNI/Semestre7/embebidos/esp-csi/examples/get-started/csi_send/data/raw/session_20260812_134404_hold_breath_off_hold_breath_off.csv,40.0,60.0,breathing,rejected,transition_guard,not_evaluated,,1997,,,,,,,,,,,,,
session_20260812_134404_hold_breath_off_hold_breath_off_w00007,session_20260812_134404_hold_breath_off_hold_breath_off,/Users/jandonyggarofalo/Documents/Desa/UNI/Semestre7/embebidos/esp-csi/examples/get-started/csi_send/data/raw/session_20260812_134404_hold_breath_off_hold_breath_off.csv,45.0,65.0,breathing,rejected,mixed_or_unknown_label,not_evaluated,,1991,,,,,,,,,,,,,
session_20260812_134404_hold_breath_off_hold_breath_off_w00008,session_20260812_134404_hold_breath_off_hold_breath_off,/Users/jandonyggarofalo/Documents/Desa/UNI/Semestre7/embebidos/esp-csi/examples/get-started/csi_send/data/raw/session_20260812_134404_hold_breath_off_hold_breath_off.csv,50.0,70.0,breathing,rejected,mixed_or_unknown_label,not_evaluated,,1969,,,,,,,,,,,,,
session_20260812_134404_hold_breath_off_hold_breath_off_w00009,session_20260812_134404_hold_breath_off_hold_breath_off,/Users/jandonyggarofalo/Documents/Desa/UNI/Semestre7/embebidos/esp-csi/examples/get-started/csi_send/data/raw/session_20260812_134404_hold_breath_off_hold_breath_off.csv,55.0,75.0,hold_breath,rejected,mixed_or_unknown_label,not_evaluated,,1949,,,,,,,,,,,,,
session_20260812_134404_hold_breath_off_hold_breath_off_w00010,session_20260812_134404_hold_breath_off_hold_breath_off,/Users/jandonyggarofalo/Documents/Desa/UNI/Semestre7/embebidos/esp-csi/examples/get-started/csi_send/data/raw/session_20260812_134404_hold_breath_off_hold_breath_off.csv,60.0,80.0,hold_breath,rejected,transition_guard,not_evaluated,,1929,,,,,,,,,,,,,
session_20260812_134404_hold_breath_off_hold_breath_off_w00011,session_20260812_134404_hold_breath_off_hold_breath_off,/Users/jandonyggarofalo/Documents/Desa/UNI/Semestre7/embebidos/esp-csi/examples/get-started/csi_send/data/raw/session_20260812_134404_hold_breath_off_hold_breath_off.csv,65.0,85.0,hold_breath,rejected,time_gap,not_evaluated,,1928,129.781,,,,,,,,,,,,
session_20260812_134404_hold_breath_off_hold_breath_off_w00012,session_20260812_134404_hold_breath_off_hold_breath_off,/Users/jandonyggarofalo/Documents/Desa/UNI/Semestre7/embebidos/esp-csi/examples/get-started/csi_send/data/raw/session_20260812_134404_hold_breath_off_hold_breath_off.csv,70.0,90.0,hold_breath,rejected,time_gap,not_evaluated,,1952,129.781,,,,,,,,,,,,
session_20260812_134404_hold_breath_off_hold_breath_off_w00013,session_20260812_134404_hold_breath_off_hold_breath_off,/Users/jandonyggarofalo/Documents/Desa/UNI/Semestre7/embebidos/esp-csi/examples/get-started/csi_send/data/raw/session_20260812_134404_hold_breath_off_hold_breath_off.csv,75.0,95.0,hold_breath,rejected,time_gap,not_evaluated,,1981,129.781,,,,,,,,,,,,
session_20260812_134404_hold_breath_off_hold_breath_off_w00014,session_20260812_134404_hold_breath_off_hold_breath_off,/Users/jandonyggarofalo/Documents/Desa/UNI/Semestre7/embebidos/esp-csi/examples/get-started/csi_send/data/raw/session_20260812_134404_hold_breath_off_hold_breath_off.csv,80.0,100.0,hold_breath,accepted,,not_evaluated,,1999,63.964,0.0,133.71321530794737,2.4748488395494226,54.02884134622037,59.971530654670495,13,1.4827955589724142,0.35000000000000003,487.80338472680614,0.7093464732170105,2.126174332106343,
session_20260812_134404_hold_breath_off_hold_breath_off_w00015,session_20260812_134404_hold_breath_off_hold_breath_off,/Users/jandonyggarofalo/Documents/Desa/UNI/Semestre7/embebidos/esp-csi/examples/get-started/csi_send/data/raw/session_20260812_134404_hold_breath_off_hold_breath_off.csv,85.0,105.0,hold_breath,accepted,,not_evaluated,,2003,70.437,0.0,228.87413611682865,4.785971584135609,47.82187526466846,406.0995222600895,9,2.1677015640346977,0.1,562.5058412110735,0.7378343939781189,2.60863247858157,
session_20260812_134404_hold_breath_off_hold_breath_off_w00016,session_20260812_134404_hold_breath_off_hold_breath_off,/Users/jandonyggarofalo/Documents/Desa/UNI/Semestre7/embebidos/esp-csi/examples/get-started/csi_send/data/raw/session_20260812_134404_hold_breath_off_hold_breath_off.csv,90.0,110.0,hold_breath,accepted,,not_evaluated,,1989,93.462,0.0,192.13693967622817,3.593384463263115,53.46963055038568,102.26962238123303,13,1.9197341470141513,0.30000000000000004,700.9300425619706,0.7115761041641235,2.28361086905373,
session_20260812_134404_hold_breath_off_hold_breath_off_w00017,session_20260812_134404_hold_breath_off_hold_breath_off,/Users/jandonyggarofalo/Documents/Desa/UNI/Semestre7/embebidos/esp-csi/examples/get-started/csi_send/data/raw/session_20260812_134404_hold_breath_off_hold_breath_off.csv,95.0,115.0,hold_breath,accepted,,not_evaluated,,1989,93.462,0.0,303.57478344682403,5.6413559561347695,53.81237876270574,139.71430227412213,12,1.977223372968292,0.35000000000000003,723.5042860020638,0.7157867550849915,2.48226569388772,
session_20260812_134404_hold_breath_off_hold_breath_off_w00018,session_20260812_134404_hold_breath_off_hold_breath_off,/Users/jandonyggarofalo/Documents/Desa/UNI/Semestre7/embebidos/esp-csi/examples/get-started/csi_send/data/raw/session_20260812_134404_hold_breath_off_hold_breath_off.csv,100.0,120.0,hold_breath,accepted,,not_evaluated,,2002,93.462,0.0,211.37810699423295,3.8655962492582803,54.68188951050873,80.661561965928,12,1.751037830356871,0.4,727.8093284966965,0.694614827632904,2.325060004239313,
session_20260812_134404_hold_breath_off_hold_breath_off_w00019,session_20260812_134404_hold_breath_off_hold_breath_off,/Users/jandonyggarofalo/Documents/Desa/UNI/Semestre7/embebidos/esp-csi/examples/get-started/csi_send/data/raw/session_20260812_134404_hold_breath_off_hold_breath_off.csv,105.0,125.0,hold_breath,accepted,,not_evaluated,,1995,93.462,0.0,53.092098162194155,0.9848547602385289,53.90855617053777,57.97188224084333,14,1.7112803348566825,0.35000000000000003,233.35498055418955,0.6819800734519958,1.7632174013461324,
session_20260812_134404_hold_breath_off_hold_breath_off_w00020,session_20260812_134404_hold_breath_off_hold_breath_off,/Users/jandonyggarofalo/Documents/Desa/UNI/Semestre7/embebidos/esp-csi/examples/get-started/csi_send/data/raw/session_20260812_134404_hold_breath_off_hold_breath_off.csv,110.0,130.0,hold_breath,rejected,time_gap,not_evaluated,,2005,173.628,,,,,,,,,,,,
session_20260812_134940_hold_breath_off_hold_breath_off_w00000,session_20260812_134940_hold_breath_off_hold_breath_off,/Users/jandonyggarofalo/Documents/Desa/UNI/Semestre7/embebidos/esp-csi/examples/get-started/csi_send/data/raw/session_20260812_134940_hold_breath_off_hold_breath_off.csv,10.0,30.0,breathing,rejected,time_gap,not_evaluated,,1278,2632.927,,,,,,,,,,,,
session_20260812_134940_hold_breath_off_hold_breath_off_w00001,session_20260812_134940_hold_breath_off_hold_breath_off,/Users/jandonyggarofalo/Documents/Desa/UNI/Semestre7/embebidos/esp-csi/examples/get-started/csi_send/data/raw/session_20260812_134940_hold_breath_off_hold_breath_off.csv,15.0,35.0,breathing,rejected,time_gap,not_evaluated,,1138,5924.267,,,,,,,,,,,,
session_20260812_134940_hold_breath_off_hold_breath_off_w00002,session_20260812_134940_hold_breath_off_hold_breath_off,/Users/jandonyggarofalo/Documents/Desa/UNI/Semestre7/embebidos/esp-csi/examples/get-started/csi_send/data/raw/session_20260812_134940_hold_breath_off_hold_breath_off.csv,20.0,40.0,breathing,rejected,time_gap,not_evaluated,,1021,5924.267,,,,,,,,,,,,
session_20260812_134940_hold_breath_off_hold_breath_off_w00003,session_20260812_134940_hold_breath_off_hold_breath_off,/Users/jandonyggarofalo/Documents/Desa/UNI/Semestre7/embebidos/esp-csi/examples/get-started/csi_send/data/raw/session_20260812_134940_hold_breath_off_hold_breath_off.csv,25.0,45.0,breathing,rejected,time_gap,not_evaluated,,1129,5924.267,,,,,,,,,,,,
session_20260812_134940_hold_breath_off_hold_breath_off_w00004,session_20260812_134940_hold_breath_off_hold_breath_off,/Users/jandonyggarofalo/Documents/Desa/UNI/Semestre7/embebidos/esp-csi/examples/get-started/csi_send/data/raw/session_20260812_134940_hold_breath_off_hold_breath_off.csv,30.0,50.0,breathing,rejected,time_gap,not_evaluated,,1267,2782.838,,,,,,,,,,,,
session_20260812_134940_hold_breath_off_hold_breath_off_w00005,session_20260812_134940_hold_breath_off_hold_breath_off,/Users/jandonyggarofalo/Documents/Desa/UNI/Semestre7/embebidos/esp-csi/examples/get-started/csi_send/data/raw/session_20260812_134940_hold_breath_off_hold_breath_off.csv,35.0,55.0,breathing,rejected,time_gap,not_evaluated,,1273,4480.031,,,,,,,,,,,,
session_20260812_134940_hold_breath_off_hold_breath_off_w00006,session_20260812_134940_hold_breath_off_hold_breath_off,/Users/jandonyggarofalo/Documents/Desa/UNI/Semestre7/embebidos/esp-csi/examples/get-started/csi_send/data/raw/session_20260812_134940_hold_breath_off_hold_breath_off.csv,40.0,60.0,breathing,rejected,transition_guard,not_evaluated,,1388,,,,,,,,,,,,,
session_20260812_134940_hold_breath_off_hold_breath_off_w00007,session_20260812_134940_hold_breath_off_hold_breath_off,/Users/jandonyggarofalo/Documents/Desa/UNI/Semestre7/embebidos/esp-csi/examples/get-started/csi_send/data/raw/session_20260812_134940_hold_breath_off_hold_breath_off.csv,45.0,65.0,breathing,rejected,mixed_or_unknown_label,not_evaluated,,1171,,,,,,,,,,,,,
session_20260812_134940_hold_breath_off_hold_breath_off_w00008,session_20260812_134940_hold_breath_off_hold_breath_off,/Users/jandonyggarofalo/Documents/Desa/UNI/Semestre7/embebidos/esp-csi/examples/get-started/csi_send/data/raw/session_20260812_134940_hold_breath_off_hold_breath_off.csv,50.0,70.0,breathing,rejected,mixed_or_unknown_label,not_evaluated,,1037,,,,,,,,,,,,,
session_20260812_134940_hold_breath_off_hold_breath_off_w00009,session_20260812_134940_hold_breath_off_hold_breath_off,/Users/jandonyggarofalo/Documents/Desa/UNI/Semestre7/embebidos/esp-csi/examples/get-started/csi_send/data/raw/session_20260812_134940_hold_breath_off_hold_breath_off.csv,55.0,75.0,breathing,rejected,mixed_or_unknown_label,not_evaluated,,899,,,,,,,,,,,,,
session_20260812_134940_hold_breath_off_hold_breath_off_w00010,session_20260812_134940_hold_breath_off_hold_breath_off,/Users/jandonyggarofalo/Documents/Desa/UNI/Semestre7/embebidos/esp-csi/examples/get-started/csi_send/data/raw/session_20260812_134940_hold_breath_off_hold_breath_off.csv,60.0,80.0,hold_breath,rejected,transition_guard,not_evaluated,,468,,,,,,,,,,,,,
session_20260812_134940_hold_breath_off_hold_breath_off_w00011,session_20260812_134940_hold_breath_off_hold_breath_off,/Users/jandonyggarofalo/Documents/Desa/UNI/Semestre7/embebidos/esp-csi/examples/get-started/csi_send/data/raw/session_20260812_134940_hold_breath_off_hold_breath_off.csv,65.0,85.0,hold_breath,rejected,insufficient_samples,not_evaluated,,357,,,,,,,,,,,,,
session_20260812_134940_hold_breath_off_hold_breath_off_w00012,session_20260812_134940_hold_breath_off_hold_breath_off,/Users/jandonyggarofalo/Documents/Desa/UNI/Semestre7/embebidos/esp-csi/examples/get-started/csi_send/data/raw/session_20260812_134940_hold_breath_off_hold_breath_off.csv,70.0,90.0,hold_breath,rejected,insufficient_samples,not_evaluated,,354,,,,,,,,,,,,,
session_20260812_134940_hold_breath_off_hold_breath_off_w00013,session_20260812_134940_hold_breath_off_hold_breath_off,/Users/jandonyggarofalo/Documents/Desa/UNI/Semestre7/embebidos/esp-csi/examples/get-started/csi_send/data/raw/session_20260812_134940_hold_breath_off_hold_breath_off.csv,75.0,95.0,hold_breath,rejected,insufficient_samples,not_evaluated,,359,,,,,,,,,,,,,
session_20260812_134940_hold_breath_off_hold_breath_off_w00014,session_20260812_134940_hold_breath_off_hold_breath_off,/Users/jandonyggarofalo/Documents/Desa/UNI/Semestre7/embebidos/esp-csi/examples/get-started/csi_send/data/raw/session_20260812_134940_hold_breath_off_hold_breath_off.csv,80.0,100.0,hold_breath,rejected,insufficient_samples,not_evaluated,,792,,,,,,,,,,,,,
session_20260812_134940_hold_breath_off_hold_breath_off_w00015,session_20260812_134940_hold_breath_off_hold_breath_off,/Users/jandonyggarofalo/Documents/Desa/UNI/Semestre7/embebidos/esp-csi/examples/get-started/csi_send/data/raw/session_20260812_134940_hold_breath_off_hold_breath_off.csv,85.0,105.0,hold_breath,rejected,time_gap,not_evaluated,,1269,5708.982,,,,,,,,,,,,
session_20260812_134940_hold_breath_off_hold_breath_off_w00016,session_20260812_134940_hold_breath_off_hold_breath_off,/Users/jandonyggarofalo/Documents/Desa/UNI/Semestre7/embebidos/esp-csi/examples/get-started/csi_send/data/raw/session_20260812_134940_hold_breath_off_hold_breath_off.csv,90.0,110.0,hold_breath,rejected,time_gap,not_evaluated,,1751,145.364,,,,,,,,,,,,
session_20260812_134940_hold_breath_off_hold_breath_off_w00017,session_20260812_134940_hold_breath_off_hold_breath_off,/Users/jandonyggarofalo/Documents/Desa/UNI/Semestre7/embebidos/esp-csi/examples/get-started/csi_send/data/raw/session_20260812_134940_hold_breath_off_hold_breath_off.csv,95.0,115.0,hold_breath,rejected,time_gap,not_evaluated,,2018,145.364,,,,,,,,,,,,
session_20260812_134940_hold_breath_off_hold_breath_off_w00018,session_20260812_134940_hold_breath_off_hold_breath_off,/Users/jandonyggarofalo/Documents/Desa/UNI/Semestre7/embebidos/esp-csi/examples/get-started/csi_send/data/raw/session_20260812_134940_hold_breath_off_hold_breath_off.csv,100.0,120.0,hold_breath,rejected,time_gap,not_evaluated,,2030,195.471,,,,,,,,,,,,
session_20260812_134940_hold_breath_off_hold_breath_off_w00019,session_20260812_134940_hold_breath_off_hold_breath_off,/Users/jandonyggarofalo/Documents/Desa/UNI/Semestre7/embebidos/esp-csi/examples/get-started/csi_send/data/raw/session_20260812_134940_hold_breath_off_hold_breath_off.csv,105.0,125.0,hold_breath,rejected,time_gap,not_evaluated,,2029,195.471,,,,,,,,,,,,
session_20260812_134940_hold_breath_off_hold_breath_off_w00020,session_20260812_134940_hold_breath_off_hold_breath_off,/Users/jandonyggarofalo/Documents/Desa/UNI/Semestre7/embebidos/esp-csi/examples/get-started/csi_send/data/raw/session_20260812_134940_hold_breath_off_hold_breath_off.csv,110.0,130.0,hold_breath,rejected,time_gap,not_evaluated,,2012,195.471,,,,,,,,,,,,
session_20260812_134940_hold_breath_off_hold_breath_off_w00021,session_20260812_134940_hold_breath_off_hold_breath_off,/Users/jandonyggarofalo/Documents/Desa/UNI/Semestre7/embebidos/esp-csi/examples/get-started/csi_send/data/raw/session_20260812_134940_hold_breath_off_hold_breath_off.csv,115.0,135.0,hold_breath,rejected,time_gap,not_evaluated,,2008,195.471,,,,,,,,,,,,
