window_id,session_id,source_file,start_s,end_s,scheduled_label,quality_status,quality_reason,confidence_status,final_label,sample_count,max_gap_ms,clip_fraction,psd_resp_band,psd_total,snr_resp,variance_filtered,zero_crossings,spectral_entropy,peak_freq_hz,peak_power,pc1_var_explained,activity_log,breathing_activity_threshold
session_20260812_131332_hold_breath_off_hold_breath_off_w00000,session_20260812_131332_hold_breath_off_hold_breath_off,/Users/jandonyggarofalo/Documents/Desa/UNI/Semestre7/embebidos/esp-csi/examples/get-started/csi_send/data/raw/session_20260812_131332_hold_breath_off_hold_breath_off.csv,10.0,18.0,breathing,accepted,,trusted_breathing,breathing,817,85.448,0.00034425,104.51134980031308,3.230910247323662,32.347339232605776,189.7524825696277,3,1.0481376804262628,0.125,360.10135965993356,0.8658782839775085,2.278187466566136,1.621801514641147
session_20260812_131332_hold_breath_off_hold_breath_off_w00001,session_20260812_131332_hold_breath_off_hold_breath_off,/Users/jandonyggarofalo/Documents/Desa/UNI/Semestre7/embebidos/esp-csi/examples/get-started/csi_send/data/raw/session_20260812_131332_hold_breath_off_hold_breath_off.csv,12.0,20.0,breathing,accepted,,trusted_breathing,breathing,812,86.362,0.00012508,51.78468527583818,1.2787666665515327,40.495804770581124,44.45585813712728,4,1.5216424717100323,0.125,108.0725758042665,0.8618307113647461,1.714201341143088,1.621801514641147
session_20260812_131332_hold_breath_off_hold_breath_off_w00002,session_20260812_131332_hold_breath_off_hold_breath_off,/Users/jandonyggarofalo/Documents/Desa/UNI/Semestre7/embebidos/esp-csi/examples/get-started/csi_send/data/raw/session_20260812_131332_hold_breath_off_hold_breath_off.csv,14.0,22.0,breathing,accepted,,trusted_breathing,breathing,813,86.362,0.0001057,60.73823417319706,1.2235933005769863,49.639234004065116,30.150607785474573,6,1.1339483916446755,0.375,131.98846515324564,0.8453359007835388,1.7834621616358561,1.621801514641147
session_20260812_131332_hold_breath_off_hold_breath_off_w00003,session_20260812_131332_hold_breath_off_hold_breath_off,/Users/jandonyggarofalo/Documents/Desa/UNI/Semestre7/embebidos/esp-csi/examples/get-started/csi_send/data/raw/session_20260812_131332_hold_breath_off_hold_breath_off.csv,16.0,24.0,breathing,accepted,,trusted_breathing,breathing,817,86.362,0.00020081,38.658357359323595,1.067191204160039,36.224396536058826,57.87509454610531,4,1.5720000999829442,0.125,76.19276445262697,0.8268992304801941,1.762491713500199,1.621801514641147
session_20260812_131332_hold_breath_off_hold_breath_off_w00004,session_20260812_131332_hold_breath_off_hold_breath_off,/Users/jandonyggarofalo/Documents/Desa/UNI/Semestre7/embebidos/esp-csi/examples/get-started/csi_send/data/raw/session_20260812_131332_hold_breath_off_hold_breath_off.csv,18.0,26.0,breathing,accepted,,trusted_breathing,breathing,816,86.362,0.00063189,66.7203263026845,1.8371221353767977,36.31785008619674,78.73300973437922,3,1.1039672347591836,0.125,212.81828564735758,0.7737685441970825,1.8961568535765232,1.621801514641147
session_20260812_131332_hold_breath_off_hold_breath_off_w00005,session_20260812_131332_hold_breath_off_hold_breath_off,/Users/jandonyggarofalo/Documents/Desa/UNI/Semestre7/embebidos/esp-csi/examples/get-started/csi_send/data/raw/session_20260812_131332_hold_breath_off_hold_breath_off.csv,20.0,28.0,breathing,accepted,,trusted_breathing,breathing,816,57.222,0.00058402,33.83776641616609,0.8245034686615683,41.040174726074255,23.95853745902242,6,1.5613281020823573,0.125,57.930029505707154,0.7051181793212891,1.5294016881392063,1.621801514641147
session_20260812_131332_hold_breath_off_hold_breath_off_w00006,session_20260812_131332_hold_breath_off_hold_breath_off,/Users/jandonyggarofalo/Documents/Desa/UNI/Semestre7/embebidos/esp-csi/examples/get-started/csi_send/data/raw/session_20260812_131332_hold_breath_off_hold_breath_off.csv,22.0,30.0,breathing,accepted,,trusted_breathing,breathing,818,57.222,0.00110789,21.14971086176766,0.4350191830024506,48.61788097652673,8.44702211066362,4,1.1637817819010383,0.25,48.48277715340465,0.6518747210502625,1.3253044345008145,1.621801514641147
session_20260812_131332_hold_breath_off_hold_breath_off_w00007,session_20260812_131332_hold_breath_off_hold_breath_off,/Users/jandonyggarofalo/Documents/Desa/UNI/Semestre7/embebidos/esp-csi/examples/get-started/csi_send/data/raw/session_20260812_131332_hold_breath_off_hold_breath_off.csv,24.0,32.0,breathing,accepted,,trusted_breathing,breathing,815,56.344,0.00102569,14.833558393444438,0.3061481643037271,48.45222060087133,9.842439333136074,4,1.1905103913950708,0.25,33.09693873696148,0.628411054611206,1.1712453455841876,1.621801514641147
session_20260812_131332_hold_breath_off_hold_breath_off_w00008,session_20260812_131332_hold_breath_off_hold_breath_off,/Users/jandonyggarofalo/Documents/Desa/UNI/Semestre7/embebidos/esp-csi/examples/get-started/csi_send/data/raw/session_20260812_131332_hold_breath_off_hold_breath_off.csv,26.0,34.0,breathing,accepted,,trusted_breathing,breathing,810,75.059,0.00155285,83.8941097366893,2.3977230511502245,34.989074195374236,114.9377742889697,2,0.953350626404641,0.125,286.30660081319843,0.6570135354995728,2.0604627829892808,1.621801514641147
session_20260812_131332_hold_breath_off_hold_breath_off_w00009,session_20260812_131332_hold_breath_off_hold_breath_off,/Users/jandonyggarofalo/Documents/Desa/UNI/Semestre7/embebidos/esp-csi/examples/get-started/csi_send/data/raw/session_20260812_131332_hold_breath_off_hold_breath_off.csv,28.0,36.0,breathing,accepted,,trusted_breathing,breathing,805,75.059,0.00132958,116.6143521835552,3.171128189287939,36.77377426035356,151.43512385397526,4,1.3296057092844615,0.125,313.00937214935203,0.5913045406341553,2.180226617084868,1.621801514641147
session_20260812_131332_hold_breath_off_hold_breath_off_w00010,session_20260812_131332_hold_breath_off_hold_breath_off,/Users/jandonyggarofalo/Documents/Desa/UNI/Semestre7/embebidos/esp-csi/examples/get-started/csi_send/data/raw/session_20260812_131332_hold_breath_off_hold_breath_off.csv,30.0,38.0,breathing,accepted,,trusted_breathing,breathing,805,75.059,0.00060171,60.74567850044398,1.3000001646903208,46.7274390806464,18.830417737262355,5,1.551886618936635,0.375,81.62967854193957,0.5429301857948303,1.7835153872881702,1.621801514641147
session_20260812_131332_hold_breath_off_hold_breath_off_w00011,session_20260812_131332_hold_breath_off_hold_breath_off,/Users/jandonyggarofalo/Documents/Desa/UNI/Semestre7/embebidos/esp-csi/examples/get-started/csi_send/data/raw/session_20260812_131332_hold_breath_off_hold_breath_off.csv,32.0,40.0,breathing,rejected,time_gap,not_evaluated,,793,227.485,,,,,,,,,,,,
session_20260812_131332_hold_breath_off_hold_breath_off_w00012,session_20260812_131332_hold_breath_off_hold_breath_off,/Users/jandonyggarofalo/Documents/Desa/UNI/Semestre7/embebidos/esp-csi/examples/get-started/csi_send/data/raw/session_20260812_131332_hold_breath_off_hold_breath_off.csv,34.0,42.0,breathing,rejected,time_gap,not_evaluated,,738,266.148,,,,,,,,,,,,
session_20260812_131332_hold_breath_off_hold_breath_off_w00013,session_20260812_131332_hold_breath_off_hold_breath_off,/Users/jandonyggarofalo/Documents/Desa/UNI/Semestre7/embebidos/esp-csi/examples/get-started/csi_send/data/raw/session_20260812_131332_hold_breath_off_hold_breath_off.csv,36.0,44.0,breathing,rejected,time_gap,not_evaluated,,709,360.548,,,,,,,,,,,,
session_20260812_131332_hold_breath_off_hold_breath_off_w00014,session_20260812_131332_hold_breath_off_hold_breath_off,/Users/jandonyggarofalo/Documents/Desa/UNI/Semestre7/embebidos/esp-csi/examples/get-started/csi_send/data/raw/session_20260812_131332_hold_breath_off_hold_breath_off.csv,38.0,46.0,breathing,rejected,time_gap,not_evaluated,,607,633.137,,,,,,,,,,,,
session_20260812_131332_hold_breath_off_hold_breath_off_w00015,session_20260812_131332_hold_breath_off_hold_breath_off,/Users/jandonyggarofalo/Documents/Desa/UNI/Semestre7/embebidos/esp-csi/examples/get-started/csi_send/data/raw/session_20260812_131332_hold_breath_off_hold_breath_off.csv,40.0,48.0,breathing,rejected,time_gap,not_evaluated,,415,633.137,,,,,,,,,,,,
session_20260812_131332_hold_breath_off_hold_breath_off_w00016,session_20260812_131332_hold_breath_off_hold_breath_off,/Users/jandonyggarofalo/Documents/Desa/UNI/Semestre7/embebidos/esp-csi/examples/get-started/csi_send/data/raw/session_20260812_131332_hold_breath_off_hold_breath_off.csv,42.0,50.0,breathing,rejected,insufficient_samples,not_evaluated,,273,,,,,,,,,,,,,
session_20260812_131332_hold_breath_off_hold_breath_off_w00017,session_20260812_131332_hold_breath_off_hold_breath_off,/Users/jandonyggarofalo/Documents/Desa/UNI/Semestre7/embebidos/esp-csi/examples/get-started/csi_send/data/raw/session_20260812_131332_hold_breath_off_hold_breath_off.csv,44.0,52.0,breathing,rejected,insufficient_samples,not_evaluated,,102,,,,,,,,,,,,,
session_20260812_131332_hold_breath_off_hold_breath_off_w00018,session_20260812_131332_hold_breath_off_hold_breath_off,/Users/jandonyggarofalo/Documents/Desa/UNI/Semestre7/embebidos/esp-csi/examples/get-started/csi_send/data/raw/session_20260812_131332_hold_breath_off_hold_breath_off.csv,46.0,54.0,unknown,rejected,no_samples,not_evaluated,,0,,,,,,,,,,,,,
session_20260812_131332_hold_breath_off_hold_breath_off_w00019,session_20260812_131332_hold_breath_off_hold_breath_off,/Users/jandonyggarofalo/Documents/Desa/UNI/Semestre7/embebidos/esp-csi/examples/get-started/csi_send/data/raw/session_20260812_131332_hold_breath_off_hold_breath_off.csv,48.0,56.0,breathing,rejected,insufficient_samples,not_evaluated,,18,,,,,,,,,,,,,
session_20260812_131332_hold_breath_off_hold_breath_off_w00020,session_20260812_131332_hold_breath_off_hold_breath_off,/Users/jandonyggarofalo/Documents/Desa/UNI/Semestre7/embebidos/esp-csi/examples/get-started/csi_send/data/raw/session_20260812_131332_hold_breath_off_hold_breath_off.csv,50.0,58.0,breathing,rejected,insufficient_samples,not_evaluated,,25,,,,,,,,,,,,,
session_20260812_131332_hold_breath_off_hold_breath_off_w00021,session_20260812_131332_hold_breath_off_hold_breath_off,/Users/jandonyggarofalo/Documents/Desa/UNI/Semestre7/embebidos/esp-csi/examples/get-started/csi_send/data/raw/session_20260812_131332_hold_breath_off_hold_breath_off.csv,52.0,60.0,breathing,rejected,transition_guard,not_evaluated,,25,,,,,,,,,,,,,
session_20260812_131332_hold_breath_off_hold_breath_off_w00022,session_20260812_131332_hold_breath_off_hold_breath_off,/Users/jandonyggarofalo/Documents/Desa/UNI/Semestre7/embebidos/esp-csi/examples/get-started/csi_send/data/raw/session_20260812_131332_hold_breath_off_hold_breath_off.csv,54.0,62.0,hold_breath,rejected,mixed_or_unknown_label,not_evaluated,,59,,,,,,,,,,,,,
session_20260812_131332_hold_breath_off_hold_breath_off_w00023,session_20260812_131332_hold_breath_off_hold_breath_off,/Users/jandonyggarofalo/Documents/Desa/UNI/Semestre7/embebidos/esp-csi/examples/get-started/csi_send/data/raw/session_20260812_131332_hold_breath_off_hold_breath_off.csv,56.0,64.0,hold_breath,rejected,mixed_or_unknown_label,not_evaluated,,41,,,,,,,,,,,,,
session_20260812_131332_hold_breath_off_hold_breath_off_w00024,session_20260812_131332_hold_breath_off_hold_breath_off,/Users/jandonyggarofalo/Documents/Desa/UNI/Semestre7/embebidos/esp-csi/examples/get-started/csi_send/data/raw/session_20260812_131332_hold_breath_off_hold_breath_off.csv,58.0,66.0,hold_breath,rejected,transition_guard,not_evaluated,,112,,,,,,,,,,,,,
session_20260812_131332_hold_breath_off_hold_breath_off_w00025,session_20260812_131332_hold_breath_off_hold_breath_off,/Users/jandonyggarofalo/Documents/Desa/UNI/Semestre7/embebidos/esp-csi/examples/get-started/csi_send/data/raw/session_20260812_131332_hold_breath_off_hold_breath_off.csv,60.0,68.0,hold_breath,rejected,transition_guard,not_evaluated,,326,,,,,,,,,,,,,
session_20260812_131332_hold_breath_off_hold_breath_off_w00026,session_20260812_131332_hold_breath_off_hold_breath_off,/Users/jandonyggarofalo/Documents/Desa/UNI/Semestre7/embebidos/esp-csi/examples/get-started/csi_send/data/raw/session_20260812_131332_hold_breath_off_hold_breath_off.csv,62.0,70.0,hold_breath,rejected,time_gap,not_evaluated,,486,134.974,,,,,,,,,,,,
session_20260812_131332_hold_breath_off_hold_breath_off_w00027,session_20260812_131332_hold_breath_off_hold_breath_off,/Users/jandonyggarofalo/Documents/Desa/UNI/Semestre7/embebidos/esp-csi/examples/get-started/csi_send/data/raw/session_20260812_131332_hold_breath_off_hold_breath_off.csv,64.0,72.0,hold_breath,rejected,time_gap,not_evaluated,,688,134.974,,,,,,,,,,,,
session_20260812_131332_hold_breath_off_hold_breath_off_w00028,session_20260812_131332_hold_breath_off_hold_breath_off,/Users/jandonyggarofalo/Documents/Desa/UNI/Semestre7/embebidos/esp-csi/examples/get-started/csi_send/data/raw/session_20260812_131332_hold_breath_off_hold_breath_off.csv,66.0,74.0,hold_breath,rejected,time_gap,not_evaluated,,814,122.258,,,,,,,,,,,,
session_20260812_131332_hold_breath_off_hold_breath_off_w00029,session_20260812_131332_hold_breath_off_hold_breath_off,/Users/jandonyggarofalo/Documents/Desa/UNI/Semestre7/embebidos/esp-csi/examples/get-started/csi_send/data/raw/session_20260812_131332_hold_breath_off_hold_breath_off.csv,68.0,76.0,hold_breath,rejected,time_gap,not_evaluated,,803,122.258,,,,,,,,,,,,
session_20260812_131332_hold_breath_off_hold_breath_off_w00030,session_20260812_131332_hold_breath_off_hold_breath_off,/Users/jandonyggarofalo/Documents/Desa/UNI/Semestre7/embebidos/esp-csi/examples/get-started/csi_send/data/raw/session_20260812_131332_hold_breath_off_hold_breath_off.csv,70.0,78.0,hold_breath,rejected,time_gap,not_evaluated,,817,122.258,,,,,,,,,,,,
session_20260812_131332_hold_breath_off_hold_breath_off_w00031,session_20260812_131332_hold_breath_off_hold_breath_off,/Users/jandonyggarofalo/Documents/Desa/UNI/Semestre7/embebidos/esp-csi/examples/get-started/csi_send/data/raw/session_20260812_131332_hold_breath_off_hold_breath_off.csv,72.0,80.0,hold_breath,accepted,,ambiguous_breathing_evidence,,821,45.7,2.855e-05,129.1504845797424,2.619681382706745,49.300073448722365,57.53768577138037,4,1.1562455690635454,0.25,292.62814084986275,0.617245614528656,2.111096040009249,1.621801514641147
session_20260812_131332_hold_breath_off_hold_breath_off_w00032,session_20260812_131332_hold_breath_off_hold_breath_off,/Users/jandonyggarofalo/Documents/Desa/UNI/Semestre7/embebidos/esp-csi/examples/get-started/csi_send/data/raw/session_20260812_131332_hold_breath_off_hold_breath_off.csv,74.0,82.0,hold_breath,accepted,,ambiguous_breathing_evidence,,820,41.201,7.622e-05,324.9555868263015,6.646105685646538,48.89413473036589,93.99755071105423,6,1.395582484248274,0.375,527.6078992252537,0.6647015810012817,2.5118240080117435,1.621801514641147
session_20260812_131332_hold_breath_off_hold_breath_off_w00033,session_20260812_131332_hold_breath_off_hold_breath_off,/Users/jandonyggarofalo/Documents/Desa/UNI/Semestre7/embebidos/esp-csi/examples/get-started/csi_send/data/raw/session_20260812_131332_hold_breath_off_hold_breath_off.csv,76.0,84.0,hold_breath,accepted,,ambiguous_breathing_evidence,,817,46.633,0.0,145.64886807078219,3.1734899953939846,45.895486761304305,124.04719305806213,5,1.287113127480905,0.375,347.7515238359165,0.6828241348266602,2.163307113800466,1.621801514641147
session_20260812_131332_hold_breath_off_hold_breath_off_w00034,session_20260812_131332_hold_breath_off_hold_breath_off,/Users/jandonyggarofalo/Documents/Desa/UNI/Semestre7/embebidos/esp-csi/examples/get-started/csi_send/data/raw/session_20260812_131332_hold_breath_off_hold_breath_off.csv,78.0,86.0,hold_breath,accepted,,ambiguous_breathing_evidence,,807,46.633,0.00063894,48.10141988470268,1.0598603944664726,45.384675317423536,26.049785486045504,5,1.477438992535527,0.125,85.48721214160318,0.6685401797294617,1.6821578963112616,1.621801514641147
session_20260812_131332_hold_breath_off_hold_breath_off_w00035,session_20260812_131332_hold_breath_off_hold_breath_off,/Users/jandonyggarofalo/Documents/Desa/UNI/Semestre7/embebidos/esp-csi/examples/get-started/csi_send/data/raw/session_20260812_131332_hold_breath_off_hold_breath_off.csv,80.0,88.0,hold_breath,accepted,,ambiguous_breathing_evidence,,804,46.633,0.00094255,91.39267029632896,1.8471618040152544,49.47734957360819,44.11888959458546,5,1.3665545886746744,0.375,138.74375565281431,0.6345853209495544,1.9609113666583062,1.621801514641147
session_20260812_131332_hold_breath_off_hold_breath_off_w00036,session_20260812_131332_hold_breath_off_hold_breath_off,/Users/jandonyggarofalo/Documents/Desa/UNI/Semestre7/embebidos/esp-csi/examples/get-started/csi_send/data/raw/session_20260812_131332_hold_breath_off_hold_breath_off.csv,82.0,90.0,hold_breath,accepted,,ambiguous_breathing_evidence,,804,46.633,0.00140897,326.19776548996305,7.828948325679746,41.665591842005085,258.7789662156244,4,1.47698406332308,0.125,535.6427846601307,0.5268443822860718,2.5134809817235637,1.621801514641147
session_20260812_131332_hold_breath_off_hold_breath_off_w00037,session_20260812_131332_hold_breath_off_hold_breath_off,/Users/jandonyggarofalo/Documents/Desa/UNI/Semestre7/embebidos/esp-csi/examples/get-started/csi_send/data/raw/session_20260812_131332_hold_breath_off_hold_breath_off.csv,84.0,92.0,hold_breath,accepted,,ambiguous_breathing_evidence,,810,38.02,0.00131173,172.3408908004233,3.5645778346073977,48.34819122959523,70.14372108795823,4,1.4471845207234126,0.25,243.16169814391765,0.5231389999389648,2.23638833340884,1.621801514641147
session_20260812_131332_hold_breath_off_hold_breath_off_w00038,session_20260812_131332_hold_breath_off_hold_breath_off,/Users/jandonyggarofalo/Documents/Desa/UNI/Semestre7/embebidos/esp-csi/examples/get-started/csi_send/data/raw/session_20260812_131332_hold_breath_off_hold_breath_off.csv,86.0,94.0,hold_breath,accepted,,ambiguous_breathing_evidence,,808,54.622,0.00116027,359.69027728605096,9.7536830813811,36.87737998916843,441.1146311758059,4,1.2144558657299096,0.125,870.5520417725513,0.47855886816978455,2.6445514629779874,1.621801514641147
session_20260812_131332_hold_breath_off_hold_breath_off_w00039,session_20260812_131332_hold_breath_off_hold_breath_off,/Users/jandonyggarofalo/Documents/Desa/UNI/Semestre7/embebidos/esp-csi/examples/get-started/csi_send/data/raw/session_20260812_131332_hold_breath_off_hold_breath_off.csv,88.0,96.0,hold_breath,accepted,,ambiguous_breathing_evidence,,806,54.622,0.00115346,116.97587993433112,2.3466603783627265,49.84780968428664,92.48798370141947,6,1.350095262920237,0.375,171.26680205356686,0.4392147362232208,2.068096320794652,1.621801514641147
session_20260812_131332_hold_breath_off_hold_breath_off_w00040,session_20260812_131332_hold_breath_off_hold_breath_off,/Users/jandonyggarofalo/Documents/Desa/UNI/Semestre7/embebidos/esp-csi/examples/get-started/csi_send/data/raw/session_20260812_131332_hold_breath_off_hold_breath_off.csv,90.0,98.0,hold_breath,accepted,,ambiguous_breathing_evidence,,811,54.622,0.00070322,80.06807564326694,2.046728784389577,39.12002227843176,66.94468625040335,2,1.3069254780923805,0.125,205.10982819329683,0.5827889442443848,1.903459390795756,1.621801514641147
session_20260812_131332_hold_breath_off_hold_breath_off_w00041,session_20260812_131332_hold_breath_off_hold_breath_off,/Users/jandonyggarofalo/Documents/Desa/UNI/Semestre7/embebidos/esp-csi/examples/get-started/csi_send/data/raw/session_20260812_131332_hold_breath_off_hold_breath_off.csv,92.0,100.0,hold_breath,accepted,,ambiguous_breathing_evidence,,812,54.622,0.00065425,27.249875409984867,0.8769109674495398,31.074848441237947,60.57822241852954,2,1.034089684324636,0.125,89.17517519461629,0.5403192043304443,1.7823165254321334,1.621801514641147
session_20260812_131332_hold_breath_off_hold_breath_off_w00042,session_20260812_131332_hold_breath_off_hold_breath_off,/Users/jandonyggarofalo/Documents/Desa/UNI/Semestre7/embebidos/esp-csi/examples/get-started/csi_send/data/raw/session_20260812_131332_hold_breath_off_hold_breath_off.csv,94.0,102.0,hold_breath,accepted,,high_confidence_hold,hold_breath,819,51.237,0.00219399,11.002191234707634,0.24713558495926932,44.518846755623635,14.437648415849722,6,1.3615361682925253,0.5,19.68692269116138,0.5327879786491394,1.1594964617109345,1.621801514641147
session_20260812_131332_hold_breath_off_hold_breath_off_w00043,session_20260812_131332_hold_breath_off_hold_breath_off,/Users/jandonyggarofalo/Documents/Desa/UNI/Semestre7/embebidos/esp-csi/examples/get-started/csi_send/data/raw/session_20260812_131332_hold_breath_off_hold_breath_off.csv,96.0,104.0,hold_breath,accepted,,ambiguous_breathing_evidence,,820,87.145,0.00224848,112.93698382525002,2.3043445651566223,49.01045856287767,37.75188930005201,4,1.4149713816713012,0.375,160.85323475622337,0.5757808685302734,2.0528361849809786,1.621801514641147
session_20260812_131332_hold_breath_off_hold_breath_off_w00044,session_20260812_131332_hold_breath_off_hold_breath_off,/Users/jandonyggarofalo/Documents/Desa/UNI/Semestre7/embebidos/esp-csi/examples/get-started/csi_send/data/raw/session_20260812_131332_hold_breath_off_hold_breath_off.csv,98.0,106.0,hold_breath,accepted,,ambiguous_breathing_evidence,,815,87.145,0.00228144,99.34434364060797,2.041893830069417,48.65304071033995,31.851950492869705,7,1.4483898928921604,0.375,132.4309269449669,0.5693690776824951,1.997143144766384,1.621801514641147
session_20260812_131332_hold_breath_off_hold_breath_off_w00045,session_20260812_131332_hold_breath_off_hold_breath_off,/Users/jandonyggarofalo/Documents/Desa/UNI/Semestre7/embebidos/esp-csi/examples/get-started/csi_send/data/raw/session_20260812_131332_hold_breath_off_hold_breath_off.csv,100.0,108.0,hold_breath,rejected,transition_guard,not_evaluated,,812,,,,,,,,,,,,,
session_20260812_131528_hold_breath_off_hold_breath_off_w00000,session_20260812_131528_hold_breath_off_hold_breath_off,/Users/jandonyggarofalo/Documents/Desa/UNI/Semestre7/embebidos/esp-csi/examples/get-started/csi_send/data/raw/session_20260812_131528_hold_breath_off_hold_breath_off.csv,10.0,18.0,breathing,rejected,time_gap,not_evaluated,,815,102.718,,,,,,,,,,,,
session_20260812_131528_hold_breath_off_hold_breath_off_w00001,session_20260812_131528_hold_breath_off_hold_breath_off,/Users/jandonyggarofalo/Documents/Desa/UNI/Semestre7/embebidos/esp-csi/examples/get-started/csi_send/data/raw/session_20260812_131528_hold_breath_off_hold_breath_off.csv,12.0,20.0,breathing,rejected,time_gap,not_evaluated,,812,102.718,,,,,,,,,,,,
session_20260812_131528_hold_breath_off_hold_breath_off_w00002,session_20260812_131528_hold_breath_off_hold_breath_off,/Users/jandonyggarofalo/Documents/Desa/UNI/Semestre7/embebidos/esp-csi/examples/get-started/csi_send/data/raw/session_20260812_131528_hold_breath_off_hold_breath_off.csv,14.0,22.0,breathing,rejected,time_gap,not_evaluated,,809,102.718,,,,,,,,,,,,
session_20260812_131528_hold_breath_off_hold_breath_off_w00003,session_20260812_131528_hold_breath_off_hold_breath_off,/Users/jandonyggarofalo/Documents/Desa/UNI/Semestre7/embebidos/esp-csi/examples/get-started/csi_send/data/raw/session_20260812_131528_hold_breath_off_hold_breath_off.csv,16.0,24.0,breathing,rejected,time_gap,not_evaluated,,806,102.718,,,,,,,,,,,,
session_20260812_131528_hold_breath_off_hold_breath_off_w00004,session_20260812_131528_hold_breath_off_hold_breath_off,/Users/jandonyggarofalo/Documents/Desa/UNI/Semestre7/embebidos/esp-csi/examples/get-started/csi_send/data/raw/session_20260812_131528_hold_breath_off_hold_breath_off.csv,18.0,26.0,breathing,accepted,,trusted_breathing,breathing,805,45.617,0.00120342,120.82267981579207,2.4918273263521047,48.487581197137445,44.86793662514173,6,1.3284085186195305,0.375,243.50506606351834,0.35719701647758484,2.082148464039571,2.082148464039571
session_20260812_131528_hold_breath_off_hold_breath_off_w00005,session_20260812_131528_hold_breath_off_hold_breath_off,/Users/jandonyggarofalo/Documents/Desa/UNI/Semestre7/embebidos/esp-csi/examples/get-started/csi_send/data/raw/session_20260812_131528_hold_breath_off_hold_breath_off.csv,20.0,28.0,breathing,accepted,,trusted_breathing,breathing,802,55.385,0.0,231.88418909652458,4.777381624434405,48.53792460507671,76.15381623851827,5,1.379962233484761,0.375,394.9719700233798,0.3828131854534149,2.365271137502908,2.082148464039571
session_20260812_131528_hold_breath_off_hold_breath_off_w00006,session_20260812_131528_hold_breath_off_hold_breath_off,/Users/jandonyggarofalo/Documents/Desa/UNI/Semestre7/embebidos/esp-csi/examples/get-started/csi_send/data/raw/session_20260812_131528_hold_breath_off_hold_breath_off.csv,22.0,30.0,breathing,accepted,,trusted_breathing,breathing,806,55.385,0.00011632,465.50210334890005,9.637437444688928,48.30143967423459,314.3351899025804,3,1.293176343372222,0.25,745.0047042241326,0.5235055088996887,2.667921647660557,2.082148464039571
session_20260812_131528_hold_breath_off_hold_breath_off_w00007,session_20260812_131528_hold_breath_off_hold_breath_off,/Users/jandonyggarofalo/Documents/Desa/UNI/Semestre7/embebidos/esp-csi/examples/get-started/csi_send/data/raw/session_20260812_131528_hold_breath_off_hold_breath_off.csv,24.0,32.0,breathing,accepted,,trusted_breathing,breathing,804,71.136,0.00094255,721.7198803569487,14.656509728699456,49.24227484690117,189.29714679885393,4,1.3862875381493922,0.375,1013.3949064597936,0.48389434814453125,2.8583686684547724,2.082148464039571
session_20260812_131528_hold_breath_off_hold_breath_off_w00008,session_20260812_131528_hold_breath_off_hold_breath_off,/Users/jandonyggarofalo/Documents/Desa/UNI/Semestre7/embebidos/esp-csi/examples/get-started/csi_send/data/raw/session_20260812_131528_hold_breath_off_hold_breath_off.csv,26.0,34.0,breathing,accepted,,trusted_breathing,breathing,808,71.136,0.00092822,836.4987630059783,16.72565500404862,50.01291505794213,286.2281745896795,5,1.0417622214894195,0.375,1823.8729891682071,0.49223995208740234,2.9224653030747736,2.082148464039571
session_20260812_131528_hold_breath_off_hold_breath_off_w00009,session_20260812_131528_hold_breath_off_hold_breath_off,/Users/jandonyggarofalo/Documents/Desa/UNI/Semestre7/embebidos/esp-csi/examples/get-started/csi_send/data/raw/session_20260812_131528_hold_breath_off_hold_breath_off.csv,28.0,36.0,breathing,accepted,,trusted_breathing,breathing,799,71.136,0.00090934,1631.270408320551,35.8192728645277,45.54169523457787,778.9737895408549,5,1.4422574850414542,0.375,2322.2311947088383,0.5282347202301025,3.2125259580405525,2.082148464039571
session_20260812_131528_hold_breath_off_hold_breath_off_w00010,session_20260812_131528_hold_breath_off_hold_breath_off,/Users/jandonyggarofalo/Documents/Desa/UNI/Semestre7/embebidos/esp-csi/examples/get-started/csi_send/data/raw/session_20260812_131528_hold_breath_off_hold_breath_off.csv,30.0,38.0,breathing,accepted,,trusted_breathing,breathing,791,71.136,0.00137287,2412.834457206474,48.42152288094533,49.82979290302152,648.5079103645717,5,1.1657860119954313,0.375,4904.52598655593,0.49126744270324707,3.3825275263066312,2.082148464039571
session_20260812_131528_hold_breath_off_hold_breath_off_w00011,session_20260812_131528_hold_breath_off_hold_breath_off,/Users/jandonyggarofalo/Documents/Desa/UNI/Semestre7/embebidos/esp-csi/examples/get-started/csi_send/data/raw/session_20260812_131528_hold_breath_off_hold_breath_off.csv,32.0,40.0,breathing,accepted,,trusted_breathing,breathing,799,49.661,0.00082134,1134.7281980994053,23.706399283244508,47.86590255827566,681.5582891831347,5,1.3334529675648639,0.375,2251.6279937016584,0.48407962918281555,3.054891847254426,2.082148464039571
session_20260812_131528_hold_breath_off_hold_breath_off_w00012,session_20260812_131528_hold_breath_off_hold_breath_off,/Users/jandonyggarofalo/Documents/Desa/UNI/Semestre7/embebidos/esp-csi/examples/get-started/csi_send/data/raw/session_20260812_131528_hold_breath_off_hold_breath_off.csv,34.0,42.0,breathing,accepted,,trusted_breathing,breathing,794,69.088,0.00076747,62.57577365126601,1.9557947873488677,31.99506106469235,126.51326819215925,3,1.098537866534383,0.125,207.5243865819858,0.44397810101509094,2.1021360749226363,2.082148464039571
session_20260812_131528_hold_breath_off_hold_breath_off_w00013,session_20260812_131528_hold_breath_off_hold_breath_off,/Users/jandonyggarofalo/Documents/Desa/UNI/Semestre7/embebidos/esp-csi/examples/get-started/csi_send/data/raw/session_20260812_131528_hold_breath_off_hold_breath_off.csv,36.0,44.0,breathing,accepted,,trusted_breathing,breathing,797,69.088,0.00106846,20.407412015020544,0.4433314117394423,46.0319559466914,12.542118249327658,5,1.4283716835983196,0.25,31.483612654724503,0.4391117990016937,1.3097879327484265,2.082148464039571
session_20260812_131528_hold_breath_off_hold_breath_off_w00014,session_20260812_131528_hold_breath_off_hold_breath_off,/Users/jandonyggarofalo/Documents/Desa/UNI/Semestre7/embebidos/esp-csi/examples/get-started/csi_send/data/raw/session_20260812_131528_hold_breath_off_hold_breath_off.csv,38.0,46.0,breathing,accepted,,trusted_breathing,breathing,801,69.088,0.00148252,28.03399188482022,0.591430149146258,47.40034292340437,21.634125497482792,5,1.188148403085794,0.375,58.2112678825372,0.49891602993011475,1.4476849432869743,2.082148464039571
session_20260812_131528_hold_breath_off_hold_breath_off_w00015,session_20260812_131528_hold_breath_off_hold_breath_off,/Users/jandonyggarofalo/Documents/Desa/UNI/Semestre7/embebidos/esp-csi/examples/get-started/csi_send/data/raw/session_20260812_131528_hold_breath_off_hold_breath_off.csv,40.0,48.0,breathing,accepted,,trusted_breathing,breathing,795,69.088,0.00197524,53.878198383840584,1.2382916876724461,43.51010260358702,63.878024500455325,5,1.3630998674816264,0.375,125.66611841166139,0.5501941442489624,1.8053514766302339,2.082148464039571
session_20260812_131528_hold_breath_off_hold_breath_off_w00016,session_20260812_131528_hold_breath_off_hold_breath_off,/Users/jandonyggarofalo/Documents/Desa/UNI/Semestre7/embebidos/esp-csi/examples/get-started/csi_send/data/raw/session_20260812_131528_hold_breath_off_hold_breath_off.csv,42.0,50.0,breathing,accepted,,trusted_breathing,breathing,789,45.692,0.00149517,37.0940054956157,0.7426405024827518,49.94880480064751,19.220129775114202,5,0.977596661560559,0.375,86.56590651732567,0.5363042950630188,1.569303731972966,2.082148464039571
session_20260812_131528_hold_breath_off_hold_breath_off_w00017,session_20260812_131528_hold_breath_off_hold_breath_off,/Users/jandonyggarofalo/Documents/Desa/UNI/Semestre7/embebidos/esp-csi/examples/get-started/csi_send/data/raw/session_20260812_131528_hold_breath_off_hold_breath_off.csv,44.0,52.0,breathing,accepted,,trusted_breathing,breathing,794,56.066,0.00075764,337.96201094429165,7.1419046313491155,47.320991862699074,167.11792514359655,2,1.2106947010851754,0.125,721.7687880560541,0.6346505284309387,2.5288678855897975,2.082148464039571
session_20260812_131528_hold_breath_off_hold_breath_off_w00018,session_20260812_131528_hold_breath_off_hold_breath_off,/Users/jandonyggarofalo/Documents/Desa/UNI/Semestre7/embebidos/esp-csi/examples/get-started/csi_send/data/raw/session_20260812_131528_hold_breath_off_hold_breath_off.csv,46.0,54.0,breathing,accepted,,trusted_breathing,breathing,793,73.903,0.00060096,653.307686072281,13.501818755491529,48.386643155501986,216.64207900699031,5,1.3723666818979232,0.25,1017.70596248651,0.6654443144798279,2.8151177676328616,2.082148464039571
session_20260812_131528_hold_breath_off_hold_breath_off_w00019,session_20260812_131528_hold_breath_off_hold_breath_off,/Users/jandonyggarofalo/Documents/Desa/UNI/Semestre7/embebidos/esp-csi/examples/get-started/csi_send/data/raw/session_20260812_131528_hold_breath_off_hold_breath_off.csv,48.0,56.0,breathing,accepted,,trusted_breathing,breathing,793,73.903,0.00022659,657.3532811331007,13.391448449309038,49.087541472555884,188.53673279596765,4,1.3439838164384612,0.375,1002.7689929290832,0.6623685359954834,2.817798835025366,2.082148464039571
session_20260812_131528_hold_breath_off_hold_breath_off_w00020,session_20260812_131528_hold_breath_off_hold_breath_off,/Users/jandonyggarofalo/Documents/Desa/UNI/Semestre7/embebidos/esp-csi/examples/get-started/csi_send/data/raw/session_20260812_131528_hold_breath_off_hold_breath_off.csv,50.0,58.0,breathing,accepted,,trusted_breathing,breathing,805,73.903,0.00133929,348.4257744216773,11.371516251175546,30.640221297281062,839.261688518157,2,1.1167831245919881,0.125,1145.112068177214,0.6543677449226379,2.9238973984438377,2.082148464039571
session_20260812_131528_hold_breath_off_hold_breath_off_w00021,session_20260812_131528_hold_breath_off_hold_breath_off,/Users/jandonyggarofalo/Documents/Desa/UNI/Semestre7/embebidos/esp-csi/examples/get-started/csi_send/data/raw/session_20260812_131528_hold_breath_off_hold_breath_off.csv,52.0,60.0,breathing,rejected,transition_guard,not_evaluated,,804,,,,,,,,,,,,,
session_20260812_131528_hold_breath_off_hold_breath_off_w00022,session_20260812_131528_hold_breath_off_hold_breath_off,/Users/jandonyggarofalo/Documents/Desa/UNI/Semestre7/embebidos/esp-csi/examples/get-started/csi_send/data/raw/session_20260812_131528_hold_breath_off_hold_breath_off.csv,54.0,62.0,breathing,rejected,mixed_or_unknown_label,not_evaluated,,807,,,,,,,,,,,,,
session_20260812_131528_hold_breath_off_hold_breath_off_w00023,session_20260812_131528_hold_breath_off_hold_breath_off,/Users/jandonyggarofalo/Documents/Desa/UNI/Semestre7/embebidos/esp-csi/examples/get-started/csi_send/data/raw/session_20260812_131528_hold_breath_off_hold_breath_off.csv,56.0,64.0,breathing,rejected,mixed_or_unknown_label,not_evaluated,,807,,,,,,,,,,,,,
session_20260812_131528_hold_breath_off_hold_breath_off_w00024,session_20260812_131528_hold_breath_off_hold_breath_off,/Users/jandonyggarofalo/Documents/Desa/UNI/Semestre7/embebidos/esp-csi/examples/get-started/csi_send/data/raw/session_20260812_131528_hold_breath_off_hold_breath_off.csv,58.0,66.0,hold_breath,rejected,mixed_or_unknown_label,not_evaluated,,807,,,,,,,,,,,,,
session_20260812_131528_hold_breath_off_hold_breath_off_w00025,session_20260812_131528_hold_breath_off_hold_breath_off,/Users/jandonyggarofalo/Documents/Desa/UNI/Semestre7/embebidos/esp-csi/examples/get-started/csi_send/data/raw/session_20260812_131528_hold_breath_off_hold_breath_off.csv,60.0,68.0,hold_breath,rejected,transition_guard,not_evaluated,,807,,,,,,,,,,,,,
session_20260812_131528_hold_breath_off_hold_breath_off_w00026,session_20260812_131528_hold_breath_off_hold_breath_off,/Users/jandonyggarofalo/Documents/Desa/UNI/Semestre7/embebidos/esp-csi/examples/get-started/csi_send/data/raw/session_20260812_131528_hold_breath_off_hold_breath_off.csv,62.0,70.0,hold_breath,rejected,time_gap,not_evaluated,,804,104.942,,,,,,,,,,,,
session_20260812_131528_hold_breath_off_hold_breath_off_w00027,session_20260812_131528_hold_breath_off_hold_breath_off,/Users/jandonyggarofalo/Documents/Desa/UNI/Semestre7/embebidos/esp-csi/examples/get-started/csi_send/data/raw/session_20260812_131528_hold_breath_off_hold_breath_off.csv,64.0,72.0,hold_breath,accepted,,ambiguous_breathing_evidence,,798,72.573,0.00046013,1136.6140316285578,26.214697083405227,43.35789301750234,983.7462761722143,6,1.55941356096761,0.5,2179.030641717734,0.5845834612846375,3.055613013156222,2.082148464039571
session_20260812_131528_hold_breath_off_hold_breath_off_w00028,session_20260812_131528_hold_breath_off_hold_breath_off,/Users/jandonyggarofalo/Documents/Desa/UNI/Semestre7/embebidos/esp-csi/examples/get-started/csi_send/data/raw/session_20260812_131528_hold_breath_off_hold_breath_off.csv,66.0,74.0,hold_breath,accepted,,ambiguous_breathing_evidence,,797,72.573,0.00144095,2389.390109261522,48.15023588831914,49.623642858229886,783.9602030011681,5,1.1992300533785598,0.375,4951.747907381919,0.5661900043487549,3.3782870616244303,2.082148464039571
session_20260812_131528_hold_breath_off_hold_breath_off_w00029,session_20260812_131528_hold_breath_off_hold_breath_off,/Users/jandonyggarofalo/Documents/Desa/UNI/Semestre7/embebidos/esp-csi/examples/get-started/csi_send/data/raw/session_20260812_131528_hold_breath_off_hold_breath_off.csv,68.0,76.0,hold_breath,accepted,,ambiguous_breathing_evidence,,792,83.858,0.00131195,2241.7991106571594,47.547769624899416,47.148354767058215,1065.4194688107102,5,1.367809849402085,0.375,4719.007785268168,0.5525190830230713,3.350596692539952,2.082148464039571
session_20260812_131528_hold_breath_off_hold_breath_off_w00030,session_20260812_131528_hold_breath_off_hold_breath_off,/Users/jandonyggarofalo/Documents/Desa/UNI/Semestre7/embebidos/esp-csi/examples/get-started/csi_send/data/raw/session_20260812_131528_hold_breath_off_hold_breath_off.csv,70.0,78.0,hold_breath,accepted,,ambiguous_breathing_evidence,,796,83.858,0.00122684,1325.7314340067048,27.196445293693845,48.74649681934937,629.6081186656488,4,1.179540880039348,0.25,2465.9587556386527,0.5069499015808105,3.122455553825752,2.082148464039571
session_20260812_131528_hold_breath_off_hold_breath_off_w00031,session_20260812_131528_hold_breath_off_hold_breath_off,/Users/jandonyggarofalo/Documents/Desa/UNI/Semestre7/embebidos/esp-csi/examples/get-started/csi_send/data/raw/session_20260812_131528_hold_breath_off_hold_breath_off.csv,72.0,80.0,hold_breath,accepted,,ambiguous_breathing_evidence,,804,83.858,0.0012535,722.6143621483952,16.16353887427079,44.706445028483955,858.7006164245795,4,1.0694696047700032,0.25,1836.090980702046,0.5391680002212524,2.933841774660335,2.082148464039571
session_20260812_131528_hold_breath_off_hold_breath_off_w00032,session_20260812_131528_hold_breath_off_hold_breath_off,/Users/jandonyggarofalo/Documents/Desa/UNI/Semestre7/embebidos/esp-csi/examples/get-started/csi_send/data/raw/session_20260812_131528_hold_breath_off_hold_breath_off.csv,74.0,82.0,hold_breath,accepted,,ambiguous_breathing_evidence,,803,83.858,0.00020431,1883.4102622606842,38.357813967049836,49.10108443297952,513.3653381913823,4,1.2252383054956726,0.25,3758.079479722524,0.5670292973518372,3.2749449324588826,2.082148464039571
session_20260812_131528_hold_breath_off_hold_breath_off_w00033,session_20260812_131528_hold_breath_off_hold_breath_off,/Users/jandonyggarofalo/Documents/Desa/UNI/Semestre7/embebidos/esp-csi/examples/get-started/csi_send/data/raw/session_20260812_131528_hold_breath_off_hold_breath_off.csv,76.0,84.0,hold_breath,accepted,,ambiguous_breathing_evidence,,812,81.406,0.00104872,2382.5567792032066,47.86387381784418,49.777767429992544,842.8193611132618,4,1.0380152260128153,0.25,5178.531956074503,0.46661967039108276,3.37704325919528,2.082148464039571
session_20260812_131528_hold_breath_off_hold_breath_off_w00034,session_20260812_131528_hold_breath_off_hold_breath_off,/Users/jandonyggarofalo/Documents/Desa/UNI/Semestre7/embebidos/esp-csi/examples/get-started/csi_send/data/raw/session_20260812_131528_hold_breath_off_hold_breath_off.csv,78.0,86.0,hold_breath,accepted,,ambiguous_breathing_evidence,,811,81.406,0.00107891,765.7605090200796,15.817670466368197,48.41171211956933,239.45953472516305,4,1.4565445452681518,0.375,1159.6398827428227,0.44119980931282043,2.884092965619797,2.082148464039571
session_20260812_131528_hold_breath_off_hold_breath_off_w00035,session_20260812_131528_hold_breath_off_hold_breath_off,/Users/jandonyggarofalo/Documents/Desa/UNI/Semestre7/embebidos/esp-csi/examples/get-started/csi_send/data/raw/session_20260812_131528_hold_breath_off_hold_breath_off.csv,80.0,88.0,hold_breath,accepted,,ambiguous_breathing_evidence,,806,75.363,0.00240385,513.2478886108998,10.389157347685812,49.40226347858487,188.36441402769537,6,1.2614878000708611,0.375,998.7722623121822,0.5207777619361877,2.7103271714541814,2.082148464039571
session_20260812_131528_hold_breath_off_hold_breath_off_w00036,session_20260812_131528_hold_breath_off_hold_breath_off,/Users/jandonyggarofalo/Documents/Desa/UNI/Semestre7/embebidos/esp-csi/examples/get-started/csi_send/data/raw/session_20260812_131528_hold_breath_off_hold_breath_off.csv,82.0,90.0,hold_breath,rejected,time_gap,not_evaluated,,791,107.36,,,,,,,,,,,,
session_20260812_131528_hold_breath_off_hold_breath_off_w00037,session_20260812_131528_hold_breath_off_hold_breath_off,/Users/jandonyggarofalo/Documents/Desa/UNI/Semestre7/embebidos/esp-csi/examples/get-started/csi_send/data/raw/session_20260812_131528_hold_breath_off_hold_breath_off.csv,84.0,92.0,hold_breath,rejected,time_gap,not_evaluated,,783,107.36,,,,,,,,,,,,
session_20260812_131528_hold_breath_off_hold_breath_off_w00038,session_20260812_131528_hold_breath_off_hold_breath_off,/Users/jandonyggarofalo/Documents/Desa/UNI/Semestre7/embebidos/esp-csi/examples/get-started/csi_send/data/raw/session_20260812_131528_hold_breath_off_hold_breath_off.csv,86.0,94.0,hold_breath,rejected,time_gap,not_evaluated,,784,107.36,,,,,,,,,,,,
session_20260812_131528_hold_breath_off_hold_breath_off_w00039,session_20260812_131528_hold_breath_off_hold_breath_off,/Users/jandonyggarofalo/Documents/Desa/UNI/Semestre7/embebidos/esp-csi/examples/get-started/csi_send/data/raw/session_20260812_131528_hold_breath_off_hold_breath_off.csv,88.0,96.0,hold_breath,rejected,time_gap,not_evaluated,,779,107.36,,,,,,,,,,,,
session_20260812_131528_hold_breath_off_hold_breath_off_w00040,session_20260812_131528_hold_breath_off_hold_breath_off,/Users/jandonyggarofalo/Documents/Desa/UNI/Semestre7/embebidos/esp-csi/examples/get-started/csi_send/data/raw/session_20260812_131528_hold_breath_off_hold_breath_off.csv,90.0,98.0,hold_breath,accepted,,ambiguous_breathing_evidence,,794,50.951,0.00183997,126.90277988226853,2.6135689802200908,48.55535891443485,32.85536475446464,5,1.4215241482315553,0.25,186.71986926610558,0.42819616198539734,2.1034711356826223,2.082148464039571
session_20260812_131528_hold_breath_off_hold_breath_off_w00041,session_20260812_131528_hold_breath_off_hold_breath_off,/Users/jandonyggarofalo/Documents/Desa/UNI/Semestre7/embebidos/esp-csi/examples/get-started/csi_send/data/raw/session_20260812_131528_hold_breath_off_hold_breath_off.csv,92.0,100.0,hold_breath,rejected,transition_guard,not_evaluated,,792,,,,,,,,,,,,,
session_20260812_131729_hold_breath_off_hold_breath_off_w00000,session_20260812_131729_hold_breath_off_hold_breath_off,/Users/jandonyggarofalo/Documents/Desa/UNI/Semestre7/embebidos/esp-csi/examples/get-started/csi_send/data/raw/session_20260812_131729_hold_breath_off_hold_breath_off.csv,10.0,18.0,breathing,accepted,,trusted_breathing,breathing,816,45.898,0.0,21.015848804102927,0.4881961681257714,43.047959357693436,17.286107034095195,4,1.3871475402196058,0.375,46.67518160484748,0.543114185333252,1.322546935311914,1.2349547614606287
session_20260812_131729_hold_breath_off_hold_breath_off_w00001,session_20260812_131729_hold_breath_off_hold_breath_off,/Users/jandonyggarofalo/Documents/Desa/UNI/Semestre7/embebidos/esp-csi/examples/get-started/csi_send/data/raw/session_20260812_131729_hold_breath_off_hold_breath_off.csv,12.0,20.0,breathing,accepted,,trusted_breathing,breathing,816,39.045,0.0,32.65610417530392,0.7156259181046877,45.63292545600771,28.482312306678228,6,1.2593470692861488,0.375,66.2820919643563,0.5488110184669495,1.5139643728046237,1.2349547614606287
session_20260812_131729_hold_breath_off_hold_breath_off_w00002,session_20260812_131729_hold_breath_off_hold_breath_off,/Users/jandonyggarofalo/Documents/Desa/UNI/Semestre7/embebidos/esp-csi/examples/get-started/csi_send/data/raw/session_20260812_131729_hold_breath_off_hold_breath_off.csv,14.0,22.0,breathing,accepted,,trusted_breathing,breathing,811,39.045,0.00050092,47.37859520220052,1.016809087819105,46.595369543533025,20.609974279288828,5,1.4026340218579816,0.375,85.81658667972793,0.5837681293487549,1.6755821795404653,1.2349547614606287
session_20260812_131729_hold_breath_off_hold_breath_off_w00003,session_20260812_131729_hold_breath_off_hold_breath_off,/Users/jandonyggarofalo/Documents/Desa/UNI/Semestre7/embebidos/esp-csi/examples/get-started/csi_send/data/raw/session_20260812_131729_hold_breath_off_hold_breath_off.csv,16.0,24.0,breathing,accepted,,trusted_breathing,breathing,816,39.045,0.00050743,29.082070343449253,0.6464354254551742,44.98836109256656,27.297428754475494,5,1.3995348197701305,0.375,55.08510634596358,0.768634021282196,1.4636253205752612,1.2349547614606287
session_20260812_131729_hold_breath_off_hold_breath_off_w00004,session_20260812_131729_hold_breath_off_hold_breath_off,/Users/jandonyggarofalo/Documents/Desa/UNI/Semestre7/embebidos/esp-csi/examples/get-started/csi_send/data/raw/session_20260812_131729_hold_breath_off_hold_breath_off.csv,18.0,26.0,breathing,accepted,,trusted_breathing,breathing,818,39.045,0.00051574,12.24581628571638,0.2517749969823643,48.63793638144898,8.648218627854522,6,1.4216140766332337,0.5,19.78546029053382,0.7780446410179138,1.0879877397724507,1.2349547614606287
session_20260812_131729_hold_breath_off_hold_breath_off_w00005,session_20260812_131729_hold_breath_off_hold_breath_off,/Users/jandonyggarofalo/Documents/Desa/UNI/Semestre7/embebidos/esp-csi/examples/get-started/csi_send/data/raw/session_20260812_131729_hold_breath_off_hold_breath_off.csv,20.0,28.0,breathing,accepted,,trusted_breathing,breathing,814,45.979,0.00049908,431.01634050331705,12.391291072244563,34.78381211371285,686.4749392244406,2,1.0799170150686082,0.125,1421.8341758547379,0.788127064704895,2.8366246873044583,1.2349547614606287
session_20260812_131729_hold_breath_off_hold_breath_off_w00006,session_20260812_131729_hold_breath_off_hold_breath_off,/Users/jandonyggarofalo/Documents/Desa/UNI/Semestre7/embebidos/esp-csi/examples/get-started/csi_send/data/raw/session_20260812_131729_hold_breath_off_hold_breath_off.csv,22.0,30.0,breathing,accepted,,trusted_breathing,breathing,812,45.979,1.924e-05,3.7114438808531176,0.08343682094378364,44.48208643171168,2.8251634375371837,5,1.6445702283463095,0.125,4.3147335794444714,0.8095327019691467,0.5695428981583666,1.2349547614606287
session_20260812_131729_hold_breath_off_hold_breath_off_w00007,session_20260812_131729_hold_breath_off_hold_breath_off,/Users/jandonyggarofalo/Documents/Desa/UNI/Semestre7/embebidos/esp-csi/examples/get-started/csi_send/data/raw/session_20260812_131729_hold_breath_off_hold_breath_off.csv,24.0,32.0,breathing,accepted,,trusted_breathing,breathing,807,45.979,0.00057117,49.2621389209555,1.3033734306358111,37.79587473782296,45.7259543300455,3,1.1095352593192103,0.125,149.9092150322588,0.8339047431945801,1.6925132646163983,1.2349547614606287
session_20260812_131729_hold_breath_off_hold_breath_off_w00008,session_20260812_131729_hold_breath_off_hold_breath_off,/Users/jandonyggarofalo/Documents/Desa/UNI/Semestre7/embebidos/esp-csi/examples/get-started/csi_send/data/raw/session_20260812_131729_hold_breath_off_hold_breath_off.csv,26.0,34.0,breathing,accepted,,trusted_breathing,breathing,805,45.979,0.00111607,36.77729243479086,1.107883789708443,33.1959838896426,69.96647386552846,4,1.1797063770711897,0.125,102.25665905525491,0.8624494075775146,1.8448899871130662,1.2349547614606287
session_20260812_131729_hold_breath_off_hold_breath_off_w00009,session_20260812_131729_hold_breath_off_hold_breath_off,/Users/jandonyggarofalo/Documents/Desa/UNI/Semestre7/embebidos/esp-csi/examples/get-started/csi_send/data/raw/session_20260812_131729_hold_breath_off_hold_breath_off.csv,28.0,36.0,breathing,accepted,,trusted_breathing,breathing,802,44.971,0.00118844,12.552510127127892,0.29644515842729074,42.343447920281385,15.52228303750965,4,1.3389878321767634,0.25,28.631300733612544,0.8456555604934692,1.1909555982155295,1.2349547614606287
session_20260812_131729_hold_breath_off_hold_breath_off_w00010,session_20260812_131729_hold_breath_off_hold_breath_off,/Users/jandonyggarofalo/Documents/Desa/UNI/Semestre7/embebidos/esp-csi/examples/get-started/csi_send/data/raw/session_20260812_131729_hold_breath_off_hold_breath_off.csv,30.0,38.0,breathing,accepted,,trusted_breathing,breathing,802,82.953,0.00115921,16.23845369275912,0.37714508016980464,43.056252213087106,10.815037868633041,4,1.5196258543382524,0.125,32.51756307597174,0.8038161993026733,1.2105446711690169,1.2349547614606287
session_20260812_131729_hold_breath_off_hold_breath_off_w00011,session_20260812_131729_hold_breath_off_hold_breath_off,/Users/jandonyggarofalo/Documents/Desa/UNI/Semestre7/embebidos/esp-csi/examples/get-started/csi_send/data/raw/session_20260812_131729_hold_breath_off_hold_breath_off.csv,32.0,40.0,breathing,accepted,,trusted_breathing,breathing,790,92.316,0.00151305,43.92518312787868,1.1907385755080202,36.88902336022953,70.99541754301866,7,1.3578728566647984,0.125,118.56332480308637,0.7724009156227112,1.8512303177330725,1.2349547614606287
session_20260812_131729_hold_breath_off_hold_breath_off_w00012,session_20260812_131729_hold_breath_off_hold_breath_off,/Users/jandonyggarofalo/Documents/Desa/UNI/Semestre7/embebidos/esp-csi/examples/get-started/csi_send/data/raw/session_20260812_131729_hold_breath_off_hold_breath_off.csv,34.0,42.0,breathing,accepted,,trusted_breathing,breathing,795,92.316,0.00090409,8.586609851418174,0.18874760300525367,45.492550446501184,6.297673152044435,6,1.4079406461399058,0.25,17.404587384714663,0.7537285089492798,0.9338217303698855,1.2349547614606287
session_20260812_131729_hold_breath_off_hold_breath_off_w00013,session_20260812_131729_hold_breath_off_hold_breath_off,/Users/jandonyggarofalo/Documents/Desa/UNI/Semestre7/embebidos/esp-csi/examples/get-started/csi_send/data/raw/session_20260812_131729_hold_breath_off_hold_breath_off.csv,36.0,44.0,breathing,accepted,,trusted_breathing,breathing,800,92.316,0.00149414,93.25061474220006,2.6340179795972967,35.40242149615901,127.0808531752345,2,1.177136621709923,0.125,288.54534483483144,0.7752925753593445,2.104080121862169,1.2349547614606287
session_20260812_131729_hold_breath_off_hold_breath_off_w00014,session_20260812_131729_hold_breath_off_hold_breath_off,/Users/jandonyggarofalo/Documents/Desa/UNI/Semestre7/embebidos/esp-csi/examples/get-started/csi_send/data/raw/session_20260812_131729_hold_breath_off_hold_breath_off.csv,38.0,46.0,breathing,accepted,,trusted_breathing,breathing,810,92.316,0.00130208,34.92534534171922,0.817840234047665,42.70436191286844,25.31904529935233,4,1.3634571520427077,0.125,67.49575928241262,0.7547209858894348,1.5431407091101124,1.2349547614606287
session_20260812_131729_hold_breath_off_hold_breath_off_w00015,session_20260812_131729_hold_breath_off_hold_breath_off,/Users/jandonyggarofalo/Documents/Desa/UNI/Semestre7/embebidos/esp-csi/examples/get-started/csi_send/data/raw/session_20260812_131729_hold_breath_off_hold_breath_off.csv,40.0,48.0,breathing,accepted,,trusted_breathing,breathing,822,72.868,0.00150167,76.14928202532883,1.9092568272074635,39.884252836045725,83.41891085757646,5,1.4555202434555607,0.125,154.8527731260345,0.7665508985519409,1.9212645152672811,1.2349547614606287
session_20260812_131729_hold_breath_off_hold_breath_off_w00016,session_20260812_131729_hold_breath_off_hold_breath_off,/Users/jandonyggarofalo/Documents/Desa/UNI/Semestre7/embebidos/esp-csi/examples/get-started/csi_send/data/raw/session_20260812_131729_hold_breath_off_hold_breath_off.csv,42.0,50.0,breathing,accepted,,trusted_breathing,breathing,822,72.868,0.00145415,20.33223086606469,0.5019574210660085,40.505887576768096,19.291108446009673,6,1.6169743473397575,0.125,30.54890434705524,0.7612949013710022,1.308185032335464,1.2349547614606287
session_20260812_131729_hold_breath_off_hold_breath_off_w00017,session_20260812_131729_hold_breath_off_hold_breath_off,/Users/jandonyggarofalo/Documents/Desa/UNI/Semestre7/embebidos/esp-csi/examples/get-started/csi_send/data/raw/session_20260812_131729_hold_breath_off_hold_breath_off.csv,44.0,52.0,breathing,accepted,,trusted_breathing,breathing,815,64.187,0.00089149,24.05258283835088,0.5047806837356165,47.649570622042646,12.765162701407695,5,1.4732927507940567,0.375,30.893234640056356,0.80302894115448,1.3811617190556007,1.2349547614606287
session_20260812_131729_hold_breath_off_hold_breath_off_w00018,session_20260812_131729_hold_breath_off_hold_breath_off,/Users/jandonyggarofalo/Documents/Desa/UNI/Semestre7/embebidos/esp-csi/examples/get-started/csi_send/data/raw/session_20260812_131729_hold_breath_off_hold_breath_off.csv,46.0,54.0,breathing,rejected,time_gap,not_evaluated,,787,237.717,,,,,,,,,,,,
session_20260812_131729_hold_breath_off_hold_breath_off_w00019,session_20260812_131729_hold_breath_off_hold_breath_off,/Users/jandonyggarofalo/Documents/Desa/UNI/Semestre7/embebidos/esp-csi/examples/get-started/csi_send/data/raw/session_20260812_131729_hold_breath_off_hold_breath_off.csv,48.0,56.0,breathing,rejected,time_gap,not_evaluated,,768,239.621,,,,,,,,,,,,
session_20260812_131729_hold_breath_off_hold_breath_off_w00020,session_20260812_131729_hold_breath_off_hold_breath_off,/Users/jandonyggarofalo/Documents/Desa/UNI/Semestre7/embebidos/esp-csi/examples/get-started/csi_send/data/raw/session_20260812_131729_hold_breath_off_hold_breath_off.csv,50.0,58.0,breathing,rejected,time_gap,not_evaluated,,737,286.99,,,,,,,,,,,,
session_20260812_131729_hold_breath_off_hold_breath_off_w00021,session_20260812_131729_hold_breath_off_hold_breath_off,/Users/jandonyggarofalo/Documents/Desa/UNI/Semestre7/embebidos/esp-csi/examples/get-started/csi_send/data/raw/session_20260812_131729_hold_breath_off_hold_breath_off.csv,52.0,60.0,breathing,rejected,transition_guard,not_evaluated,,613,,,,,,,,,,,,,
session_20260812_131729_hold_breath_off_hold_breath_off_w00022,session_20260812_131729_hold_breath_off_hold_breath_off,/Users/jandonyggarofalo/Documents/Desa/UNI/Semestre7/embebidos/esp-csi/examples/get-started/csi_send/data/raw/session_20260812_131729_hold_breath_off_hold_breath_off.csv,54.0,62.0,breathing,rejected,transition_guard,not_evaluated,,429,,,,,,,,,,,,,
session_20260812_131729_hold_breath_off_hold_breath_off_w00023,session_20260812_131729_hold_breath_off_hold_breath_off,/Users/jandonyggarofalo/Documents/Desa/UNI/Semestre7/embebidos/esp-csi/examples/get-started/csi_send/data/raw/session_20260812_131729_hold_breath_off_hold_breath_off.csv,56.0,64.0,breathing,rejected,mixed_or_unknown_label,not_evaluated,,392,,,,,,,,,,,,,
session_20260812_131729_hold_breath_off_hold_breath_off_w00024,session_20260812_131729_hold_breath_off_hold_breath_off,/Users/jandonyggarofalo/Documents/Desa/UNI/Semestre7/embebidos/esp-csi/examples/get-started/csi_send/data/raw/session_20260812_131729_hold_breath_off_hold_breath_off.csv,58.0,66.0,hold_breath,rejected,mixed_or_unknown_label,not_evaluated,,417,,,,,,,,,,,,,
session_20260812_131729_hold_breath_off_hold_breath_off_w00025,session_20260812_131729_hold_breath_off_hold_breath_off,/Users/jandonyggarofalo/Documents/Desa/UNI/Semestre7/embebidos/esp-csi/examples/get-started/csi_send/data/raw/session_20260812_131729_hold_breath_off_hold_breath_off.csv,60.0,68.0,hold_breath,rejected,transition_guard,not_evaluated,,546,,,,,,,,,,,,,
session_20260812_131729_hold_breath_off_hold_breath_off_w00026,session_20260812_131729_hold_breath_off_hold_breath_off,/Users/jandonyggarofalo/Documents/Desa/UNI/Semestre7/embebidos/esp-csi/examples/get-started/csi_send/data/raw/session_20260812_131729_hold_breath_off_hold_breath_off.csv,62.0,70.0,hold_breath,accepted,,ambiguous_breathing_evidence,,742,59.206,0.00373779,40.47524900673912,0.8135523553305765,49.751252935949985,16.950565358566383,4,1.0405214348091691,0.25,97.88494669105498,0.8986008763313293,1.6071895292455607,1.2349547614606287
session_20260812_131729_hold_breath_off_hold_breath_off_w00027,session_20260812_131729_hold_breath_off_hold_breath_off,/Users/jandonyggarofalo/Documents/Desa/UNI/Semestre7/embebidos/esp-csi/examples/get-started/csi_send/data/raw/session_20260812_131729_hold_breath_off_hold_breath_off.csv,64.0,72.0,hold_breath,accepted,,ambiguous_breathing_evidence,,790,59.206,0.00136472,39.970791557408695,0.8368024228557006,47.76610399974135,19.74763119345265,5,1.4474004934878852,0.375,68.14811236535289,0.9119101166725159,1.6017427488508285,1.2349547614606287
session_20260812_131729_hold_breath_off_hold_breath_off_w00028,session_20260812_131729_hold_breath_off_hold_breath_off,/Users/jandonyggarofalo/Documents/Desa/UNI/Semestre7/embebidos/esp-csi/examples/get-started/csi_send/data/raw/session_20260812_131729_hold_breath_off_hold_breath_off.csv,66.0,74.0,hold_breath,accepted,,ambiguous_breathing_evidence,,794,54.06,0.0017711,17.561514292075575,0.4010236201299121,43.79172051347676,21.0301637689806,6,1.2997148053606418,0.375,43.90439692597488,0.9076246619224548,1.3228426546971666,1.2349547614606287
session_20260812_131729_hold_breath_off_hold_breath_off_w00029,session_20260812_131729_hold_breath_off_hold_breath_off,/Users/jandonyggarofalo/Documents/Desa/UNI/Semestre7/embebidos/esp-csi/examples/get-started/csi_send/data/raw/session_20260812_131729_hold_breath_off_hold_breath_off.csv,68.0,76.0,hold_breath,accepted,,high_confidence_hold,hold_breath,798,54.06,0.00194823,16.961891262153557,0.4142701807503372,40.94403133575963,14.744344861786846,5,1.5071049799404859,0.125,32.61734638828602,0.8815474510192871,1.2294742747440734,1.2349547614606287
session_20260812_131729_hold_breath_off_hold_breath_off_w00030,session_20260812_131729_hold_breath_off_hold_breath_off,/Users/jandonyggarofalo/Documents/Desa/UNI/Semestre7/embebidos/esp-csi/examples/get-started/csi_send/data/raw/session_20260812_131729_hold_breath_off_hold_breath_off.csv,70.0,78.0,hold_breath,accepted,,ambiguous_breathing_evidence,,808,48.644,0.00106358,48.505749640478726,1.3012504210959173,37.276260475358576,51.37966141500433,4,1.217422826877615,0.125,139.3356843064624,0.8806067109107971,1.7107912379980708,1.2349547614606287
session_20260812_131729_hold_breath_off_hold_breath_off_w00031,session_20260812_131729_hold_breath_off_hold_breath_off,/Users/jandonyggarofalo/Documents/Desa/UNI/Semestre7/embebidos/esp-csi/examples/get-started/csi_send/data/raw/session_20260812_131729_hold_breath_off_hold_breath_off.csv,72.0,80.0,hold_breath,accepted,,ambiguous_breathing_evidence,,811,48.644,0.00104038,46.91528675362681,1.1038743033855716,42.50056968415297,27.573302329893906,5,1.4080303595969,0.125,92.71177089816142,0.8636194467544556,1.6713143751462096,1.2349547614606287
session_20260812_131729_hold_breath_off_hold_breath_off_w00032,session_20260812_131729_hold_breath_off_hold_breath_off,/Users/jandonyggarofalo/Documents/Desa/UNI/Semestre7/embebidos/esp-csi/examples/get-started/csi_send/data/raw/session_20260812_131729_hold_breath_off_hold_breath_off.csv,74.0,82.0,hold_breath,accepted,,ambiguous_breathing_evidence,,816,52.277,0.0,37.25719104970401,0.8540436353899757,43.62445840679781,18.4682023959428,3,1.3118520264451092,0.125,79.88129514116252,0.8376240134239197,1.5712101088103954,1.2349547614606287
session_20260812_131729_hold_breath_off_hold_breath_off_w00033,session_20260812_131729_hold_breath_off_hold_breath_off,/Users/jandonyggarofalo/Documents/Desa/UNI/Semestre7/embebidos/esp-csi/examples/get-started/csi_send/data/raw/session_20260812_131729_hold_breath_off_hold_breath_off.csv,76.0,84.0,hold_breath,accepted,,ambiguous_breathing_evidence,,818,52.277,8.596e-05,14.162709775065832,0.3471107316472239,40.80170528815253,29.02183174168278,7,1.43806663120928,0.25,29.35161927808381,0.8685309290885925,1.4627248198935896,1.2349547614606287
session_20260812_131729_hold_breath_off_hold_breath_off_w00034,session_20260812_131729_hold_breath_off_hold_breath_off,/Users/jandonyggarofalo/Documents/Desa/UNI/Semestre7/embebidos/esp-csi/examples/get-started/csi_send/data/raw/session_20260812_131729_hold_breath_off_hold_breath_off.csv,78.0,86.0,hold_breath,accepted,,ambiguous_breathing_evidence,,814,52.277,0.00014396,108.9309526087873,2.5586864775833633,42.57299734183462,68.18001876529803,3,1.519301388631178,0.125,187.41765108805913,0.8696216344833374,2.037151301584737,1.2349547614606287
session_20260812_131729_hold_breath_off_hold_breath_off_w00035,session_20260812_131729_hold_breath_off_hold_breath_off,/Users/jandonyggarofalo/Documents/Desa/UNI/Semestre7/embebidos/esp-csi/examples/get-started/csi_send/data/raw/session_20260812_131729_hold_breath_off_hold_breath_off.csv,80.0,88.0,hold_breath,accepted,,ambiguous_breathing_evidence,,821,62.018,0.00019983,34.95492386202632,0.7340985618131004,47.61611816217962,17.152000382329188,4,1.2627388842331326,0.375,70.5137223914119,0.8802216053009033,1.5435083604962838,1.2349547614606287
session_20260812_131729_hold_breath_off_hold_breath_off_w00036,session_20260812_131729_hold_breath_off_hold_breath_off,/Users/jandonyggarofalo/Documents/Desa/UNI/Semestre7/embebidos/esp-csi/examples/get-started/csi_send/data/raw/session_20260812_131729_hold_breath_off_hold_breath_off.csv,82.0,90.0,hold_breath,accepted,,ambiguous_breathing_evidence,,817,62.018,0.00021994,18.293200655740314,0.37179430784586776,49.20247639529436,11.462094910720104,7,1.3462419015218368,0.5,26.960171203732465,0.885103702545166,1.2622896981236187,1.2349547614606287
session_20260812_131729_hold_breath_off_hold_breath_off_w00037,session_20260812_131729_hold_breath_off_hold_breath_off,/Users/jandonyggarofalo/Documents/Desa/UNI/Semestre7/embebidos/esp-csi/examples/get-started/csi_send/data/raw/session_20260812_131729_hold_breath_off_hold_breath_off.csv,84.0,92.0,hold_breath,rejected,time_gap,not_evaluated,,813,164.837,,,,,,,,,,,,
session_20260812_131729_hold_breath_off_hold_breath_off_w00038,session_20260812_131729_hold_breath_off_hold_breath_off,/Users/jandonyggarofalo/Documents/Desa/UNI/Semestre7/embebidos/esp-csi/examples/get-started/csi_send/data/raw/session_20260812_131729_hold_breath_off_hold_breath_off.csv,86.0,94.0,hold_breath,rejected,time_gap,not_evaluated,,808,164.837,,,,,,,,,,,,
session_20260812_131729_hold_breath_off_hold_breath_off_w00039,session_20260812_131729_hold_breath_off_hold_breath_off,/Users/jandonyggarofalo/Documents/Desa/UNI/Semestre7/embebidos/esp-csi/examples/get-started/csi_send/data/raw/session_20260812_131729_hold_breath_off_hold_breath_off.csv,88.0,96.0,hold_breath,rejected,time_gap,not_evaluated,,805,164.837,,,,,,,,,,,,
session_20260812_131729_hold_breath_off_hold_breath_off_w00040,session_20260812_131729_hold_breath_off_hold_breath_off,/Users/jandonyggarofalo/Documents/Desa/UNI/Semestre7/embebidos/esp-csi/examples/get-started/csi_send/data/raw/session_20260812_131729_hold_breath_off_hold_breath_off.csv,90.0,98.0,hold_breath,rejected,transition_guard,not_evaluated,,796,,,,,,,,,,,,,
session_20260812_131923_hold_breath_off_hold_breath_off_w00000,session_20260812_131923_hold_breath_off_hold_breath_off,/Users/jandonyggarofalo/Documents/Desa/UNI/Semestre7/embebidos/esp-csi/examples/get-started/csi_send/data/raw/session_20260812_131923_hold_breath_off_hold_breath_off.csv,11.406646,19.406646,breathing,rejected,time_gap,not_evaluated,,357,4956.634,,,,,,,,,,,,
session_20260812_131923_hold_breath_off_hold_breath_off_w00001,session_20260812_131923_hold_breath_off_hold_breath_off,/Users/jandonyggarofalo/Documents/Desa/UNI/Semestre7/embebidos/esp-csi/examples/get-started/csi_send/data/raw/session_20260812_131923_hold_breath_off_hold_breath_off.csv,13.406646,21.406646,breathing,rejected,time_gap,not_evaluated,,495,255.868,,,,,,,,,,,,
session_20260812_131923_hold_breath_off_hold_breath_off_w00002,session_20260812_131923_hold_breath_off_hold_breath_off,/Users/jandonyggarofalo/Documents/Desa/UNI/Semestre7/embebidos/esp-csi/examples/get-started/csi_send/data/raw/session_20260812_131923_hold_breath_off_hold_breath_off.csv,15.406646,23.406646,breathing,rejected,time_gap,not_evaluated,,680,275.724,,,,,,,,,,,,
session_20260812_131923_hold_breath_off_hold_breath_off_w00003,session_20260812_131923_hold_breath_off_hold_breath_off,/Users/jandonyggarofalo/Documents/Desa/UNI/Semestre7/embebidos/esp-csi/examples/get-started/csi_send/data/raw/session_20260812_131923_hold_breath_off_hold_breath_off.csv,17.406646,25.406646,breathing,rejected,time_gap,not_evaluated,,693,309.83,,,,,,,,,,,,
session_20260812_131923_hold_breath_off_hold_breath_off_w00004,session_20260812_131923_hold_breath_off_hold_breath_off,/Users/jandonyggarofalo/Documents/Desa/UNI/Semestre7/embebidos/esp-csi/examples/get-started/csi_send/data/raw/session_20260812_131923_hold_breath_off_hold_breath_off.csv,19.406646,27.406646,breathing,rejected,time_gap,not_evaluated,,594,309.83,,,,,,,,,,,,
session_20260812_131923_hold_breath_off_hold_breath_off_w00005,session_20260812_131923_hold_breath_off_hold_breath_off,/Users/jandonyggarofalo/Documents/Desa/UNI/Semestre7/embebidos/esp-csi/examples/get-started/csi_send/data/raw/session_20260812_131923_hold_breath_off_hold_breath_off.csv,21.406646,29.406646,breathing,rejected,time_gap,not_evaluated,,420,309.83,,,,,,,,,,,,
session_20260812_131923_hold_breath_off_hold_breath_off_w00006,session_20260812_131923_hold_breath_off_hold_breath_off,/Users/jandonyggarofalo/Documents/Desa/UNI/Semestre7/embebidos/esp-csi/examples/get-started/csi_send/data/raw/session_20260812_131923_hold_breath_off_hold_breath_off.csv,23.406646,31.406646,breathing,rejected,insufficient_samples,not_evaluated,,241,,,,,,,,,,,,,
session_20260812_131923_hold_breath_off_hold_breath_off_w00007,session_20260812_131923_hold_breath_off_hold_breath_off,/Users/jandonyggarofalo/Documents/Desa/UNI/Semestre7/embebidos/esp-csi/examples/get-started/csi_send/data/raw/session_20260812_131923_hold_breath_off_hold_breath_off.csv,25.406646,33.406646,breathing,rejected,insufficient_samples,not_evaluated,,121,,,,,,,,,,,,,
session_20260812_131923_hold_breath_off_hold_breath_off_w00008,session_20260812_131923_hold_breath_off_hold_breath_off,/Users/jandonyggarofalo/Documents/Desa/UNI/Semestre7/embebidos/esp-csi/examples/get-started/csi_send/data/raw/session_20260812_131923_hold_breath_off_hold_breath_off.csv,27.406646,35.406646,breathing,rejected,insufficient_samples,not_evaluated,,39,,,,,,,,,,,,,
session_20260812_131923_hold_breath_off_hold_breath_off_w00009,session_20260812_131923_hold_breath_off_hold_breath_off,/Users/jandonyggarofalo/Documents/Desa/UNI/Semestre7/embebidos/esp-csi/examples/get-started/csi_send/data/raw/session_20260812_131923_hold_breath_off_hold_breath_off.csv,29.406646,37.406646,breathing,rejected,insufficient_samples,not_evaluated,,87,,,,,,,,,,,,,
session_20260812_131923_hold_breath_off_hold_breath_off_w00010,session_20260812_131923_hold_breath_off_hold_breath_off,/Users/jandonyggarofalo/Documents/Desa/UNI/Semestre7/embebidos/esp-csi/examples/get-started/csi_send/data/raw/session_20260812_131923_hold_breath_off_hold_breath_off.csv,31.406646,39.406646,breathing,rejected,insufficient_samples,not_evaluated,,81,,,,,,,,,,,,,
session_20260812_131923_hold_breath_off_hold_breath_off_w00011,session_20260812_131923_hold_breath_off_hold_breath_off,/Users/jandonyggarofalo/Documents/Desa/UNI/Semestre7/embebidos/esp-csi/examples/get-started/csi_send/data/raw/session_20260812_131923_hold_breath_off_hold_breath_off.csv,33.406646,41.406646,breathing,rejected,insufficient_samples,not_evaluated,,48,,,,,,,,,,,,,
session_20260812_131923_hold_breath_off_hold_breath_off_w00012,session_20260812_131923_hold_breath_off_hold_breath_off,/Users/jandonyggarofalo/Documents/Desa/UNI/Semestre7/embebidos/esp-csi/examples/get-started/csi_send/data/raw/session_20260812_131923_hold_breath_off_hold_breath_off.csv,35.406646,43.406646,breathing,rejected,insufficient_samples,not_evaluated,,48,,,,,,,,,,,,,
session_20260812_131923_hold_breath_off_hold_breath_off_w00013,session_20260812_131923_hold_breath_off_hold_breath_off,/Users/jandonyggarofalo/Documents/Desa/UNI/Semestre7/embebidos/esp-csi/examples/get-started/csi_send/data/raw/session_20260812_131923_hold_breath_off_hold_breath_off.csv,37.406646,45.406646,unknown,rejected,no_samples,not_evaluated,,0,,,,,,,,,,,,,
session_20260812_131923_hold_breath_off_hold_breath_off_w00014,session_20260812_131923_hold_breath_off_hold_breath_off,/Users/jandonyggarofalo/Documents/Desa/UNI/Semestre7/embebidos/esp-csi/examples/get-started/csi_send/data/raw/session_20260812_131923_hold_breath_off_hold_breath_off.csv,39.406646,47.406646,breathing,rejected,insufficient_samples,not_evaluated,,100,,,,,,,,,,,,,
session_20260812_131923_hold_breath_off_hold_breath_off_w00015,session_20260812_131923_hold_breath_off_hold_breath_off,/Users/jandonyggarofalo/Documents/Desa/UNI/Semestre7/embebidos/esp-csi/examples/get-started/csi_send/data/raw/session_20260812_131923_hold_breath_off_hold_breath_off.csv,41.406646,49.406646,breathing,rejected,insufficient_samples,not_evaluated,,301,,,,,,,,,,,,,
session_20260812_131923_hold_breath_off_hold_breath_off_w00016,session_20260812_131923_hold_breath_off_hold_breath_off,/Users/jandonyggarofalo/Documents/Desa/UNI/Semestre7/embebidos/esp-csi/examples/get-started/csi_send/data/raw/session_20260812_131923_hold_breath_off_hold_breath_off.csv,43.406646,51.406646,breathing,accepted,,trusted_breathing,breathing,504,58.68,0.00454179,30.09247095864659,0.6053209236474519,49.71325091039343,7.689640493322465,3,1.2098527310455396,0.25,57.22372777066761,0.8735158443450928,1.4784578500746164,1.2287277092523587
session_20260812_131923_hold_breath_off_hold_breath_off_w00017,session_20260812_131923_hold_breath_off_hold_breath_off,/Users/jandonyggarofalo/Documents/Desa/UNI/Semestre7/embebidos/esp-csi/examples/get-started/csi_send/data/raw/session_20260812_131923_hold_breath_off_hold_breath_off.csv,45.406646,53.406646,breathing,accepted,,trusted_breathing,breathing,704,58.68,0.00355114,15.105635779321542,0.3081008197348434,49.02822326883996,8.145741765785885,4,1.176422726003533,0.25,34.4885406037343,0.8420286774635315,1.1791390089632028,1.2287277092523587
session_20260812_131923_hold_breath_off_hold_breath_off_w00018,session_20260812_131923_hold_breath_off_hold_breath_off,/Users/jandonyggarofalo/Documents/Desa/UNI/Semestre7/embebidos/esp-csi/examples/get-started/csi_send/data/raw/session_20260812_131923_hold_breath_off_hold_breath_off.csv,47.406646,55.406646,breathing,accepted,,trusted_breathing,breathing,806,91.851,0.00121162,13.216634789756101,0.49982519161919314,26.44251432568679,47.58968587952758,2,0.9806230076648575,0.125,47.31628865517254,0.8652096390724182,1.6750106725621925,1.2287277092523587
session_20260812_131923_hold_breath_off_hold_breath_off_w00019,session_20260812_131923_hold_breath_off_hold_breath_off,/Users/jandonyggarofalo/Documents/Desa/UNI/Semestre7/embebidos/esp-csi/examples/get-started/csi_send/data/raw/session_20260812_131923_hold_breath_off_hold_breath_off.csv,49.406646,57.406646,breathing,accepted,,trusted_breathing,breathing,807,91.851,0.00170384,17.589653162848457,0.3687837398970013,47.696390214257896,6.49627380601056,6,1.499345778915577,0.25,25.58448863733242,0.8534196019172668,1.2452572760154108,1.2287277092523587
session_20260812_131923_hold_breath_off_hold_breath_off_w00020,session_20260812_131923_hold_breath_off_hold_breath_off,/Users/jandonyggarofalo/Documents/Desa/UNI/Semestre7/embebidos/esp-csi/examples/get-started/csi_send/data/raw/session_20260812_131923_hold_breath_off_hold_breath_off.csv,51.406646,59.406646,breathing,rejected,transition_guard,not_evaluated,,806,,,,,,,,,,,,,
session_20260812_131923_hold_breath_off_hold_breath_off_w00021,session_20260812_131923_hold_breath_off_hold_breath_off,/Users/jandonyggarofalo/Documents/Desa/UNI/Semestre7/embebidos/esp-csi/examples/get-started/csi_send/data/raw/session_20260812_131923_hold_breath_off_hold_breath_off.csv,53.406646,61.406646,breathing,rejected,mixed_or_unknown_label,not_evaluated,,796,,,,,,,,,,,,,
session_20260812_131923_hold_breath_off_hold_breath_off_w00022,session_20260812_131923_hold_breath_off_hold_breath_off,/Users/jandonyggarofalo/Documents/Desa/UNI/Semestre7/embebidos/esp-csi/examples/get-started/csi_send/data/raw/session_20260812_131923_hold_breath_off_hold_breath_off.csv,55.406646,63.406646,breathing,rejected,mixed_or_unknown_label,not_evaluated,,759,,,,,,,,,,,,,
session_20260812_131923_hold_breath_off_hold_breath_off_w00023,session_20260812_131923_hold_breath_off_hold_breath_off,/Users/jandonyggarofalo/Documents/Desa/UNI/Semestre7/embebidos/esp-csi/examples/get-started/csi_send/data/raw/session_20260812_131923_hold_breath_off_hold_breath_off.csv,57.406646,65.406646,hold_breath,rejected,mixed_or_unknown_label,not_evaluated,,589,,,,,,,,,,,,,
session_20260812_131923_hold_breath_off_hold_breath_off_w00024,session_20260812_131923_hold_breath_off_hold_breath_off,/Users/jandonyggarofalo/Documents/Desa/UNI/Semestre7/embebidos/esp-csi/examples/get-started/csi_send/data/raw/session_20260812_131923_hold_breath_off_hold_breath_off.csv,59.406646,67.406646,hold_breath,rejected,mixed_or_unknown_label,not_evaluated,,387,,,,,,,,,,,,,
session_20260812_131923_hold_breath_off_hold_breath_off_w00025,session_20260812_131923_hold_breath_off_hold_breath_off,/Users/jandonyggarofalo/Documents/Desa/UNI/Semestre7/embebidos/esp-csi/examples/get-started/csi_send/data/raw/session_20260812_131923_hold_breath_off_hold_breath_off.csv,61.406646,69.406646,hold_breath,rejected,transition_guard,not_evaluated,,228,,,,,,,,,,,,,
session_20260812_131923_hold_breath_off_hold_breath_off_w00026,session_20260812_131923_hold_breath_off_hold_breath_off,/Users/jandonyggarofalo/Documents/Desa/UNI/Semestre7/embebidos/esp-csi/examples/get-started/csi_send/data/raw/session_20260812_131923_hold_breath_off_hold_breath_off.csv,63.406646,71.406646,hold_breath,rejected,insufficient_samples,not_evaluated,,63,,,,,,,,,,,,,
session_20260812_131923_hold_breath_off_hold_breath_off_w00027,session_20260812_131923_hold_breath_off_hold_breath_off,/Users/jandonyggarofalo/Documents/Desa/UNI/Semestre7/embebidos/esp-csi/examples/get-started/csi_send/data/raw/session_20260812_131923_hold_breath_off_hold_breath_off.csv,65.406646,73.406646,hold_breath,rejected,insufficient_samples,not_evaluated,,67,,,,,,,,,,,,,
session_20260812_131923_hold_breath_off_hold_breath_off_w00028,session_20260812_131923_hold_breath_off_hold_breath_off,/Users/jandonyggarofalo/Documents/Desa/UNI/Semestre7/embebidos/esp-csi/examples/get-started/csi_send/data/raw/session_20260812_131923_hold_breath_off_hold_breath_off.csv,67.406646,75.406646,hold_breath,rejected,insufficient_samples,not_evaluated,,67,,,,,,,,,,,,,
session_20260812_131923_hold_breath_off_hold_breath_off_w00029,session_20260812_131923_hold_breath_off_hold_breath_off,/Users/jandonyggarofalo/Documents/Desa/UNI/Semestre7/embebidos/esp-csi/examples/get-started/csi_send/data/raw/session_20260812_131923_hold_breath_off_hold_breath_off.csv,69.406646,77.406646,hold_breath,rejected,insufficient_samples,not_evaluated,,36,,,,,,,,,,,,,
session_20260812_131923_hold_breath_off_hold_breath_off_w00030,session_20260812_131923_hold_breath_off_hold_breath_off,/Users/jandonyggarofalo/Documents/Desa/UNI/Semestre7/embebidos/esp-csi/examples/get-started/csi_send/data/raw/session_20260812_131923_hold_breath_off_hold_breath_off.csv,71.406646,79.406646,hold_breath,rejected,insufficient_samples,not_evaluated,,69,,,,,,,,,,,,,
session_20260812_131923_hold_breath_off_hold_breath_off_w00031,session_20260812_131923_hold_breath_off_hold_breath_off,/Users/jandonyggarofalo/Documents/Desa/UNI/Semestre7/embebidos/esp-csi/examples/get-started/csi_send/data/raw/session_20260812_131923_hold_breath_off_hold_breath_off.csv,73.406646,81.406646,hold_breath,rejected,insufficient_samples,not_evaluated,,33,,,,,,,,,,,,,
session_20260812_131923_hold_breath_off_hold_breath_off_w00032,session_20260812_131923_hold_breath_off_hold_breath_off,/Users/jandonyggarofalo/Documents/Desa/UNI/Semestre7/embebidos/esp-csi/examples/get-started/csi_send/data/raw/session_20260812_131923_hold_breath_off_hold_breath_off.csv,75.406646,83.406646,hold_breath,rejected,insufficient_samples,not_evaluated,,64,,,,,,,,,,,,,
session_20260812_131923_hold_breath_off_hold_breath_off_w00033,session_20260812_131923_hold_breath_off_hold_breath_off,/Users/jandonyggarofalo/Documents/Desa/UNI/Semestre7/embebidos/esp-csi/examples/get-started/csi_send/data/raw/session_20260812_131923_hold_breath_off_hold_breath_off.csv,77.406646,85.406646,hold_breath,rejected,insufficient_samples,not_evaluated,,64,,,,,,,,,,,,,
session_20260812_131923_hold_breath_off_hold_breath_off_w00034,session_20260812_131923_hold_breath_off_hold_breath_off,/Users/jandonyggarofalo/Documents/Desa/UNI/Semestre7/embebidos/esp-csi/examples/get-started/csi_send/data/raw/session_20260812_131923_hold_breath_off_hold_breath_off.csv,79.406646,87.406646,hold_breath,rejected,insufficient_samples,not_evaluated,,31,,,,,,,,,,,,,
session_20260812_131923_hold_breath_off_hold_breath_off_w00035,session_20260812_131923_hold_breath_off_hold_breath_off,/Users/jandonyggarofalo/Documents/Desa/UNI/Semestre7/embebidos/esp-csi/examples/get-started/csi_send/data/raw/session_20260812_131923_hold_breath_off_hold_breath_off.csv,81.406646,89.406646,hold_breath,rejected,insufficient_samples,not_evaluated,,61,,,,,,,,,,,,,
session_20260812_131923_hold_breath_off_hold_breath_off_w00036,session_20260812_131923_hold_breath_off_hold_breath_off,/Users/jandonyggarofalo/Documents/Desa/UNI/Semestre7/embebidos/esp-csi/examples/get-started/csi_send/data/raw/session_20260812_131923_hold_breath_off_hold_breath_off.csv,83.406646,91.406646,hold_breath,rejected,insufficient_samples,not_evaluated,,30,,,,,,,,,,,,,
session_20260812_131923_hold_breath_off_hold_breath_off_w00037,session_20260812_131923_hold_breath_off_hold_breath_off,/Users/jandonyggarofalo/Documents/Desa/UNI/Semestre7/embebidos/esp-csi/examples/get-started/csi_send/data/raw/session_20260812_131923_hold_breath_off_hold_breath_off.csv,85.406646,93.406646,hold_breath,rejected,insufficient_samples,not_evaluated,,139,,,,,,,,,,,,,
session_20260812_131923_hold_breath_off_hold_breath_off_w00038,session_20260812_131923_hold_breath_off_hold_breath_off,/Users/jandonyggarofalo/Documents/Desa/UNI/Semestre7/embebidos/esp-csi/examples/get-started/csi_send/data/raw/session_20260812_131923_hold_breath_off_hold_breath_off.csv,87.406646,95.406646,hold_breath,rejected,time_gap,not_evaluated,,334,4888.269,,,,,,,,,,,,
session_20260812_131923_hold_breath_off_hold_breath_off_w00039,session_20260812_131923_hold_breath_off_hold_breath_off,/Users/jandonyggarofalo/Documents/Desa/UNI/Semestre7/embebidos/esp-csi/examples/get-started/csi_send/data/raw/session_20260812_131923_hold_breath_off_hold_breath_off.csv,89.406646,97.406646,hold_breath,accepted,,ambiguous_breathing_evidence,,500,78.659,0.00726563,104.72616375311694,2.1125793276521896,49.572653856011435,30.946979876262667,5,1.129070120628539,0.375,225.59107162020015,0.8512035608291626,2.0200551950895878,1.2287277092523587
session_20260812_131923_hold_breath_off_hold_breath_off_w00040,session_20260812_131923_hold_breath_off_hold_breath_off,/Users/jandonyggarofalo/Documents/Desa/UNI/Semestre7/embebidos/esp-csi/examples/get-started/csi_send/data/raw/session_20260812_131923_hold_breath_off_hold_breath_off.csv,91.406646,99.406646,hold_breath,accepted,,ambiguous_breathing_evidence,,702,82.848,0.00514156,66.09569887585548,1.3582081801255135,48.66389397662061,47.97500977250793,5,1.2653068225768769,0.375,122.44628294213884,0.8524128794670105,1.8201731990430077,1.2287277092523587
session_20260812_131923_hold_breath_off_hold_breath_off_w00041,session_20260812_131923_hold_breath_off_hold_breath_off,/Users/jandonyggarofalo/Documents/Desa/UNI/Semestre7/embebidos/esp-csi/examples/get-started/csi_send/data/raw/session_20260812_131923_hold_breath_off_hold_breath_off.csv,93.406646,101.406646,hold_breath,accepted,,ambiguous_breathing_evidence,,799,82.848,0.00503559,38.09053251029089,0.8718973460224583,43.686946271844796,33.91435665150027,4,1.4325884878856507,0.375,80.84378083739124,0.8433710932731628,1.5808170441932317,1.2287277092523587
session_20260812_131923_hold_breath_off_hold_breath_off_w00042,session_20260812_131923_hold_breath_off_hold_breath_off,/Users/jandonyggarofalo/Documents/Desa/UNI/Semestre7/embebidos/esp-csi/examples/get-started/csi_send/data/raw/session_20260812_131923_hold_breath_off_hold_breath_off.csv,95.406646,103.406646,hold_breath,accepted,,ambiguous_breathing_evidence,,805,82.848,0.00692935,38.57258809795979,0.946550104271243,40.75070925866772,42.12215262126032,5,1.1932438372965348,0.125,86.98976286751444,0.832575798034668,1.6245105573768643,1.2287277092523587
session_20260812_131923_hold_breath_off_hold_breath_off_w00043,session_20260812_131923_hold_breath_off_hold_breath_off,/Users/jandonyggarofalo/Documents/Desa/UNI/Semestre7/embebidos/esp-csi/examples/get-started/csi_send/data/raw/session_20260812_131923_hold_breath_off_hold_breath_off.csv,97.406646,105.406646,hold_breath,accepted,,ambiguous_breathing_evidence,,812,82.848,0.00543604,27.904204883535613,0.5947221554531714,46.919733236146236,8.782341436899987,4,1.472370690408347,0.375,39.581728488931965,0.8406674861907959,1.4456696520233563,1.2287277092523587
session_20260812_131923_hold_breath_off_hold_breath_off_w00044,session_20260812_131923_hold_breath_off_hold_breath_off,/Users/jandonyggarofalo/Documents/Desa/UNI/Semestre7/embebidos/esp-csi/examples/get-started/csi_send/data/raw/session_20260812_131923_hold_breath_off_hold_breath_off.csv,99.406646,107.406646,hold_breath,rejected,transition_guard,not_evaluated,,818,,,,,,,,,,,,,
session_20260812_132120_hold_breath_off_hold_breath_off_w00000,session_20260812_132120_hold_breath_off_hold_breath_off,/Users/jandonyggarofalo/Documents/Desa/UNI/Semestre7/embebidos/esp-csi/examples/get-started/csi_send/data/raw/session_20260812_132120_hold_breath_off_hold_breath_off.csv,10.0,18.0,breathing,accepted,,trusted_breathing,breathing,819,48.467,0.00186012,35.94398144666648,0.8687476677255506,41.37447820807308,24.498068956673766,5,1.6373215105505194,0.125,56.806887879214244,0.7535667419433594,1.5556261814137022,1.310013221953957
session_20260812_132120_hold_breath_off_hold_breath_off_w00001,session_20260812_132120_hold_breath_off_hold_breath_off,/Users/jandonyggarofalo/Documents/Desa/UNI/Semestre7/embebidos/esp-csi/examples/get-started/csi_send/data/raw/session_20260812_132120_hold_breath_off_hold_breath_off.csv,12.0,20.0,breathing,accepted,,trusted_breathing,breathing,820,48.467,0.00162919,14.583963947868105,0.3549702070169709,41.08503660176126,24.72364785674753,5,1.6938807379923522,0.375,19.016142279504898,0.7303801774978638,1.279122418140251,1.310013221953957
session_20260812_132120_hold_breath_off_hold_breath_off_w00002,session_20260812_132120_hold_breath_off_hold_breath_off,/Users/jandonyggarofalo/Documents/Desa/UNI/Semestre7/embebidos/esp-csi/examples/get-started/csi_send/data/raw/session_20260812_132120_hold_breath_off_hold_breath_off.csv,14.0,22.0,breathing,accepted,,trusted_breathing,breathing,828,48.467,0.0007737,54.311160706408785,1.6208773138077492,33.50726192767053,81.42888842190561,2,1.019077151062468,0.125,189.47894595993705,0.7221232056617737,1.9107785063201963,1.310013221953957
session_20260812_132120_hold_breath_off_hold_breath_off_w00003,session_20260812_132120_hold_breath_off_hold_breath_off,/Users/jandonyggarofalo/Documents/Desa/UNI/Semestre7/embebidos/esp-csi/examples/get-started/csi_send/data/raw/session_20260812_132120_hold_breath_off_hold_breath_off.csv,16.0,24.0,breathing,accepted,,trusted_breathing,breathing,825,48.467,0.00034091,25.307989390323538,0.5336366278390046,47.42551030045,12.637092058487406,6,1.49837967709269,0.375,38.00228647258687,0.6376762986183167,1.4032576437211846,1.310013221953957
session_20260812_132120_hold_breath_off_hold_breath_off_w00004,session_20260812_132120_hold_breath_off_hold_breath_off,/Users/jandonyggarofalo/Documents/Desa/UNI/Semestre7/embebidos/esp-csi/examples/get-started/csi_send/data/raw/session_20260812_132120_hold_breath_off_hold_breath_off.csv,18.0,26.0,breathing,accepted,,trusted_breathing,breathing,822,39.711,3.802e-05,57.147944152376034,1.4859866178552097,38.45791305632465,72.61829589014405,6,1.466321435382407,0.125,115.96047774654734,0.6186124086380005,1.861046053249551,1.310013221953957
session_20260812_132120_hold_breath_off_hold_breath_off_w00005,session_20260812_132120_hold_breath_off_hold_breath_off,/Users/jandonyggarofalo/Documents/Desa/UNI/Semestre7/embebidos/esp-csi/examples/get-started/csi_send/data/raw/session_20260812_132120_hold_breath_off_hold_breath_off.csv,20.0,28.0,breathing,accepted,,trusted_breathing,breathing,817,49.001,9.56e-06,23.002903492366805,0.48291187684766346,47.633749748456765,12.344296437654128,6,1.2289627472921194,0.375,45.03980233955553,0.5562455654144287,1.361782657371009,1.310013221953957
session_20260812_132120_hold_breath_off_hold_breath_off_w00006,session_20260812_132120_hold_breath_off_hold_breath_off,/Users/jandonyggarofalo/Documents/Desa/UNI/Semestre7/embebidos/esp-csi/examples/get-started/csi_send/data/raw/session_20260812_132120_hold_breath_off_hold_breath_off.csv,22.0,30.0,breathing,accepted,,trusted_breathing,breathing,816,49.001,0.000517,13.648435606252512,0.3937038956479766,34.66675274765723,19.387681992316292,4,1.3483225869545328,0.125,37.44297734750547,0.46640393137931824,1.2875258875663773,1.310013221953957
session_20260812_132120_hold_breath_off_hold_breath_off_w00007,session_20260812_132120_hold_breath_off_hold_breath_off,/Users/jandonyggarofalo/Documents/Desa/UNI/Semestre7/embebidos/esp-csi/examples/get-started/csi_send/data/raw/session_20260812_132120_hold_breath_off_hold_breath_off.csv,24.0,32.0,breathing,accepted,,trusted_breathing,breathing,811,59.204,0.00103075,45.22364623194097,1.377166830613603,32.83817561286931,94.2983147770976,3,1.1174429338163727,0.125,149.20660791656766,0.4997234642505646,1.9745039314483928,1.310013221953957
session_20260812_132120_hold_breath_off_hold_breath_off_w00008,session_20260812_132120_hold_breath_off_hold_breath_off,/Users/jandonyggarofalo/Documents/Desa/UNI/Semestre7/embebidos/esp-csi/examples/get-started/csi_send/data/raw/session_20260812_132120_hold_breath_off_hold_breath_off.csv,26.0,34.0,breathing,accepted,,trusted_breathing,breathing,801,59.204,0.00106312,34.57463427012735,0.9868838219141851,35.03414839958615,40.417644776499685,2,1.1209729262312322,0.125,109.38425969473735,0.4373694956302643,1.6065710026386872,1.310013221953957
session_20260812_132120_hold_breath_off_hold_breath_off_w00009,session_20260812_132120_hold_breath_off_hold_breath_off,/Users/jandonyggarofalo/Documents/Desa/UNI/Semestre7/embebidos/esp-csi/examples/get-started/csi_send/data/raw/session_20260812_132120_hold_breath_off_hold_breath_off.csv,28.0,36.0,breathing,accepted,,trusted_breathing,breathing,809,63.037,0.00115884,50.465506713498286,1.018711144954582,49.538583104142525,23.841455055283483,6,1.3796258944657118,0.375,74.86596037598684,0.4456806480884552,1.702994638270363,1.310013221953957
session_20260812_132120_hold_breath_off_hold_breath_off_w00010,session_20260812_132120_hold_breath_off_hold_breath_off,/Users/jandonyggarofalo/Documents/Desa/UNI/Semestre7/embebidos/esp-csi/examples/get-started/csi_send/data/raw/session_20260812_132120_hold_breath_off_hold_breath_off.csv,30.0,38.0,breathing,accepted,,trusted_breathing,breathing,796,82.676,0.00139369,69.79354644571137,1.6729244715624398,41.71948443104874,53.39544602199496,4,1.489591435719797,0.125,110.85482418592164,0.4860615134239197,1.8438152668553747,1.310013221953957
session_20260812_132120_hold_breath_off_hold_breath_off_w00011,session_20260812_132120_hold_breath_off_hold_breath_off,/Users/jandonyggarofalo/Documents/Desa/UNI/Semestre7/embebidos/esp-csi/examples/get-started/csi_send/data/raw/session_20260812_132120_hold_breath_off_hold_breath_off.csv,32.0,40.0,breathing,accepted,,trusted_breathing,breathing,808,87.674,0.00077351,38.02803772194557,0.7956671504815385,47.79390188332292,29.148612470101998,4,1.3512602099412931,0.25,74.10091578583561,0.49929800629615784,1.580103916036945,1.310013221953957
session_20260812_132120_hold_breath_off_hold_breath_off_w00012,session_20260812_132120_hold_breath_off_hold_breath_off,/Users/jandonyggarofalo/Documents/Desa/UNI/Semestre7/embebidos/esp-csi/examples/get-started/csi_send/data/raw/session_20260812_132120_hold_breath_off_hold_breath_off.csv,34.0,42.0,breathing,accepted,,trusted_breathing,breathing,813,87.674,0.00089368,133.8532686475263,2.941535961162037,45.50454946490024,83.44381012903658,6,1.5704337174627214,0.125,172.77012072646394,0.5758258104324341,2.126628980963756,1.310013221953957
session_20260812_132120_hold_breath_off_hold_breath_off_w00013,session_20260812_132120_hold_breath_off_hold_breath_off,/Users/jandonyggarofalo/Documents/Desa/UNI/Semestre7/embebidos/esp-csi/examples/get-started/csi_send/data/raw/session_20260812_132120_hold_breath_off_hold_breath_off.csv,36.0,44.0,breathing,accepted,,trusted_breathing,breathing,808,87.674,0.00073484,46.4395762562907,0.9855462297244296,47.12064726707811,44.47772014754999,5,1.3755459377409436,0.375,85.86024000430143,0.6098518967628479,1.666888248310424,1.310013221953957
session_20260812_132120_hold_breath_off_hold_breath_off_w00014,session_20260812_132120_hold_breath_off_hold_breath_off,/Users/jandonyggarofalo/Documents/Desa/UNI/Semestre7/embebidos/esp-csi/examples/get-started/csi_send/data/raw/session_20260812_132120_hold_breath_off_hold_breath_off.csv,38.0,46.0,breathing,accepted,,trusted_breathing,breathing,819,87.674,0.00105884,8.634854489310722,0.29192114132074565,29.579407816146066,20.418001056619463,4,1.1978806255344356,0.125,27.24367951561348,0.6541499495506287,1.310013221953957,1.310013221953957
session_20260812_132120_hold_breath_off_hold_breath_off_w00015,session_20260812_132120_hold_breath_off_hold_breath_off,/Users/jandonyggarofalo/Documents/Desa/UNI/Semestre7/embebidos/esp-csi/examples/get-started/csi_send/data/raw/session_20260812_132120_hold_breath_off_hold_breath_off.csv,40.0,48.0,breathing,accepted,,trusted_breathing,breathing,809,55.168,0.00204728,15.357762604319216,0.3294123406654578,46.621697818751485,4.770175677366097,6,1.512972024227005,0.25,21.078170366031998,0.6776368021965027,1.1863279501112254,1.310013221953957
session_20260812_132120_hold_breath_off_hold_breath_off_w00016,session_20260812_132120_hold_breath_off_hold_breath_off,/Users/jandonyggarofalo/Documents/Desa/UNI/Semestre7/embebidos/esp-csi/examples/get-started/csi_send/data/raw/session_20260812_132120_hold_breath_off_hold_breath_off.csv,42.0,50.0,breathing,accepted,,trusted_breathing,breathing,809,53.901,0.00418147,7.856637509483554,0.22352310232162098,35.149107308575715,17.66195669753442,4,1.5077090164655516,0.375,14.171072241604708,0.7239994406700134,1.1514027119972827,1.310013221953957
session_20260812_132120_hold_breath_off_hold_breath_off_w00017,session_20260812_132120_hold_breath_off_hold_breath_off,/Users/jandonyggarofalo/Documents/Desa/UNI/Semestre7/embebidos/esp-csi/examples/get-started/csi_send/data/raw/session_20260812_132120_hold_breath_off_hold_breath_off.csv,44.0,52.0,breathing,accepted,,trusted_breathing,breathing,808,53.901,0.00449606,21.405131092023527,0.5152721363553592,41.541410027302284,16.300653725843816,3,1.130979709334503,0.125,66.09405259429624,0.7192397117614746,1.3305178919399399,1.310013221953957
session_20260812_132120_hold_breath_off_hold_breath_off_w00018,session_20260812_132120_hold_breath_off_hold_breath_off,/Users/jandonyggarofalo/Documents/Desa/UNI/Semestre7/embebidos/esp-csi/examples/get-started/csi_send/data/raw/session_20260812_132120_hold_breath_off_hold_breath_off.csv,46.0,54.0,breathing,accepted,,trusted_breathing,breathing,808,53.901,0.00369353,98.40926057781178,2.4369111823738794,40.38278509679107,77.49354000804031,5,1.3621800230578802,0.125,235.88900084578617,0.747545599937439,1.9930359686407462,1.310013221953957
session_20260812_132120_hold_breath_off_hold_breath_off_w00019,session_20260812_132120_hold_breath_off_hold_breath_off,/Users/jandonyggarofalo/Documents/Desa/UNI/Semestre7/embebidos/esp-csi/examples/get-started/csi_send/data/raw/session_20260812_132120_hold_breath_off_hold_breath_off.csv,48.0,56.0,breathing,accepted,,trusted_breathing,breathing,811,53.901,0.00463355,61.77658873520077,1.4273790813627216,43.27973524466903,33.79078051029198,2,1.4943928973011005,0.125,113.10919990335954,0.7746898531913757,1.7908239231564158,1.310013221953957
session_20260812_132120_hold_breath_off_hold_breath_off_w00020,session_20260812_132120_hold_breath_off_hold_breath_off,/Users/jandonyggarofalo/Documents/Desa/UNI/Semestre7/embebidos/esp-csi/examples/get-started/csi_send/data/raw/session_20260812_132120_hold_breath_off_hold_breath_off.csv,50.0,58.0,breathing,accepted,,trusted_breathing,breathing,818,39.104,0.00273151,4.7944665450080075,0.10152727800026697,47.22343235625973,6.299770755186139,3,1.2034899688495555,0.25,8.78978595559165,0.7853343486785889,0.7993247460299836,1.310013221953957
session_20260812_132120_hold_breath_off_hold_breath_off_w00021,session_20260812_132120_hold_breath_off_hold_breath_off,/Users/jandonyggarofalo/Documents/Desa/UNI/Semestre7/embebidos/esp-csi/examples/get-started/csi_send/data/raw/session_20260812_132120_hold_breath_off_hold_breath_off.csv,52.0,60.0,breathing,rejected,transition_guard,not_evaluated,,818,,,,,,,,,,,,,
session_20260812_132120_hold_breath_off_hold_breath_off_w00022,session_20260812_132120_hold_breath_off_hold_breath_off,/Users/jandonyggarofalo/Documents/Desa/UNI/Semestre7/embebidos/esp-csi/examples/get-started/csi_send/data/raw/session_20260812_132120_hold_breath_off_hold_breath_off.csv,54.0,62.0,breathing,rejected,mixed_or_unknown_label,not_evaluated,,818,,,,,,,,,,,,,
session_20260812_132120_hold_breath_off_hold_breath_off_w00023,session_20260812_132120_hold_breath_off_hold_breath_off,/Users/jandonyggarofalo/Documents/Desa/UNI/Semestre7/embebidos/esp-csi/examples/get-started/csi_send/data/raw/session_20260812_132120_hold_breath_off_hold_breath_off.csv,56.0,64.0,hold_breath,rejected,mixed_or_unknown_label,not_evaluated,,818,,,,,,,,,,,,,
session_20260812_132120_hold_breath_off_hold_breath_off_w00024,session_20260812_132120_hold_breath_off_hold_breath_off,/Users/jandonyggarofalo/Documents/Desa/UNI/Semestre7/embebidos/esp-csi/examples/get-started/csi_send/data/raw/session_20260812_132120_hold_breath_off_hold_breath_off.csv,58.0,66.0,hold_breath,rejected,mixed_or_unknown_label,not_evaluated,,815,,,,,,,,,,,,,
session_20260812_132120_hold_breath_off_hold_breath_off_w00025,session_20260812_132120_hold_breath_off_hold_breath_off,/Users/jandonyggarofalo/Documents/Desa/UNI/Semestre7/embebidos/esp-csi/examples/get-started/csi_send/data/raw/session_20260812_132120_hold_breath_off_hold_breath_off.csv,60.0,68.0,hold_breath,rejected,transition_guard,not_evaluated,,815,,,,,,,,,,,,,
session_20260812_132120_hold_breath_off_hold_breath_off_w00026,session_20260812_132120_hold_breath_off_hold_breath_off,/Users/jandonyggarofalo/Documents/Desa/UNI/Semestre7/embebidos/esp-csi/examples/get-started/csi_send/data/raw/session_20260812_132120_hold_breath_off_hold_breath_off.csv,62.0,70.0,hold_breath,accepted,,ambiguous_breathing_evidence,,810,73.124,0.00065586,93.15721015148146,2.371646914461564,39.27954434675691,79.93685068168615,4,1.288577600695833,0.125,252.0113012270427,0.7549343705177307,1.9692164739163258,1.310013221953957
session_20260812_132120_hold_breath_off_hold_breath_off_w00027,session_20260812_132120_hold_breath_off_hold_breath_off,/Users/jandonyggarofalo/Documents/Desa/UNI/Semestre7/embebidos/esp-csi/examples/get-started/csi_send/data/raw/session_20260812_132120_hold_breath_off_hold_breath_off.csv,64.0,72.0,hold_breath,accepted,,ambiguous_breathing_evidence,,806,73.124,0.0006785,46.07530247512174,1.031699648706538,44.659608571974005,41.085542041185725,5,1.3656452219888757,0.375,105.84363068801841,0.804345428943634,1.6634681949566683,1.310013221953957
session_20260812_132120_hold_breath_off_hold_breath_off_w00028,session_20260812_132120_hold_breath_off_hold_breath_off,/Users/jandonyggarofalo/Documents/Desa/UNI/Semestre7/embebidos/esp-csi/examples/get-started/csi_send/data/raw/session_20260812_132120_hold_breath_off_hold_breath_off.csv,66.0,74.0,hold_breath,accepted,,ambiguous_breathing_evidence,,811,73.124,0.0,60.58466920237183,1.677491332381239,36.11623382657621,141.30914401741086,6,1.4846158789392752,0.125,116.67491826770586,0.8609781265258789,2.066977505328384,1.310013221953957
session_20260812_132120_hold_breath_off_hold_breath_off_w00029,session_20260812_132120_hold_breath_off_hold_breath_off,/Users/jandonyggarofalo/Documents/Desa/UNI/Semestre7/embebidos/esp-csi/examples/get-started/csi_send/data/raw/session_20260812_132120_hold_breath_off_hold_breath_off.csv,68.0,76.0,hold_breath,accepted,,ambiguous_breathing_evidence,,815,66.972,0.0,19.265869806049018,0.5528440428275045,34.8486522663416,45.56594837733451,4,1.7112567789201336,0.25,27.356955601676283,0.8641093373298645,1.4370677656007966,1.310013221953957
session_20260812_132120_hold_breath_off_hold_breath_off_w00030,session_20260812_132120_hold_breath_off_hold_breath_off,/Users/jandonyggarofalo/Documents/Desa/UNI/Semestre7/embebidos/esp-csi/examples/get-started/csi_send/data/raw/session_20260812_132120_hold_breath_off_hold_breath_off.csv,70.0,78.0,hold_breath,accepted,,ambiguous_breathing_evidence,,822,55.618,0.0,40.33695319390015,0.8121778778935808,49.66517100720123,17.817065591707905,6,1.0342084546352721,0.375,89.93427042539075,0.8561055660247803,1.605703091173511,1.310013221953957
session_20260812_132120_hold_breath_off_hold_breath_off_w00031,session_20260812_132120_hold_breath_off_hold_breath_off,/Users/jandonyggarofalo/Documents/Desa/UNI/Semestre7/embebidos/esp-csi/examples/get-started/csi_send/data/raw/session_20260812_132120_hold_breath_off_hold_breath_off.csv,72.0,80.0,hold_breath,accepted,,high_confidence_hold,hold_breath,820,55.618,0.0,13.383218656968769,0.2925953951386651,45.739676287730134,15.374942208933989,4,1.3681617404230064,0.25,29.493399493170806,0.8577121496200562,1.1868134920319873,1.310013221953957
session_20260812_132120_hold_breath_off_hold_breath_off_w00032,session_20260812_132120_hold_breath_off_hold_breath_off,/Users/jandonyggarofalo/Documents/Desa/UNI/Semestre7/embebidos/esp-csi/examples/get-started/csi_send/data/raw/session_20260812_132120_hold_breath_off_hold_breath_off.csv,74.0,82.0,hold_breath,accepted,,high_confidence_hold,hold_breath,817,85.89,0.0,7.070944622366171,0.15594954864847024,45.34123172270041,6.443269279213561,5,1.5995863593068973,0.25,9.819262660787516,0.7065896391868591,0.8494774359860969,1.310013221953957
session_20260812_132120_hold_breath_off_hold_breath_off_w00033,session_20260812_132120_hold_breath_off_hold_breath_off,/Users/jandonyggarofalo/Documents/Desa/UNI/Semestre7/embebidos/esp-csi/examples/get-started/csi_send/data/raw/session_20260812_132120_hold_breath_off_hold_breath_off.csv,76.0,84.0,hold_breath,accepted,,high_confidence_hold,hold_breath,813,85.89,0.00024024,9.272747085572401,0.23491941785064968,39.472033305599666,11.37121489412116,5,1.4765583691414317,0.125,16.962873866803697,0.628830075263977,1.0558068669416434,1.310013221953957
session_20260812_132120_hold_breath_off_hold_breath_off_w00034,session_20260812_132120_hold_breath_off_hold_breath_off,/Users/jandonyggarofalo/Documents/Desa/UNI/Semestre7/embebidos/esp-csi/examples/get-started/csi_send/data/raw/session_20260812_132120_hold_breath_off_hold_breath_off.csv,78.0,86.0,hold_breath,accepted,,ambiguous_breathing_evidence,,803,85.89,0.00017512,23.310372050516058,0.5367170043434558,43.43140213898619,20.97956059998074,7,1.473640322800983,0.5,50.07220035357532,0.6035056710243225,1.367549205232163,1.310013221953957
session_20260812_132120_hold_breath_off_hold_breath_off_w00035,session_20260812_132120_hold_breath_off_hold_breath_off,/Users/jandonyggarofalo/Documents/Desa/UNI/Semestre7/embebidos/esp-csi/examples/get-started/csi_send/data/raw/session_20260812_132120_hold_breath_off_hold_breath_off.csv,80.0,88.0,hold_breath,accepted,,ambiguous_breathing_evidence,,798,85.89,0.00022517,78.29388837958797,1.886196087098646,41.508880712385746,54.076029696684664,5,1.5172170732743089,0.125,129.26092243475762,0.5857884883880615,1.8937278623566356,1.310013221953957
session_20260812_132120_hold_breath_off_hold_breath_off_w00036,session_20260812_132120_hold_breath_off_hold_breath_off,/Users/jandonyggarofalo/Documents/Desa/UNI/Semestre7/embebidos/esp-csi/examples/get-started/csi_send/data/raw/session_20260812_132120_hold_breath_off_hold_breath_off.csv,82.0,90.0,hold_breath,accepted,,ambiguous_breathing_evidence,,791,77.544,0.00011852,43.53302798504615,0.9292650697299938,46.8467280252428,13.99863677954714,6,1.1097335634325654,0.375,84.04752634298839,0.6128679513931274,1.6388188760124824,1.310013221953957
session_20260812_132120_hold_breath_off_hold_breath_off_w00037,session_20260812_132120_hold_breath_off_hold_breath_off,/Users/jandonyggarofalo/Documents/Desa/UNI/Semestre7/embebidos/esp-csi/examples/get-started/csi_send/data/raw/session_20260812_132120_hold_breath_off_hold_breath_off.csv,84.0,92.0,hold_breath,accepted,,ambiguous_breathing_evidence,,791,79.732,0.00034569,42.700554365582775,1.0121257033057172,42.188983271619065,23.631366818305054,2,1.538354403600239,0.125,86.89695640073808,0.6294410228729248,1.6304335133470649,1.310013221953957
session_20260812_132120_hold_breath_off_hold_breath_off_w00038,session_20260812_132120_hold_breath_off_hold_breath_off,/Users/jandonyggarofalo/Documents/Desa/UNI/Semestre7/embebidos/esp-csi/examples/get-started/csi_send/data/raw/session_20260812_132120_hold_breath_off_hold_breath_off.csv,86.0,94.0,hold_breath,accepted,,ambiguous_breathing_evidence,,803,79.732,0.00028215,140.87674028788732,3.6596645363082247,38.49444092216213,121.706705561248,3,1.2058106334379841,0.125,388.1801418698186,0.6708548665046692,2.148839294042688,1.310013221953957
session_20260812_132120_hold_breath_off_hold_breath_off_w00039,session_20260812_132120_hold_breath_off_hold_breath_off,/Users/jandonyggarofalo/Documents/Desa/UNI/Semestre7/embebidos/esp-csi/examples/get-started/csi_send/data/raw/session_20260812_132120_hold_breath_off_hold_breath_off.csv,88.0,96.0,hold_breath,accepted,,ambiguous_breathing_evidence,,812,79.732,0.00014432,45.76440200516839,1.1718489578655968,39.05315757457729,61.793075125506,4,1.4725928557586414,0.375,98.4469900835327,0.7121133804321289,1.7909398083689325,1.310013221953957
session_20260812_132120_hold_breath_off_hold_breath_off_w00040,session_20260812_132120_hold_breath_off_hold_breath_off,/Users/jandonyggarofalo/Documents/Desa/UNI/Semestre7/embebidos/esp-csi/examples/get-started/csi_send/data/raw/session_20260812_132120_hold_breath_off_hold_breath_off.csv,90.0,98.0,hold_breath,accepted,,ambiguous_breathing_evidence,,817,79.732,0.00014344,41.602963775591775,0.9659517254782117,43.06940261942429,26.69203600844173,3,1.2880883938043957,0.125,104.48879595994084,0.7556218504905701,1.619124270663676,1.310013221953957
session_20260812_132120_hold_breath_off_hold_breath_off_w00041,session_20260812_132120_hold_breath_off_hold_breath_off,/Users/jandonyggarofalo/Documents/Desa/UNI/Semestre7/embebidos/esp-csi/examples/get-started/csi_send/data/raw/session_20260812_132120_hold_breath_off_hold_breath_off.csv,92.0,100.0,hold_breath,accepted,,ambiguous_breathing_evidence,,810,41.354,4.823e-05,55.23025122364151,1.5037298372197787,36.72883908835584,58.260543952409265,2,1.0382432424979218,0.125,182.9344345524899,0.8139892220497131,1.7653745351221906,1.310013221953957
session_20260812_132120_hold_breath_off_hold_breath_off_w00042,session_20260812_132120_hold_breath_off_hold_breath_off,/Users/jandonyggarofalo/Documents/Desa/UNI/Semestre7/embebidos/esp-csi/examples/get-started/csi_send/data/raw/session_20260812_132120_hold_breath_off_hold_breath_off.csv,94.0,102.0,hold_breath,accepted,,ambiguous_breathing_evidence,,807,35.47,3.872e-05,56.800774613670484,1.4938653503641695,38.02268698432945,60.802995384043534,4,1.3070138354401117,0.125,150.49279644541713,0.7986902594566345,1.783924974777967,1.310013221953957
session_20260812_132120_hold_breath_off_hold_breath_off_w00043,session_20260812_132120_hold_breath_off_hold_breath_off,/Users/jandonyggarofalo/Documents/Desa/UNI/Semestre7/embebidos/esp-csi/examples/get-started/csi_send/data/raw/session_20260812_132120_hold_breath_off_hold_breath_off.csv,96.0,104.0,hold_breath,accepted,,ambiguous_breathing_evidence,,808,35.47,0.00048345,19.223453119432616,0.4217629175822003,45.5788129254878,20.81420275390553,6,1.4624119234059223,0.375,36.52224635521266,0.7367709875106812,1.318359780766393,1.310013221953957
session_20260812_132120_hold_breath_off_hold_breath_off_w00044,session_20260812_132120_hold_breath_off_hold_breath_off,/Users/jandonyggarofalo/Documents/Desa/UNI/Semestre7/embebidos/esp-csi/examples/get-started/csi_send/data/raw/session_20260812_132120_hold_breath_off_hold_breath_off.csv,98.0,106.0,hold_breath,accepted,,ambiguous_breathing_evidence,,814,53.602,0.0003935,24.22727078387786,0.6254381090633219,38.73647996941334,28.204740787762116,6,1.5340904322359326,0.125,44.535079830053874,0.6759240031242371,1.4503221127491834,1.310013221953957
session_20260812_132120_hold_breath_off_hold_breath_off_w00045,session_20260812_132120_hold_breath_off_hold_breath_off,/Users/jandonyggarofalo/Documents/Desa/UNI/Semestre7/embebidos/esp-csi/examples/get-started/csi_send/data/raw/session_20260812_132120_hold_breath_off_hold_breath_off.csv,100.0,108.0,hold_breath,accepted,,ambiguous_breathing_evidence,,821,63.023,0.00098965,22.55851924100384,0.4873586555972332,46.287306036071605,8.255151208594551,6,1.4867959189696494,0.25,34.74849143237122,0.6170786023139954,1.3533105888145633,1.310013221953957
session_20260812_132120_hold_breath_off_hold_breath_off_w00046,session_20260812_132120_hold_breath_off_hold_breath_off,/Users/jandonyggarofalo/Documents/Desa/UNI/Semestre7/embebidos/esp-csi/examples/get-started/csi_send/data/raw/session_20260812_132120_hold_breath_off_hold_breath_off.csv,102.0,110.0,hold_breath,accepted,,ambiguous_breathing_evidence,,820,63.023,0.00142912,60.90308348494064,1.3685210898055915,44.50284612972085,37.665518869076685,5,1.5757980001985816,0.125,98.15539154743098,0.6316853761672974,1.7846392812469096,1.310013221953957
session_20260812_132120_hold_breath_off_hold_breath_off_w00047,session_20260812_132120_hold_breath_off_hold_breath_off,/Users/jandonyggarofalo/Documents/Desa/UNI/Semestre7/embebidos/esp-csi/examples/get-started/csi_send/data/raw/session_20260812_132120_hold_breath_off_hold_breath_off.csv,104.0,112.0,hold_breath,accepted,,ambiguous_breathing_evidence,,810,63.023,0.00249807,35.414465172519606,0.7859195739596635,45.061182270912816,13.941145717340872,3,1.2442954363939467,0.125,64.63169210136529,0.6476187705993652,1.549180687490417,1.310013221953957
session_20260812_132120_hold_breath_off_hold_breath_off_w00048,session_20260812_132120_hold_breath_off_hold_breath_off,/Users/jandonyggarofalo/Documents/Desa/UNI/Semestre7/embebidos/esp-csi/examples/get-started/csi_send/data/raw/session_20260812_132120_hold_breath_off_hold_breath_off.csv,106.0,114.0,hold_breath,accepted,,ambiguous_breathing_evidence,,809,63.023,0.0035924,69.81803055052586,1.7989726285114764,38.809945990260324,68.66175877459668,4,1.3355408104570337,0.125,167.2007096319027,0.6861376762390137,1.8439675939324418,1.310013221953957
session_20260812_132120_hold_breath_off_hold_breath_off_w00049,session_20260812_132120_hold_breath_off_hold_breath_off,/Users/jandonyggarofalo/Documents/Desa/UNI/Semestre7/embebidos/esp-csi/examples/get-started/csi_send/data/raw/session_20260812_132120_hold_breath_off_hold_breath_off.csv,108.0,116.0,hold_breath,accepted,,ambiguous_breathing_evidence,,812,53.806,0.00368496,22.254618814979388,0.5083842518043928,43.77519314563338,13.976815183113656,4,1.5445728600991433,0.375,33.36048236100077,0.7465786337852478,1.3474201599320275,1.310013221953957
session_20260812_132120_hold_breath_off_hold_breath_off_w00050,session_20260812_132120_hold_breath_off_hold_breath_off,/Users/jandonyggarofalo/Documents/Desa/UNI/Semestre7/embebidos/esp-csi/examples/get-started/csi_send/data/raw/session_20260812_132120_hold_breath_off_hold_breath_off.csv,110.0,118.0,hold_breath,rejected,transition_guard,not_evaluated,,812,,,,,,,,,,,,,
session_20260812_132357_hold_breath_off_hold_breath_off_w00000,session_20260812_132357_hold_breath_off_hold_breath_off,/Users/jandonyggarofalo/Documents/Desa/UNI/Semestre7/embebidos/esp-csi/examples/get-started/csi_send/data/raw/session_20260812_132357_hold_breath_off_hold_breath_off.csv,10.0,18.0,breathing,accepted,,trusted_breathing,breathing,813,60.49,0.0055831,42.80128101700926,1.2084293905656318,35.41893415629337,62.87271796079823,4,1.2366809397689793,0.125,108.79128776924628,0.8884693384170532,1.7984622351213466,1.54435239810181
session_20260812_132357_hold_breath_off_hold_breath_off_w00001,session_20260812_132357_hold_breath_off_hold_breath_off,/Users/jandonyggarofalo/Documents/Desa/UNI/Semestre7/embebidos/esp-csi/examples/get-started/csi_send/data/raw/session_20260812_132357_hold_breath_off_hold_breath_off.csv,12.0,20.0,breathing,accepted,,trusted_breathing,breathing,815,60.49,0.004074,13.352364015782053,0.2964511429621588,45.040689950861164,10.719200182408859,4,1.213097911611185,0.125,26.668231374218106,0.8777347207069397,1.1255581636869887,1.54435239810181
session_20260812_132357_hold_breath_off_hold_breath_off_w00002,session_20260812_132357_hold_breath_off_hold_breath_off,/Users/jandonyggarofalo/Documents/Desa/UNI/Semestre7/embebidos/esp-csi/examples/get-started/csi_send/data/raw/session_20260812_132357_hold_breath_off_hold_breath_off.csv,14.0,22.0,breathing,accepted,,trusted_breathing,breathing,812,60.49,0.00296336,35.02292370864408,0.8085551027363486,43.315444538133036,22.63714094150616,4,1.4287269120454174,0.125,66.91841693307416,0.8827934265136719,1.54435239810181,1.54435239810181
session_20260812_132357_hold_breath_off_hold_breath_off_w00003,session_20260812_132357_hold_breath_off_hold_breath_off,/Users/jandonyggarofalo/Documents/Desa/UNI/Semestre7/embebidos/esp-csi/examples/get-started/csi_send/data/raw/session_20260812_132357_hold_breath_off_hold_breath_off.csv,16.0,24.0,breathing,accepted,,trusted_breathing,breathing,815,39.987,0.00344133,37.6662940845289,0.7805203830548564,48.25792497187532,12.566357386708555,5,1.3557136111642305,0.375,71.65300535943766,0.8811051845550537,1.5759528928920847,1.54435239810181
session_20260812_132357_hold_breath_off_hold_breath_off_w00004,session_20260812_132357_hold_breath_off_hold_breath_off,/Users/jandonyggarofalo/Documents/Desa/UNI/Semestre7/embebidos/esp-csi/examples/get-started/csi_send/data/raw/session_20260812_132357_hold_breath_off_hold_breath_off.csv,18.0,26.0,breathing,accepted,,trusted_breathing,breathing,813,46.596,0.00286362,33.085090548592994,0.810862599130457,40.80233887224738,25.18525470324848,4,1.6028870082038513,0.125,61.19848121438267,0.8783794641494751,1.5196323275756822,1.54435239810181
session_20260812_132357_hold_breath_off_hold_breath_off_w00005,session_20260812_132357_hold_breath_off_hold_breath_off,/Users/jandonyggarofalo/Documents/Desa/UNI/Semestre7/embebidos/esp-csi/examples/get-started/csi_send/data/raw/session_20260812_132357_hold_breath_off_hold_breath_off.csv,20.0,28.0,breathing,accepted,,trusted_breathing,breathing,812,46.596,0.00539755,47.91941799466005,1.2797092334214353,37.44555149180652,52.612213956390136,2,1.0826516817165894,0.125,154.4155980765352,0.8661203384399414,1.721086577577678,1.54435239810181
session_20260812_132357_hold_breath_off_hold_breath_off_w00006,session_20260812_132357_hold_breath_off_hold_breath_off,/Users/jandonyggarofalo/Documents/Desa/UNI/Semestre7/embebidos/esp-csi/examples/get-started/csi_send/data/raw/session_20260812_132357_hold_breath_off_hold_breath_off.csv,22.0,30.0,breathing,accepted,,trusted_breathing,breathing,809,46.596,0.00563002,27.95154100856175,0.5575128753796477,50.136135402213895,9.531861319342319,4,1.0769369165572997,0.25,59.23019730838146,0.8695471286773682,1.4464057561604253,1.54435239810181
session_20260812_132357_hold_breath_off_hold_breath_off_w00007,session_20260812_132357_hold_breath_off_hold_breath_off,/Users/jandonyggarofalo/Documents/Desa/UNI/Semestre7/embebidos/esp-csi/examples/get-started/csi_send/data/raw/session_20260812_132357_hold_breath_off_hold_breath_off.csv,24.0,32.0,breathing,accepted,,trusted_breathing,breathing,814,46.596,0.00555705,167.9384985803315,3.8226187745178173,43.93283988970917,73.70829066138842,3,1.3212670403861637,0.125,309.5583867943769,0.87632155418396,2.225150266146511,1.54435239810181
session_20260812_132357_hold_breath_off_hold_breath_off_w00008,session_20260812_132357_hold_breath_off_hold_breath_off,/Users/jandonyggarofalo/Documents/Desa/UNI/Semestre7/embebidos/esp-csi/examples/get-started/csi_send/data/raw/session_20260812_132357_hold_breath_off_hold_breath_off.csv,26.0,34.0,breathing,accepted,,trusted_breathing,breathing,812,41.81,0.00942888,58.7559192491765,1.2027664005034862,48.8506489909695,23.234554990890263,5,1.405308287318818,0.25,79.78505050242167,0.8780499696731567,1.7690516252886341,1.54435239810181
session_20260812_132357_hold_breath_off_hold_breath_off_w00009,session_20260812_132357_hold_breath_off_hold_breath_off,/Users/jandonyggarofalo/Documents/Desa/UNI/Semestre7/embebidos/esp-csi/examples/get-started/csi_send/data/raw/session_20260812_132357_hold_breath_off_hold_breath_off.csv,28.0,36.0,breathing,accepted,,trusted_breathing,breathing,810,41.81,0.00889275,47.66425026833163,1.0294889245891934,46.29894419437804,21.359251230005704,5,1.429589560612853,0.125,90.64578171184337,0.8854430317878723,1.678192766205613,1.54435239810181
session_20260812_132357_hold_breath_off_hold_breath_off_w00010,session_20260812_132357_hold_breath_off_hold_breath_off,/Users/jandonyggarofalo/Documents/Desa/UNI/Semestre7/embebidos/esp-csi/examples/get-started/csi_send/data/raw/session_20260812_132357_hold_breath_off_hold_breath_off.csv,30.0,38.0,breathing,accepted,,trusted_breathing,breathing,812,41.81,0.00838978,68.71461827231255,1.4949238395752558,45.96529699585905,32.88774057170874,5,1.5383462179693472,0.375,95.21591265740992,0.8739241361618042,1.8370491382189686,1.54435239810181
session_20260812_132357_hold_breath_off_hold_breath_off_w00011,session_20260812_132357_hold_breath_off_hold_breath_off,/Users/jandonyggarofalo/Documents/Desa/UNI/Semestre7/embebidos/esp-csi/examples/get-started/csi_send/data/raw/session_20260812_132357_hold_breath_off_hold_breath_off.csv,32.0,40.0,breathing,accepted,,trusted_breathing,breathing,812,41.81,0.01124731,47.380756314467284,1.1425342879071938,41.46987693578477,40.6855158615444,4,1.5117780052511132,0.125,86.57089238848384,0.8513794541358948,1.6756019888599123,1.54435239810181
session_20260812_132357_hold_breath_off_hold_breath_off_w00012,session_20260812_132357_hold_breath_off_hold_breath_off,/Users/jandonyggarofalo/Documents/Desa/UNI/Semestre7/embebidos/esp-csi/examples/get-started/csi_send/data/raw/session_20260812_132357_hold_breath_off_hold_breath_off.csv,34.0,42.0,breathing,accepted,,trusted_breathing,breathing,813,65.53,0.00693804,13.114558631121387,0.3173780730499969,41.32156486126915,14.528146342989471,5,1.5654368718468696,0.25,20.94495285003447,0.8273208737373352,1.1622102058764265,1.54435239810181
session_20260812_132357_hold_breath_off_hold_breath_off_w00013,session_20260812_132357_hold_breath_off_hold_breath_off,/Users/jandonyggarofalo/Documents/Desa/UNI/Semestre7/embebidos/esp-csi/examples/get-started/csi_send/data/raw/session_20260812_132357_hold_breath_off_hold_breath_off.csv,36.0,44.0,breathing,accepted,,trusted_breathing,breathing,794,88.096,0.00720246,20.70174637503625,0.5018546997666976,41.2504782452348,17.274701632640582,6,1.6311150919020958,0.125,36.11837977818426,0.8073480129241943,1.3160069835753,1.54435239810181
session_20260812_132357_hold_breath_off_hold_breath_off_w00014,session_20260812_132357_hold_breath_off_hold_breath_off,/Users/jandonyggarofalo/Documents/Desa/UNI/Semestre7/embebidos/esp-csi/examples/get-started/csi_send/data/raw/session_20260812_132357_hold_breath_off_hold_breath_off.csv,38.0,46.0,breathing,accepted,,trusted_breathing,breathing,808,88.096,0.00584004,103.0817471028661,3.034940346644589,33.96499941647903,148.65497595441096,2,1.0395463977574146,0.125,352.7538204663625,0.8030319809913635,2.172179451000591,1.54435239810181
session_20260812_132357_hold_breath_off_hold_breath_off_w00015,session_20260812_132357_hold_breath_off_hold_breath_off,/Users/jandonyggarofalo/Documents/Desa/UNI/Semestre7/embebidos/esp-csi/examples/get-started/csi_send/data/raw/session_20260812_132357_hold_breath_off_hold_breath_off.csv,40.0,48.0,breathing,accepted,,trusted_breathing,breathing,810,88.096,0.0049865,141.81348618075913,3.951561938811136,35.88795731325146,170.29778582287975,2,1.040528217615132,0.125,473.0455419086474,0.8211486339569092,2.2312090013909267,1.54435239810181
session_20260812_132357_hold_breath_off_hold_breath_off_w00016,session_20260812_132357_hold_breath_off_hold_breath_off,/Users/jandonyggarofalo/Documents/Desa/UNI/Semestre7/embebidos/esp-csi/examples/get-started/csi_send/data/raw/session_20260812_132357_hold_breath_off_hold_breath_off.csv,42.0,50.0,breathing,accepted,,trusted_breathing,breathing,817,88.096,0.00404491,34.93720248754077,0.9322015887075006,37.478162353213534,45.21167036935061,4,1.5374048018899853,0.125,57.47711608529654,0.8207071423530579,1.6552505525726982,1.54435239810181
session_20260812_132357_hold_breath_off_hold_breath_off_w00017,session_20260812_132357_hold_breath_off_hold_breath_off,/Users/jandonyggarofalo/Documents/Desa/UNI/Semestre7/embebidos/esp-csi/examples/get-started/csi_send/data/raw/session_20260812_132357_hold_breath_off_hold_breath_off.csv,44.0,52.0,breathing,accepted,,trusted_breathing,breathing,839,64.379,0.0019927,406.0455399200372,11.96226970310568,33.94385430171203,660.5263410602967,2,1.0124258804264856,0.125,1352.1645863969227,0.800584077835083,2.819890141479734,1.54435239810181
session_20260812_132357_hold_breath_off_hold_breath_off_w00018,session_20260812_132357_hold_breath_off_hold_breath_off,/Users/jandonyggarofalo/Documents/Desa/UNI/Semestre7/embebidos/esp-csi/examples/get-started/csi_send/data/raw/session_20260812_132357_hold_breath_off_hold_breath_off.csv,46.0,54.0,breathing,accepted,,trusted_breathing,breathing,827,52.444,0.00160596,42.329358482658215,1.3536068016023228,31.27153205238024,84.49497890389965,2,1.11089257357933,0.125,141.9767543984903,0.8526626825332642,1.926830901859519,1.54435239810181
session_20260812_132357_hold_breath_off_hold_breath_off_w00019,session_20260812_132357_hold_breath_off_hold_breath_off,/Users/jandonyggarofalo/Documents/Desa/UNI/Semestre7/embebidos/esp-csi/examples/get-started/csi_send/data/raw/session_20260812_132357_hold_breath_off_hold_breath_off.csv,48.0,56.0,breathing,accepted,,trusted_breathing,breathing,815,58.027,0.00390146,59.315652417701756,1.2006042414149647,49.40483330938949,20.669062635654917,5,1.3463210502491247,0.25,92.70956049439913,0.7549712061882019,1.7731693116045648,1.54435239810181
session_20260812_132357_hold_breath_off_hold_breath_off_w00020,session_20260812_132357_hold_breath_off_hold_breath_off,/Users/jandonyggarofalo/Documents/Desa/UNI/Semestre7/embebidos/esp-csi/examples/get-started/csi_send/data/raw/session_20260812_132357_hold_breath_off_hold_breath_off.csv,50.0,58.0,breathing,accepted,,trusted_breathing,breathing,816,58.027,0.00474877,104.9835111586878,2.257540306527665,46.50349358329597,50.16210798471892,6,1.5358341970345482,0.375,157.82024245158289,0.8449007272720337,2.0211210935925688,1.54435239810181
session_20260812_132357_hold_breath_off_hold_breath_off_w00021,session_20260812_132357_hold_breath_off_hold_breath_off,/Users/jandonyggarofalo/Documents/Desa/UNI/Semestre7/embebidos/esp-csi/examples/get-started/csi_send/data/raw/session_20260812_132357_hold_breath_off_hold_breath_off.csv,52.0,60.0,breathing,rejected,transition_guard,not_evaluated,,810,,,,,,,,,,,,,
session_20260812_132357_hold_breath_off_hold_breath_off_w00022,session_20260812_132357_hold_breath_off_hold_breath_off,/Users/jandonyggarofalo/Documents/Desa/UNI/Semestre7/embebidos/esp-csi/examples/get-started/csi_send/data/raw/session_20260812_132357_hold_breath_off_hold_breath_off.csv,54.0,62.0,breathing,rejected,mixed_or_unknown_label,not_evaluated,,809,,,,,,,,,,,,,
session_20260812_132357_hold_breath_off_hold_breath_off_w00023,session_20260812_132357_hold_breath_off_hold_breath_off,/Users/jandonyggarofalo/Documents/Desa/UNI/Semestre7/embebidos/esp-csi/examples/get-started/csi_send/data/raw/session_20260812_132357_hold_breath_off_hold_breath_off.csv,56.0,64.0,hold_breath,rejected,mixed_or_unknown_label,not_evaluated,,821,,,,,,,,,,,,,
session_20260812_132357_hold_breath_off_hold_breath_off_w00024,session_20260812_132357_hold_breath_off_hold_breath_off,/Users/jandonyggarofalo/Documents/Desa/UNI/Semestre7/embebidos/esp-csi/examples/get-started/csi_send/data/raw/session_20260812_132357_hold_breath_off_hold_breath_off.csv,58.0,66.0,hold_breath,rejected,mixed_or_unknown_label,not_evaluated,,818,,,,,,,,,,,,,
session_20260812_132357_hold_breath_off_hold_breath_off_w00025,session_20260812_132357_hold_breath_off_hold_breath_off,/Users/jandonyggarofalo/Documents/Desa/UNI/Semestre7/embebidos/esp-csi/examples/get-started/csi_send/data/raw/session_20260812_132357_hold_breath_off_hold_breath_off.csv,60.0,68.0,hold_breath,rejected,transition_guard,not_evaluated,,823,,,,,,,,,,,,,
session_20260812_132357_hold_breath_off_hold_breath_off_w00026,session_20260812_132357_hold_breath_off_hold_breath_off,/Users/jandonyggarofalo/Documents/Desa/UNI/Semestre7/embebidos/esp-csi/examples/get-started/csi_send/data/raw/session_20260812_132357_hold_breath_off_hold_breath_off.csv,62.0,70.0,hold_breath,accepted,,high_confidence_hold,hold_breath,823,38.489,0.00587599,21.133514561728553,0.49551662581933076,42.649456063642454,26.47263601304714,7,1.6103048249266163,0.5,29.864588523629433,0.8578927516937256,1.4227971883327841,1.54435239810181
session_20260812_132357_hold_breath_off_hold_breath_off_w00027,session_20260812_132357_hold_breath_off_hold_breath_off,/Users/jandonyggarofalo/Documents/Desa/UNI/Semestre7/embebidos/esp-csi/examples/get-started/csi_send/data/raw/session_20260812_132357_hold_breath_off_hold_breath_off.csv,64.0,72.0,hold_breath,accepted,,high_confidence_hold,hold_breath,822,36.762,0.0082687,18.94161870819847,0.5094339539254815,37.18169659129555,25.55956677940831,7,1.6488546813623515,0.125,33.39662714310607,0.8411292433738708,1.4075534884962821,1.54435239810181
session_20260812_132357_hold_breath_off_hold_breath_off_w00028,session_20260812_132357_hold_breath_off_hold_breath_off,/Users/jandonyggarofalo/Documents/Desa/UNI/Semestre7/embebidos/esp-csi/examples/get-started/csi_send/data/raw/session_20260812_132357_hold_breath_off_hold_breath_off.csv,66.0,74.0,hold_breath,accepted,,ambiguous_breathing_evidence,,820,60.576,0.00918445,31.342977278981653,0.8285458017162932,37.82890120741465,36.00813698849386,6,1.4497533721119207,0.125,72.71092994993558,0.8398653268814087,1.5564006521531017,1.54435239810181
session_20260812_132357_hold_breath_off_hold_breath_off_w00029,session_20260812_132357_hold_breath_off_hold_breath_off,/Users/jandonyggarofalo/Documents/Desa/UNI/Semestre7/embebidos/esp-csi/examples/get-started/csi_send/data/raw/session_20260812_132357_hold_breath_off_hold_breath_off.csv,68.0,76.0,hold_breath,accepted,,ambiguous_breathing_evidence,,821,63.366,0.01002969,42.91431994002116,1.0234589156180003,41.93067184730719,47.838521687255145,3,1.4975736609394785,0.125,79.00881088830668,0.8551511764526367,1.6797777505583849,1.54435239810181
session_20260812_132357_hold_breath_off_hold_breath_off_w00030,session_20260812_132357_hold_breath_off_hold_breath_off,/Users/jandonyggarofalo/Documents/Desa/UNI/Semestre7/embebidos/esp-csi/examples/get-started/csi_send/data/raw/session_20260812_132357_hold_breath_off_hold_breath_off.csv,70.0,78.0,hold_breath,accepted,,ambiguous_breathing_evidence,,822,63.366,0.01165222,140.1945427361033,3.5230789660788258,39.79318774455388,117.07294240503963,3,1.4530629719538506,0.125,308.42676596594305,0.8627999424934387,2.146731108454288,1.54435239810181
session_20260812_132357_hold_breath_off_hold_breath_off_w00031,session_20260812_132357_hold_breath_off_hold_breath_off,/Users/jandonyggarofalo/Documents/Desa/UNI/Semestre7/embebidos/esp-csi/examples/get-started/csi_send/data/raw/session_20260812_132357_hold_breath_off_hold_breath_off.csv,72.0,80.0,hold_breath,accepted,,ambiguous_breathing_evidence,,822,63.366,0.00931417,69.60088492448796,1.4518555688605619,47.93926229112709,23.51911774814448,7,1.418478658666099,0.375,121.01586860547707,0.8662632703781128,1.8426147613832529,1.54435239810181
session_20260812_132357_hold_breath_off_hold_breath_off_w00032,session_20260812_132357_hold_breath_off_hold_breath_off,/Users/jandonyggarofalo/Documents/Desa/UNI/Semestre7/embebidos/esp-csi/examples/get-started/csi_send/data/raw/session_20260812_132357_hold_breath_off_hold_breath_off.csv,74.0,82.0,hold_breath,accepted,,ambiguous_breathing_evidence,,821,63.366,0.01046742,38.61309017034944,0.9832840956643942,39.2695156370039,56.995352491304594,5,1.694630661230683,0.125,55.805748213885636,0.8680406212806702,1.74667893529953,1.54435239810181
session_20260812_132357_hold_breath_off_hold_breath_off_w00033,session_20260812_132357_hold_breath_off_hold_breath_off,/Users/jandonyggarofalo/Documents/Desa/UNI/Semestre7/embebidos/esp-csi/examples/get-started/csi_send/data/raw/session_20260812_132357_hold_breath_off_hold_breath_off.csv,76.0,84.0,hold_breath,accepted,,ambiguous_breathing_evidence,,821,52.927,0.00947777,48.76883523694856,1.143967988766623,42.63129363391224,27.682655677267192,2,1.4058028817450472,0.125,95.39158985078117,0.8430547118186951,1.688142383309299,1.54435239810181
session_20260812_132357_hold_breath_off_hold_breath_off_w00034,session_20260812_132357_hold_breath_off_hold_breath_off,/Users/jandonyggarofalo/Documents/Desa/UNI/Semestre7/embebidos/esp-csi/examples/get-started/csi_send/data/raw/session_20260812_132357_hold_breath_off_hold_breath_off.csv,78.0,86.0,hold_breath,accepted,,ambiguous_breathing_evidence,,817,52.927,0.00716226,53.08248908100787,1.0855544897663698,48.89896323157693,15.935937929065126,6,1.3166722738599792,0.25,81.28500003345788,0.8361328840255737,1.7249512790907102,1.54435239810181
session_20260812_132357_hold_breath_off_hold_breath_off_w00035,session_20260812_132357_hold_breath_off_hold_breath_off,/Users/jandonyggarofalo/Documents/Desa/UNI/Semestre7/embebidos/esp-csi/examples/get-started/csi_send/data/raw/session_20260812_132357_hold_breath_off_hold_breath_off.csv,80.0,88.0,hold_breath,accepted,,high_confidence_hold,hold_breath,817,52.927,0.00575658,28.21531115123208,0.5734767905789815,49.20044126406011,15.66780063532685,6,1.2140928417135601,0.375,62.09305583335485,0.8388510942459106,1.450484843920909,1.54435239810181
session_20260812_132357_hold_breath_off_hold_breath_off_w00036,session_20260812_132357_hold_breath_off_hold_breath_off,/Users/jandonyggarofalo/Documents/Desa/UNI/Semestre7/embebidos/esp-csi/examples/get-started/csi_send/data/raw/session_20260812_132357_hold_breath_off_hold_breath_off.csv,82.0,90.0,hold_breath,accepted,,ambiguous_breathing_evidence,,819,52.927,0.00517018,37.52858517259481,0.8297556434163281,45.22847837230038,21.974254507943545,5,1.30692552053732,0.125,93.18385988372798,0.8298236131668091,1.574362191822708,1.54435239810181
session_20260812_132357_hold_breath_off_hold_breath_off_w00037,session_20260812_132357_hold_breath_off_hold_breath_off,/Users/jandonyggarofalo/Documents/Desa/UNI/Semestre7/embebidos/esp-csi/examples/get-started/csi_send/data/raw/session_20260812_132357_hold_breath_off_hold_breath_off.csv,84.0,92.0,hold_breath,accepted,,ambiguous_breathing_evidence,,817,35.884,0.00210373,72.94348785519297,1.594389735793465,45.75009874787366,31.94012275908468,3,1.5029379885269127,0.25,99.5636932711334,0.877277135848999,1.8629865256359632,1.54435239810181
session_20260812_132357_hold_breath_off_hold_breath_off_w00038,session_20260812_132357_hold_breath_off_hold_breath_off,/Users/jandonyggarofalo/Documents/Desa/UNI/Semestre7/embebidos/esp-csi/examples/get-started/csi_send/data/raw/session_20260812_132357_hold_breath_off_hold_breath_off.csv,86.0,94.0,hold_breath,accepted,,ambiguous_breathing_evidence,,820,35.884,0.00202934,100.88798041353024,2.0104777464996064,50.181097795851585,32.926474588125366,6,1.1593528349049047,0.375,206.0221497815425,0.9058341383934021,2.0038394283675527,1.54435239810181
session_20260812_132357_hold_breath_off_hold_breath_off_w00039,session_20260812_132357_hold_breath_off_hold_breath_off,/Users/jandonyggarofalo/Documents/Desa/UNI/Semestre7/embebidos/esp-csi/examples/get-started/csi_send/data/raw/session_20260812_132357_hold_breath_off_hold_breath_off.csv,88.0,96.0,hold_breath,accepted,,ambiguous_breathing_evidence,,817,48.478,0.00270617,157.31498109988823,3.6606708420917897,42.974358494890495,115.56388219821478,5,1.5059560783880848,0.375,258.19223363175297,0.889714241027832,2.1967700824402727,1.54435239810181
session_20260812_132357_hold_breath_off_hold_breath_off_w00040,session_20260812_132357_hold_breath_off_hold_breath_off,/Users/jandonyggarofalo/Documents/Desa/UNI/Semestre7/embebidos/esp-csi/examples/get-started/csi_send/data/raw/session_20260812_132357_hold_breath_off_hold_breath_off.csv,90.0,98.0,hold_breath,accepted,,ambiguous_breathing_evidence,,820,48.478,0.00213415,78.33329341636436,1.7781387554212407,44.053532480238395,61.74448366491025,4,1.4104086897758084,0.375,176.56499273463854,0.8848743438720703,1.8939463862449673,1.54435239810181
session_20260812_132357_hold_breath_off_hold_breath_off_w00041,session_20260812_132357_hold_breath_off_hold_breath_off,/Users/jandonyggarofalo/Documents/Desa/UNI/Semestre7/embebidos/esp-csi/examples/get-started/csi_send/data/raw/session_20260812_132357_hold_breath_off_hold_breath_off.csv,92.0,100.0,hold_breath,accepted,,high_confidence_hold,hold_breath,820,60.333,0.00310595,17.189392148909803,0.35730465886913554,48.10850270820955,15.870947834469463,6,1.2735423589692345,0.375,30.31834457988785,0.8794499635696411,1.2352605194420643,1.54435239810181
session_20260812_132357_hold_breath_off_hold_breath_off_w00042,session_20260812_132357_hold_breath_off_hold_breath_off,/Users/jandonyggarofalo/Documents/Desa/UNI/Semestre7/embebidos/esp-csi/examples/get-started/csi_send/data/raw/session_20260812_132357_hold_breath_off_hold_breath_off.csv,94.0,102.0,hold_breath,accepted,,high_confidence_hold,hold_breath,819,60.333,0.0028808,13.774263282242886,0.31070994783944483,44.33158119969889,11.325299625413678,5,1.363029566305586,0.125,21.79710811233328,0.8654533624649048,1.139068379864121,1.54435239810181
session_20260812_132357_hold_breath_off_hold_breath_off_w00043,session_20260812_132357_hold_breath_off_hold_breath_off,/Users/jandonyggarofalo/Documents/Desa/UNI/Semestre7/embebidos/esp-csi/examples/get-started/csi_send/data/raw/session_20260812_132357_hold_breath_off_hold_breath_off.csv,96.0,104.0,hold_breath,accepted,,high_confidence_hold,hold_breath,822,60.333,0.00196738,13.38927642822797,0.3459000847915682,38.70850866156146,22.754328923467842,5,1.4975445881301372,0.125,24.28540281868552,0.8957276940345764,1.357064031706527,1.54435239810181
session_20260812_132357_hold_breath_off_hold_breath_off_w00044,session_20260812_132357_hold_breath_off_hold_breath_off,/Users/jandonyggarofalo/Documents/Desa/UNI/Semestre7/embebidos/esp-csi/examples/get-started/csi_send/data/raw/session_20260812_132357_hold_breath_off_hold_breath_off.csv,98.0,106.0,hold_breath,accepted,,ambiguous_breathing_evidence,,818,60.333,0.00119384,45.55857336922578,0.9692800362817166,47.002488098225314,29.8391589332376,4,1.5424043457902208,0.25,60.06107086775606,0.9165524244308472,1.6585701160310045,1.54435239810181
session_20260812_132357_hold_breath_off_hold_breath_off_w00045,session_20260812_132357_hold_breath_off_hold_breath_off,/Users/jandonyggarofalo/Documents/Desa/UNI/Semestre7/embebidos/esp-csi/examples/get-started/csi_send/data/raw/session_20260812_132357_hold_breath_off_hold_breath_off.csv,100.0,108.0,hold_breath,accepted,,ambiguous_breathing_evidence,,816,39.188,0.00041169,66.1705041053101,1.4073272396412404,47.018562734656825,23.327793763596365,6,1.4533583781471329,0.375,121.20861470101985,0.8988444209098816,1.8206644432323966,1.54435239810181
session_20260812_132357_hold_breath_off_hold_breath_off_w00046,session_20260812_132357_hold_breath_off_hold_breath_off,/Users/jandonyggarofalo/Documents/Desa/UNI/Semestre7/embebidos/esp-csi/examples/get-started/csi_send/data/raw/session_20260812_132357_hold_breath_off_hold_breath_off.csv,102.0,110.0,hold_breath,accepted,,ambiguous_breathing_evidence,,819,39.188,0.00344361,71.95115707341895,1.618776308481413,44.44786886019629,46.47215365639573,4,1.6227044399677077,0.375,99.31600615879793,0.8810810446739197,1.857037782380489,1.54435239810181
session_20260812_132357_hold_breath_off_hold_breath_off_w00047,session_20260812_132357_hold_breath_off_hold_breath_off,/Users/jandonyggarofalo/Documents/Desa/UNI/Semestre7/embebidos/esp-csi/examples/get-started/csi_send/data/raw/session_20260812_132357_hold_breath_off_hold_breath_off.csv,104.0,112.0,hold_breath,rejected,transition_guard,not_evaluated,,821,,,,,,,,,,,,,
session_20260812_132610_hold_breath_off_hold_breath_off_w00000,session_20260812_132610_hold_breath_off_hold_breath_off,/Users/jandonyggarofalo/Documents/Desa/UNI/Semestre7/embebidos/esp-csi/examples/get-started/csi_send/data/raw/session_20260812_132610_hold_breath_off_hold_breath_off.csv,10.0,18.0,breathing,accepted,,trusted_breathing,breathing,812,83.554,0.00436807,47.675894917335924,1.1200700537407422,42.5651009578091,41.22254842683336,5,1.5520598198000566,0.375,74.20467827946364,0.8524382710456848,1.6782988538735428,1.551943168192249
session_20260812_132610_hold_breath_off_hold_breath_off_w00001,session_20260812_132610_hold_breath_off_hold_breath_off,/Users/jandonyggarofalo/Documents/Desa/UNI/Semestre7/embebidos/esp-csi/examples/get-started/csi_send/data/raw/session_20260812_132610_hold_breath_off_hold_breath_off.csv,12.0,20.0,breathing,accepted,,trusted_breathing,breathing,800,83.554,0.00474609,57.52381787787672,1.181093144438305,48.70387923992628,31.17355303433792,6,1.1396583139631349,0.375,121.0454896428144,0.876567542552948,1.7598477026229111,1.551943168192249
session_20260812_132610_hold_breath_off_hold_breath_off_w00002,session_20260812_132610_hold_breath_off_hold_breath_off,/Users/jandonyggarofalo/Documents/Desa/UNI/Semestre7/embebidos/esp-csi/examples/get-started/csi_send/data/raw/session_20260812_132610_hold_breath_off_hold_breath_off.csv,14.0,22.0,breathing,accepted,,trusted_breathing,breathing,797,83.554,0.00445028,56.08110597256134,1.2639469939185917,44.36982424290574,40.31175052182018,6,1.5838047682227692,0.375,82.45446754031411,0.8791351318359375,1.7488165697418543,1.551943168192249
session_20260812_132610_hold_breath_off_hold_breath_off_w00003,session_20260812_132610_hold_breath_off_hold_breath_off,/Users/jandonyggarofalo/Documents/Desa/UNI/Semestre7/embebidos/esp-csi/examples/get-started/csi_send/data/raw/session_20260812_132610_hold_breath_off_hold_breath_off.csv,16.0,24.0,breathing,rejected,time_gap,not_evaluated,,797,102.599,,,,,,,,,,,,
session_20260812_132610_hold_breath_off_hold_breath_off_w00004,session_20260812_132610_hold_breath_off_hold_breath_off,/Users/jandonyggarofalo/Documents/Desa/UNI/Semestre7/embebidos/esp-csi/examples/get-started/csi_send/data/raw/session_20260812_132610_hold_breath_off_hold_breath_off.csv,18.0,26.0,breathing,rejected,time_gap,not_evaluated,,796,102.599,,,,,,,,,,,,
session_20260812_132610_hold_breath_off_hold_breath_off_w00005,session_20260812_132610_hold_breath_off_hold_breath_off,/Users/jandonyggarofalo/Documents/Desa/UNI/Semestre7/embebidos/esp-csi/examples/get-started/csi_send/data/raw/session_20260812_132610_hold_breath_off_hold_breath_off.csv,20.0,28.0,breathing,rejected,time_gap,not_evaluated,,799,102.599,,,,,,,,,,,,
session_20260812_132610_hold_breath_off_hold_breath_off_w00006,session_20260812_132610_hold_breath_off_hold_breath_off,/Users/jandonyggarofalo/Documents/Desa/UNI/Semestre7/embebidos/esp-csi/examples/get-started/csi_send/data/raw/session_20260812_132610_hold_breath_off_hold_breath_off.csv,22.0,30.0,breathing,rejected,time_gap,not_evaluated,,804,102.599,,,,,,,,,,,,
session_20260812_132610_hold_breath_off_hold_breath_off_w00007,session_20260812_132610_hold_breath_off_hold_breath_off,/Users/jandonyggarofalo/Documents/Desa/UNI/Semestre7/embebidos/esp-csi/examples/get-started/csi_send/data/raw/session_20260812_132610_hold_breath_off_hold_breath_off.csv,24.0,32.0,breathing,accepted,,trusted_breathing,breathing,808,76.279,0.00208849,124.06635278616912,3.2358574266365814,38.34110605889332,124.77591625563541,6,1.4039886344070298,0.125,288.8325079375439,0.8317105174064636,2.0961307676650356,1.551943168192249
session_20260812_132610_hold_breath_off_hold_breath_off_w00008,session_20260812_132610_hold_breath_off_hold_breath_off,/Users/jandonyggarofalo/Documents/Desa/UNI/Semestre7/embebidos/esp-csi/examples/get-started/csi_send/data/raw/session_20260812_132610_hold_breath_off_hold_breath_off.csv,26.0,34.0,breathing,accepted,,trusted_breathing,breathing,812,43.153,0.00180881,15.639024998117439,0.3284076326362858,47.62077200376816,10.169014959065668,4,1.4564689206131363,0.25,27.819786459024954,0.8697197437286377,1.1942096738429997,1.551943168192249
session_20260812_132610_hold_breath_off_hold_breath_off_w00009,session_20260812_132610_hold_breath_off_hold_breath_off,/Users/jandonyggarofalo/Documents/Desa/UNI/Semestre7/embebidos/esp-csi/examples/get-started/csi_send/data/raw/session_20260812_132610_hold_breath_off_hold_breath_off.csv,28.0,36.0,breathing,accepted,,trusted_breathing,breathing,808,43.153,0.00249459,12.622914788891146,0.3831759057599352,32.94287192672972,22.961230871522112,3,1.2078923251443483,0.125,41.43986659141995,0.8609331846237183,1.360995165362791,1.551943168192249
session_20260812_132610_hold_breath_off_hold_breath_off_w00010,session_20260812_132610_hold_breath_off_hold_breath_off,/Users/jandonyggarofalo/Documents/Desa/UNI/Semestre7/embebidos/esp-csi/examples/get-started/csi_send/data/raw/session_20260812_132610_hold_breath_off_hold_breath_off.csv,30.0,38.0,breathing,accepted,,trusted_breathing,breathing,803,38.834,0.00295766,53.31576680318263,1.4092418535496984,37.83294306002143,69.15192937334623,3,1.3433366223264904,0.125,139.82276139718735,0.8651009202003479,1.8398043016471948,1.551943168192249
session_20260812_132610_hold_breath_off_hold_breath_off_w00011,session_20260812_132610_hold_breath_off_hold_breath_off,/Users/jandonyggarofalo/Documents/Desa/UNI/Semestre7/embebidos/esp-csi/examples/get-started/csi_send/data/raw/session_20260812_132610_hold_breath_off_hold_breath_off.csv,32.0,40.0,breathing,accepted,,trusted_breathing,breathing,801,78.538,0.00247737,48.610978224664365,1.4382773324964615,33.79805627629201,89.71440821623091,4,1.1662757314811825,0.125,149.21281273089642,0.8750768303871155,1.952862196737558,1.551943168192249
session_20260812_132610_hold_breath_off_hold_breath_off_w00012,session_20260812_132610_hold_breath_off_hold_breath_off,/Users/jandonyggarofalo/Documents/Desa/UNI/Semestre7/embebidos/esp-csi/examples/get-started/csi_send/data/raw/session_20260812_132610_hold_breath_off_hold_breath_off.csv,34.0,42.0,breathing,accepted,,trusted_breathing,breathing,800,78.538,0.00222656,10.506312134624235,0.21543543592160017,48.76779945523379,14.040748201548318,4,1.2470035177381447,0.25,24.918575571207917,0.8692041635513306,1.1473902510378315,1.551943168192249
session_20260812_132610_hold_breath_off_hold_breath_off_w00013,session_20260812_132610_hold_breath_off_hold_breath_off,/Users/jandonyggarofalo/Documents/Desa/UNI/Semestre7/embebidos/esp-csi/examples/get-started/csi_send/data/raw/session_20260812_132610_hold_breath_off_hold_breath_off.csv,36.0,44.0,breathing,accepted,,trusted_breathing,breathing,809,78.538,0.00119747,82.2882845670071,1.7508019120050828,47.00033967447552,36.92792262037567,3,1.2843715240723315,0.25,170.35153388661922,0.8726686239242554,1.9153380088444518,1.551943168192249
session_20260812_132610_hold_breath_off_hold_breath_off_w00014,session_20260812_132610_hold_breath_off_hold_breath_off,/Users/jandonyggarofalo/Documents/Desa/UNI/Semestre7/embebidos/esp-csi/examples/get-started/csi_send/data/raw/session_20260812_132610_hold_breath_off_hold_breath_off.csv,38.0,46.0,breathing,accepted,,trusted_breathing,breathing,814,78.538,0.0024858,73.80236536578236,1.497773958826082,49.274701920694056,28.207883953497685,5,1.2334823289614176,0.375,159.20033330533147,0.8690786957740784,1.8680702811840888,1.551943168192249
session_20260812_132610_hold_breath_off_hold_breath_off_w00015,session_20260812_132610_hold_breath_off_hold_breath_off,/Users/jandonyggarofalo/Documents/Desa/UNI/Semestre7/embebidos/esp-csi/examples/get-started/csi_send/data/raw/session_20260812_132610_hold_breath_off_hold_breath_off.csv,40.0,48.0,breathing,accepted,,trusted_breathing,breathing,813,67.716,0.00258495,70.09134578658124,1.407981585697458,49.781436418297325,21.12361912456804,6,1.0646278117905492,0.375,156.15069722124582,0.8619260191917419,1.8456643987205315,1.551943168192249
session_20260812_132610_hold_breath_off_hold_breath_off_w00016,session_20260812_132610_hold_breath_off_hold_breath_off,/Users/jandonyggarofalo/Documents/Desa/UNI/Semestre7/embebidos/esp-csi/examples/get-started/csi_send/data/raw/session_20260812_132610_hold_breath_off_hold_breath_off.csv,42.0,50.0,breathing,accepted,,trusted_breathing,breathing,818,51.968,0.00511919,143.95263253784418,4.036158728932996,35.66575107809598,210.77071152808813,4,1.3450807540533358,0.125,391.35020850163886,0.8789270520210266,2.3238102616379486,1.551943168192249
session_20260812_132610_hold_breath_off_hold_breath_off_w00017,session_20260812_132610_hold_breath_off_hold_breath_off,/Users/jandonyggarofalo/Documents/Desa/UNI/Semestre7/embebidos/esp-csi/examples/get-started/csi_send/data/raw/session_20260812_132610_hold_breath_off_hold_breath_off.csv,44.0,52.0,breathing,accepted,,trusted_breathing,breathing,814,51.968,0.00634406,35.64044912566391,0.7558170101755733,47.15486506097239,13.442133670198668,2,1.5053885898693484,0.125,53.3603041981402,0.8613212704658508,1.551943168192249,1.551943168192249
session_20260812_132610_hold_breath_off_hold_breath_off_w00018,session_20260812_132610_hold_breath_off_hold_breath_off,/Users/jandonyggarofalo/Documents/Desa/UNI/Semestre7/embebidos/esp-csi/examples/get-started/csi_send/data/raw/session_20260812_132610_hold_breath_off_hold_breath_off.csv,46.0,54.0,breathing,accepted,,trusted_breathing,breathing,817,36.799,0.00329904,51.32409658535683,1.256774199343699,40.837961673718304,53.215329212815774,6,1.5783393432390291,0.125,75.91380058491079,0.8640058040618896,1.726036753227033,1.551943168192249
session_20260812_132610_hold_breath_off_hold_breath_off_w00019,session_20260812_132610_hold_breath_off_hold_breath_off,/Users/jandonyggarofalo/Documents/Desa/UNI/Semestre7/embebidos/esp-csi/examples/get-started/csi_send/data/raw/session_20260812_132610_hold_breath_off_hold_breath_off.csv,48.0,56.0,breathing,accepted,,trusted_breathing,breathing,822,34.034,0.00498974,28.078972805403037,0.6355148162521819,44.183034112326176,18.479906388011717,6,1.4689053715174452,0.125,50.92628373275318,0.8643947839736938,1.4483812162389447,1.551943168192249
session_20260812_132610_hold_breath_off_hold_breath_off_w00020,session_20260812_132610_hold_breath_off_hold_breath_off,/Users/jandonyggarofalo/Documents/Desa/UNI/Semestre7/embebidos/esp-csi/examples/get-started/csi_send/data/raw/session_20260812_132610_hold_breath_off_hold_breath_off.csv,50.0,58.0,breathing,accepted,,trusted_breathing,breathing,823,36.311,0.00505012,151.63539855120513,3.8176535177926394,39.719528722145725,133.21476730321882,5,1.4159191880657571,0.125,339.5593458728524,0.8436754941940308,2.1808005970802964,1.551943168192249
session_20260812_132610_hold_breath_off_hold_breath_off_w00021,session_20260812_132610_hold_breath_off_hold_breath_off,/Users/jandonyggarofalo/Documents/Desa/UNI/Semestre7/embebidos/esp-csi/examples/get-started/csi_send/data/raw/session_20260812_132610_hold_breath_off_hold_breath_off.csv,52.0,60.0,breathing,rejected,transition_guard,not_evaluated,,816,,,,,,,,,,,,,
session_20260812_132610_hold_breath_off_hold_breath_off_w00022,session_20260812_132610_hold_breath_off_hold_breath_off,/Users/jandonyggarofalo/Documents/Desa/UNI/Semestre7/embebidos/esp-csi/examples/get-started/csi_send/data/raw/session_20260812_132610_hold_breath_off_hold_breath_off.csv,54.0,62.0,breathing,rejected,mixed_or_unknown_label,not_evaluated,,807,,,,,,,,,,,,,
session_20260812_132610_hold_breath_off_hold_breath_off_w00023,session_20260812_132610_hold_breath_off_hold_breath_off,/Users/jandonyggarofalo/Documents/Desa/UNI/Semestre7/embebidos/esp-csi/examples/get-started/csi_send/data/raw/session_20260812_132610_hold_breath_off_hold_breath_off.csv,56.0,64.0,breathing,rejected,mixed_or_unknown_label,not_evaluated,,801,,,,,,,,,,,,,
session_20260812_132610_hold_breath_off_hold_breath_off_w00024,session_20260812_132610_hold_breath_off_hold_breath_off,/Users/jandonyggarofalo/Documents/Desa/UNI/Semestre7/embebidos/esp-csi/examples/get-started/csi_send/data/raw/session_20260812_132610_hold_breath_off_hold_breath_off.csv,58.0,66.0,hold_breath,rejected,mixed_or_unknown_label,not_evaluated,,796,,,,,,,,,,,,,
session_20260812_132610_hold_breath_off_hold_breath_off_w00025,session_20260812_132610_hold_breath_off_hold_breath_off,/Users/jandonyggarofalo/Documents/Desa/UNI/Semestre7/embebidos/esp-csi/examples/get-started/csi_send/data/raw/session_20260812_132610_hold_breath_off_hold_breath_off.csv,60.0,68.0,hold_breath,rejected,transition_guard,not_evaluated,,804,,,,,,,,,,,,,
session_20260812_132610_hold_breath_off_hold_breath_off_w00026,session_20260812_132610_hold_breath_off_hold_breath_off,/Users/jandonyggarofalo/Documents/Desa/UNI/Semestre7/embebidos/esp-csi/examples/get-started/csi_send/data/raw/session_20260812_132610_hold_breath_off_hold_breath_off.csv,62.0,70.0,hold_breath,accepted,,high_confidence_hold,hold_breath,804,42.991,0.00275964,10.967339899124472,0.2211820517494907,49.58512597349635,4.114794182781723,5,1.2071573197118068,0.25,18.50786736714745,0.7644512057304382,1.0401013033064008,1.551943168192249
session_20260812_132610_hold_breath_off_hold_breath_off_w00027,session_20260812_132610_hold_breath_off_hold_breath_off,/Users/jandonyggarofalo/Documents/Desa/UNI/Semestre7/embebidos/esp-csi/examples/get-started/csi_send/data/raw/session_20260812_132610_hold_breath_off_hold_breath_off.csv,64.0,72.0,hold_breath,accepted,,ambiguous_breathing_evidence,,809,55.583,0.00240459,45.84964199931245,1.2467224208753853,36.77614297421745,61.1814438572327,4,1.4111386095331535,0.125,105.24170470624183,0.7625130414962769,1.7866197219430375,1.551943168192249
session_20260812_132610_hold_breath_off_hold_breath_off_w00028,session_20260812_132610_hold_breath_off_hold_breath_off,/Users/jandonyggarofalo/Documents/Desa/UNI/Semestre7/embebidos/esp-csi/examples/get-started/csi_send/data/raw/session_20260812_132610_hold_breath_off_hold_breath_off.csv,66.0,74.0,hold_breath,accepted,,high_confidence_hold,hold_breath,812,55.583,0.00265548,23.09523752508995,0.5772394483461359,40.00980458147952,25.420394377111542,6,1.6107585463305443,0.125,35.75774397994081,0.762376070022583,1.4051822840022206,1.551943168192249
session_20260812_132610_hold_breath_off_hold_breath_off_w00029,session_20260812_132610_hold_breath_off_hold_breath_off,/Users/jandonyggarofalo/Documents/Desa/UNI/Semestre7/embebidos/esp-csi/examples/get-started/csi_send/data/raw/session_20260812_132610_hold_breath_off_hold_breath_off.csv,68.0,76.0,hold_breath,accepted,,high_confidence_hold,hold_breath,813,55.583,0.00427621,14.083450016033883,0.3884558551851974,36.2549562016083,19.486292832605702,3,1.0438610995971573,0.125,43.14048650532747,0.8144543170928955,1.2897292246753413,1.551943168192249
session_20260812_132610_hold_breath_off_hold_breath_off_w00030,session_20260812_132610_hold_breath_off_hold_breath_off,/Users/jandonyggarofalo/Documents/Desa/UNI/Semestre7/embebidos/esp-csi/examples/get-started/csi_send/data/raw/session_20260812_132610_hold_breath_off_hold_breath_off.csv,70.0,78.0,hold_breath,accepted,,high_confidence_hold,hold_breath,823,55.583,0.00529693,25.829339250025253,0.661186052320163,39.065160493553435,27.8446788762403,3,1.152683198415814,0.125,67.26801737076532,0.8265340328216553,1.4447422136755679,1.551943168192249
session_20260812_132610_hold_breath_off_hold_breath_off_w00031,session_20260812_132610_hold_breath_off_hold_breath_off,/Users/jandonyggarofalo/Documents/Desa/UNI/Semestre7/embebidos/esp-csi/examples/get-started/csi_send/data/raw/session_20260812_132610_hold_breath_off_hold_breath_off.csv,72.0,80.0,hold_breath,accepted,,high_confidence_hold,hold_breath,826,69.971,0.00720717,33.42149960630266,0.7572212881354471,44.137031182198214,16.480196401251483,2,1.51610569213251,0.125,52.763287119573306,0.8479185700416565,1.5240259325750682,1.551943168192249
session_20260812_132610_hold_breath_off_hold_breath_off_w00032,session_20260812_132610_hold_breath_off_hold_breath_off,/Users/jandonyggarofalo/Documents/Desa/UNI/Semestre7/embebidos/esp-csi/examples/get-started/csi_send/data/raw/session_20260812_132610_hold_breath_off_hold_breath_off.csv,74.0,82.0,hold_breath,accepted,,ambiguous_breathing_evidence,,825,69.971,0.00389205,77.74398614718902,2.1370267774383156,36.37950959152017,100.51734970341118,4,1.4187791683115607,0.125,161.48847409317491,0.8532540798187256,2.0022410292206034,1.551943168192249
session_20260812_132610_hold_breath_off_hold_breath_off_w00033,session_20260812_132610_hold_breath_off_hold_breath_off,/Users/jandonyggarofalo/Documents/Desa/UNI/Semestre7/embebidos/esp-csi/examples/get-started/csi_send/data/raw/session_20260812_132610_hold_breath_off_hold_breath_off.csv,76.0,84.0,hold_breath,accepted,,high_confidence_hold,hold_breath,815,69.971,0.00797546,34.38069628907457,0.7353627224616194,46.75338474316291,17.390695124102045,6,1.264825126017327,0.375,80.81421163032789,0.8636813163757324,1.5363146679136053,1.551943168192249
session_20260812_132610_hold_breath_off_hold_breath_off_w00034,session_20260812_132610_hold_breath_off_hold_breath_off,/Users/jandonyggarofalo/Documents/Desa/UNI/Semestre7/embebidos/esp-csi/examples/get-started/csi_send/data/raw/session_20260812_132610_hold_breath_off_hold_breath_off.csv,78.0,86.0,hold_breath,accepted,,ambiguous_breathing_evidence,,800,69.971,0.01356445,54.66576491599559,1.3741327477490544,39.78201160368454,49.21113431230581,5,1.6257760578858107,0.125,99.21775394855777,0.8733256459236145,1.7377154293907773,1.551943168192249
session_20260812_132610_hold_breath_off_hold_breath_off_w00035,session_20260812_132610_hold_breath_off_hold_breath_off,/Users/jandonyggarofalo/Documents/Desa/UNI/Semestre7/embebidos/esp-csi/examples/get-started/csi_send/data/raw/session_20260812_132610_hold_breath_off_hold_breath_off.csv,80.0,88.0,hold_breath,accepted,,high_confidence_hold,hold_breath,792,40.723,0.0146583,28.908348684892893,0.6611614773751584,43.72358292805662,34.153194439363816,7,1.2254301441798965,0.5,66.07038373393995,0.8885501623153687,1.5334313306385374,1.551943168192249
session_20260812_132610_hold_breath_off_hold_breath_off_w00036,session_20260812_132610_hold_breath_off_hold_breath_off,/Users/jandonyggarofalo/Documents/Desa/UNI/Semestre7/embebidos/esp-csi/examples/get-started/csi_send/data/raw/session_20260812_132610_hold_breath_off_hold_breath_off.csv,82.0,90.0,hold_breath,rejected,too_many_amplitude_outliers,not_evaluated,,789,40.866,0.02099176,,,,,,,,,,,
session_20260812_132610_hold_breath_off_hold_breath_off_w00037,session_20260812_132610_hold_breath_off_hold_breath_off,/Users/jandonyggarofalo/Documents/Desa/UNI/Semestre7/embebidos/esp-csi/examples/get-started/csi_send/data/raw/session_20260812_132610_hold_breath_off_hold_breath_off.csv,84.0,92.0,hold_breath,rejected,time_gap,not_evaluated,,802,116.296,,,,,,,,,,,,
session_20260812_132610_hold_breath_off_hold_breath_off_w00038,session_20260812_132610_hold_breath_off_hold_breath_off,/Users/jandonyggarofalo/Documents/Desa/UNI/Semestre7/embebidos/esp-csi/examples/get-started/csi_send/data/raw/session_20260812_132610_hold_breath_off_hold_breath_off.csv,86.0,94.0,hold_breath,rejected,time_gap,not_evaluated,,815,116.296,,,,,,,,,,,,
session_20260812_132610_hold_breath_off_hold_breath_off_w00039,session_20260812_132610_hold_breath_off_hold_breath_off,/Users/jandonyggarofalo/Documents/Desa/UNI/Semestre7/embebidos/esp-csi/examples/get-started/csi_send/data/raw/session_20260812_132610_hold_breath_off_hold_breath_off.csv,88.0,96.0,hold_breath,rejected,time_gap,not_evaluated,,821,116.296,,,,,,,,,,,,
session_20260812_132610_hold_breath_off_hold_breath_off_w00040,session_20260812_132610_hold_breath_off_hold_breath_off,/Users/jandonyggarofalo/Documents/Desa/UNI/Semestre7/embebidos/esp-csi/examples/get-started/csi_send/data/raw/session_20260812_132610_hold_breath_off_hold_breath_off.csv,90.0,98.0,hold_breath,rejected,time_gap,not_evaluated,,821,116.296,,,,,,,,,,,,
session_20260812_132610_hold_breath_off_hold_breath_off_w00041,session_20260812_132610_hold_breath_off_hold_breath_off,/Users/jandonyggarofalo/Documents/Desa/UNI/Semestre7/embebidos/esp-csi/examples/get-started/csi_send/data/raw/session_20260812_132610_hold_breath_off_hold_breath_off.csv,92.0,100.0,hold_breath,accepted,,ambiguous_breathing_evidence,,814,70.117,0.00011517,66.59034258888273,1.4937167442844084,44.58030134805742,51.02591698453629,5,1.2709882568150133,0.25,136.28713664906678,0.8583599328994751,1.8234112492232104,1.551943168192249
session_20260812_132610_hold_breath_off_hold_breath_off_w00042,session_20260812_132610_hold_breath_off_hold_breath_off,/Users/jandonyggarofalo/Documents/Desa/UNI/Semestre7/embebidos/esp-csi/examples/get-started/csi_send/data/raw/session_20260812_132610_hold_breath_off_hold_breath_off.csv,94.0,102.0,hold_breath,accepted,,ambiguous_breathing_evidence,,808,70.117,0.00151802,139.1287455978738,3.6416639952238588,38.204717892783826,150.36072322784156,4,1.4316953486911628,0.125,291.00912271990757,0.8545382022857666,2.177134405982356,1.551943168192249
session_20260812_132610_hold_breath_off_hold_breath_off_w00043,session_20260812_132610_hold_breath_off_hold_breath_off,/Users/jandonyggarofalo/Documents/Desa/UNI/Semestre7/embebidos/esp-csi/examples/get-started/csi_send/data/raw/session_20260812_132610_hold_breath_off_hold_breath_off.csv,96.0,104.0,hold_breath,accepted,,ambiguous_breathing_evidence,,810,84.338,0.00561343,174.48247527769425,4.216811974782581,41.37781725177566,116.64147178070962,3,1.3806298629896123,0.125,358.38330845355216,0.8710243701934814,2.241751813688359,1.551943168192249
session_20260812_132610_hold_breath_off_hold_breath_off_w00044,session_20260812_132610_hold_breath_off_hold_breath_off,/Users/jandonyggarofalo/Documents/Desa/UNI/Semestre7/embebidos/esp-csi/examples/get-started/csi_send/data/raw/session_20260812_132610_hold_breath_off_hold_breath_off.csv,98.0,106.0,hold_breath,accepted,,ambiguous_breathing_evidence,,814,84.338,0.00578739,76.67820052580474,1.703450170366681,45.01346846515278,34.4604929814626,3,1.3365895964636878,0.25,130.19129779558108,0.8443532586097717,1.8846719123583082,1.551943168192249
session_20260812_132610_hold_breath_off_hold_breath_off_w00045,session_20260812_132610_hold_breath_off_hold_breath_off,/Users/jandonyggarofalo/Documents/Desa/UNI/Semestre7/embebidos/esp-csi/examples/get-started/csi_send/data/raw/session_20260812_132610_hold_breath_off_hold_breath_off.csv,100.0,108.0,hold_breath,rejected,transition_guard,not_evaluated,,812,,,,,,,,,,,,,
session_20260812_133128_hold_breath_off_hold_breath_off_w00000,session_20260812_133128_hold_breath_off_hold_breath_off,/Users/jandonyggarofalo/Documents/Desa/UNI/Semestre7/embebidos/esp-csi/examples/get-started/csi_send/data/raw/session_20260812_133128_hold_breath_off_hold_breath_off.csv,10.0,18.0,breathing,accepted,,trusted_breathing,breathing,799,57.031,0.00267913,64.88794619920203,1.6624337160786058,39.031899781377426,61.56296140486923,3,1.1529777559297705,0.125,198.58890854464377,0.8424592018127441,1.8121640283047125,1.8121640283047125
session_20260812_133128_hold_breath_off_hold_breath_off_w00001,session_20260812_133128_hold_breath_off_hold_breath_off,/Users/jandonyggarofalo/Documents/Desa/UNI/Semestre7/embebidos/esp-csi/examples/get-started/csi_send/data/raw/session_20260812_133128_hold_breath_off_hold_breath_off.csv,12.0,20.0,breathing,accepted,,trusted_breathing,breathing,801,57.031,0.0025554,182.08832526770468,5.458860397277861,33.35647223337536,246.3696988501441,2,1.1329568117076256,0.125,600.1368511427611,0.8592549562454224,2.3915872926506716,1.8121640283047125
session_20260812_133128_hold_breath_off_hold_breath_off_w00002,session_20260812_133128_hold_breath_off_hold_breath_off,/Users/jandonyggarofalo/Documents/Desa/UNI/Semestre7/embebidos/esp-csi/examples/get-started/csi_send/data/raw/session_20260812_133128_hold_breath_off_hold_breath_off.csv,14.0,22.0,breathing,accepted,,trusted_breathing,breathing,798,51.744,0.00422932,122.99689650638308,3.2664753531721797,37.654316413837066,105.04102272960223,5,1.495285874508421,0.125,266.5351923889285,0.8767619132995605,2.089894153332436,1.8121640283047125
session_20260812_133128_hold_breath_off_hold_breath_off_w00003,session_20260812_133128_hold_breath_off_hold_breath_off,/Users/jandonyggarofalo/Documents/Desa/UNI/Semestre7/embebidos/esp-csi/examples/get-started/csi_send/data/raw/session_20260812_133128_hold_breath_off_hold_breath_off.csv,16.0,24.0,breathing,accepted,,trusted_breathing,breathing,798,51.744,0.00502232,110.08169718821532,2.840113958821088,38.75960570042433,90.19300247217278,4,1.5765656567704525,0.125,222.69316475563815,0.8835947513580322,2.041715116692627,1.8121640283047125
session_20260812_133128_hold_breath_off_hold_breath_off_w00004,session_20260812_133128_hold_breath_off_hold_breath_off,/Users/jandonyggarofalo/Documents/Desa/UNI/Semestre7/embebidos/esp-csi/examples/get-started/csi_send/data/raw/session_20260812_133128_hold_breath_off_hold_breath_off.csv,18.0,26.0,breathing,accepted,,trusted_breathing,breathing,791,51.744,0.0109138,54.2219762794334,1.2608699576791995,43.00362297408785,45.20440851814498,6,1.6421726314481992,0.375,77.20359699667205,0.8818693161010742,1.7341753426729336,1.8121640283047125
session_20260812_133128_hold_breath_off_hold_breath_off_w00005,session_20260812_133128_hold_breath_off_hold_breath_off,/Users/jandonyggarofalo/Documents/Desa/UNI/Semestre7/embebidos/esp-csi/examples/get-started/csi_send/data/raw/session_20260812_133128_hold_breath_off_hold_breath_off.csv,20.0,28.0,breathing,accepted,,trusted_breathing,breathing,789,49.797,0.01032755,24.439278213664135,0.5273869466276094,46.34031685822989,20.702768342145358,5,1.3393930452114644,0.25,50.162252976390135,0.8726456165313721,1.3880883753654734,1.8121640283047125
session_20260812_133128_hold_breath_off_hold_breath_off_w00006,session_20260812_133128_hold_breath_off_hold_breath_off,/Users/jandonyggarofalo/Documents/Desa/UNI/Semestre7/embebidos/esp-csi/examples/get-started/csi_send/data/raw/session_20260812_133128_hold_breath_off_hold_breath_off.csv,22.0,30.0,breathing,rejected,time_gap,not_evaluated,,744,240.293,,,,,,,,,,,,
session_20260812_133128_hold_breath_off_hold_breath_off_w00007,session_20260812_133128_hold_breath_off_hold_breath_off,/Users/jandonyggarofalo/Documents/Desa/UNI/Semestre7/embebidos/esp-csi/examples/get-started/csi_send/data/raw/session_20260812_133128_hold_breath_off_hold_breath_off.csv,24.0,32.0,breathing,rejected,time_gap,not_evaluated,,546,240.293,,,,,,,,,,,,
session_20260812_133128_hold_breath_off_hold_breath_off_w00008,session_20260812_133128_hold_breath_off_hold_breath_off,/Users/jandonyggarofalo/Documents/Desa/UNI/Semestre7/embebidos/esp-csi/examples/get-started/csi_send/data/raw/session_20260812_133128_hold_breath_off_hold_breath_off.csv,26.0,34.0,breathing,rejected,time_gap,not_evaluated,,384,3749.736,,,,,,,,,,,,
session_20260812_133128_hold_breath_off_hold_breath_off_w00009,session_20260812_133128_hold_breath_off_hold_breath_off,/Users/jandonyggarofalo/Documents/Desa/UNI/Semestre7/embebidos/esp-csi/examples/get-started/csi_send/data/raw/session_20260812_133128_hold_breath_off_hold_breath_off.csv,28.0,36.0,breathing,rejected,insufficient_samples,not_evaluated,,184,,,,,,,,,,,,,
session_20260812_133128_hold_breath_off_hold_breath_off_w00010,session_20260812_133128_hold_breath_off_hold_breath_off,/Users/jandonyggarofalo/Documents/Desa/UNI/Semestre7/embebidos/esp-csi/examples/get-started/csi_send/data/raw/session_20260812_133128_hold_breath_off_hold_breath_off.csv,30.0,38.0,breathing,rejected,insufficient_samples,not_evaluated,,32,,,,,,,,,,,,,
session_20260812_133128_hold_breath_off_hold_breath_off_w00011,session_20260812_133128_hold_breath_off_hold_breath_off,/Users/jandonyggarofalo/Documents/Desa/UNI/Semestre7/embebidos/esp-csi/examples/get-started/csi_send/data/raw/session_20260812_133128_hold_breath_off_hold_breath_off.csv,32.0,40.0,breathing,rejected,insufficient_samples,not_evaluated,,216,,,,,,,,,,,,,
session_20260812_133128_hold_breath_off_hold_breath_off_w00012,session_20260812_133128_hold_breath_off_hold_breath_off,/Users/jandonyggarofalo/Documents/Desa/UNI/Semestre7/embebidos/esp-csi/examples/get-started/csi_send/data/raw/session_20260812_133128_hold_breath_off_hold_breath_off.csv,34.0,42.0,breathing,rejected,time_gap,not_evaluated,,377,113.897,,,,,,,,,,,,
session_20260812_133128_hold_breath_off_hold_breath_off_w00013,session_20260812_133128_hold_breath_off_hold_breath_off,/Users/jandonyggarofalo/Documents/Desa/UNI/Semestre7/embebidos/esp-csi/examples/get-started/csi_send/data/raw/session_20260812_133128_hold_breath_off_hold_breath_off.csv,36.0,44.0,breathing,rejected,time_gap,not_evaluated,,581,113.897,,,,,,,,,,,,
session_20260812_133128_hold_breath_off_hold_breath_off_w00014,session_20260812_133128_hold_breath_off_hold_breath_off,/Users/jandonyggarofalo/Documents/Desa/UNI/Semestre7/embebidos/esp-csi/examples/get-started/csi_send/data/raw/session_20260812_133128_hold_breath_off_hold_breath_off.csv,38.0,46.0,breathing,rejected,time_gap,not_evaluated,,775,113.897,,,,,,,,,,,,
session_20260812_133128_hold_breath_off_hold_breath_off_w00015,session_20260812_133128_hold_breath_off_hold_breath_off,/Users/jandonyggarofalo/Documents/Desa/UNI/Semestre7/embebidos/esp-csi/examples/get-started/csi_send/data/raw/session_20260812_133128_hold_breath_off_hold_breath_off.csv,40.0,48.0,breathing,rejected,time_gap,not_evaluated,,794,107.047,,,,,,,,,,,,
session_20260812_133128_hold_breath_off_hold_breath_off_w00016,session_20260812_133128_hold_breath_off_hold_breath_off,/Users/jandonyggarofalo/Documents/Desa/UNI/Semestre7/embebidos/esp-csi/examples/get-started/csi_send/data/raw/session_20260812_133128_hold_breath_off_hold_breath_off.csv,42.0,50.0,breathing,rejected,time_gap,not_evaluated,,799,104.406,,,,,,,,,,,,
session_20260812_133128_hold_breath_off_hold_breath_off_w00017,session_20260812_133128_hold_breath_off_hold_breath_off,/Users/jandonyggarofalo/Documents/Desa/UNI/Semestre7/embebidos/esp-csi/examples/get-started/csi_send/data/raw/session_20260812_133128_hold_breath_off_hold_breath_off.csv,44.0,52.0,breathing,rejected,time_gap,not_evaluated,,798,104.406,,,,,,,,,,,,
session_20260812_133128_hold_breath_off_hold_breath_off_w00018,session_20260812_133128_hold_breath_off_hold_breath_off,/Users/jandonyggarofalo/Documents/Desa/UNI/Semestre7/embebidos/esp-csi/examples/get-started/csi_send/data/raw/session_20260812_133128_hold_breath_off_hold_breath_off.csv,46.0,54.0,breathing,accepted,,trusted_breathing,breathing,807,51.26,0.00575046,298.6716104747807,6.930693210880081,43.094045773930794,178.78781768174719,3,1.2995010415169328,0.125,548.8497132948556,0.825123131275177,2.4751939437286703,1.8121640283047125
session_20260812_133128_hold_breath_off_hold_breath_off_w00019,session_20260812_133128_hold_breath_off_hold_breath_off,/Users/jandonyggarofalo/Documents/Desa/UNI/Semestre7/embebidos/esp-csi/examples/get-started/csi_send/data/raw/session_20260812_133128_hold_breath_off_hold_breath_off.csv,48.0,56.0,breathing,accepted,,trusted_breathing,breathing,802,51.26,0.00567916,86.148545048906,1.7696992053993406,48.67976703951648,48.8651843696079,5,1.1751603016034171,0.375,185.2621341610947,0.8158652186393738,1.9352479471053827,1.8121640283047125
session_20260812_133128_hold_breath_off_hold_breath_off_w00020,session_20260812_133128_hold_breath_off_hold_breath_off,/Users/jandonyggarofalo/Documents/Desa/UNI/Semestre7/embebidos/esp-csi/examples/get-started/csi_send/data/raw/session_20260812_133128_hold_breath_off_hold_breath_off.csv,50.0,58.0,breathing,accepted,,trusted_breathing,breathing,805,51.26,0.00799689,85.65081178236771,1.881181773937192,45.53032193324973,41.72273555391033,6,1.583937543745978,0.375,116.90106093193181,0.8265947699546814,1.932731483482878,1.8121640283047125
session_20260812_133128_hold_breath_off_hold_breath_off_w00021,session_20260812_133128_hold_breath_off_hold_breath_off,/Users/jandonyggarofalo/Documents/Desa/UNI/Semestre7/embebidos/esp-csi/examples/get-started/csi_send/data/raw/session_20260812_133128_hold_breath_off_hold_breath_off.csv,52.0,60.0,breathing,rejected,transition_guard,not_evaluated,,804,,,,,,,,,,,,,
session_20260812_133128_hold_breath_off_hold_breath_off_w00022,session_20260812_133128_hold_breath_off_hold_breath_off,/Users/jandonyggarofalo/Documents/Desa/UNI/Semestre7/embebidos/esp-csi/examples/get-started/csi_send/data/raw/session_20260812_133128_hold_breath_off_hold_breath_off.csv,54.0,62.0,breathing,rejected,mixed_or_unknown_label,not_evaluated,,808,,,,,,,,,,,,,
session_20260812_133128_hold_breath_off_hold_breath_off_w00023,session_20260812_133128_hold_breath_off_hold_breath_off,/Users/jandonyggarofalo/Documents/Desa/UNI/Semestre7/embebidos/esp-csi/examples/get-started/csi_send/data/raw/session_20260812_133128_hold_breath_off_hold_breath_off.csv,56.0,64.0,hold_breath,rejected,mixed_or_unknown_label,not_evaluated,,810,,,,,,,,,,,,,
session_20260812_133128_hold_breath_off_hold_breath_off_w00024,session_20260812_133128_hold_breath_off_hold_breath_off,/Users/jandonyggarofalo/Documents/Desa/UNI/Semestre7/embebidos/esp-csi/examples/get-started/csi_send/data/raw/session_20260812_133128_hold_breath_off_hold_breath_off.csv,58.0,66.0,hold_breath,rejected,mixed_or_unknown_label,not_evaluated,,809,,,,,,,,,,,,,
session_20260812_133128_hold_breath_off_hold_breath_off_w00025,session_20260812_133128_hold_breath_off_hold_breath_off,/Users/jandonyggarofalo/Documents/Desa/UNI/Semestre7/embebidos/esp-csi/examples/get-started/csi_send/data/raw/session_20260812_133128_hold_breath_off_hold_breath_off.csv,60.0,68.0,hold_breath,rejected,transition_guard,not_evaluated,,803,,,,,,,,,,,,,
session_20260812_133128_hold_breath_off_hold_breath_off_w00026,session_20260812_133128_hold_breath_off_hold_breath_off,/Users/jandonyggarofalo/Documents/Desa/UNI/Semestre7/embebidos/esp-csi/examples/get-started/csi_send/data/raw/session_20260812_133128_hold_breath_off_hold_breath_off.csv,62.0,70.0,hold_breath,accepted,,high_confidence_hold,hold_breath,791,43.157,0.00801003,56.56768173704528,1.1979537126018995,47.22025662755841,23.421690911307813,5,1.3754575958625188,0.375,102.54612689660877,0.807226300239563,1.7525683808008883,1.8121640283047125
session_20260812_133128_hold_breath_off_hold_breath_off_w00027,session_20260812_133128_hold_breath_off_hold_breath_off,/Users/jandonyggarofalo/Documents/Desa/UNI/Semestre7/embebidos/esp-csi/examples/get-started/csi_send/data/raw/session_20260812_133128_hold_breath_off_hold_breath_off.csv,64.0,72.0,hold_breath,accepted,,high_confidence_hold,hold_breath,786,43.157,0.00762365,43.45397528798717,1.0227509631951186,42.48734721519359,53.103270080791134,6,1.5725041566999047,0.5,64.83351798902041,0.8042808175086975,1.7251212656071842,1.8121640283047125
session_20260812_133128_hold_breath_off_hold_breath_off_w00028,session_20260812_133128_hold_breath_off_hold_breath_off,/Users/jandonyggarofalo/Documents/Desa/UNI/Semestre7/embebidos/esp-csi/examples/get-started/csi_send/data/raw/session_20260812_133128_hold_breath_off_hold_breath_off.csv,66.0,74.0,hold_breath,accepted,,high_confidence_hold,hold_breath,783,48.678,0.01032687,30.91128815004814,0.6323217843616492,48.88537595016638,10.561288617929074,7,1.3816065502024018,0.375,52.58136598959159,0.7987499237060547,1.4901171035686913,1.8121640283047125
session_20260812_133128_hold_breath_off_hold_breath_off_w00029,session_20260812_133128_hold_breath_off_hold_breath_off,/Users/jandonyggarofalo/Documents/Desa/UNI/Semestre7/embebidos/esp-csi/examples/get-started/csi_send/data/raw/session_20260812_133128_hold_breath_off_hold_breath_off.csv,68.0,76.0,hold_breath,accepted,,high_confidence_hold,hold_breath,790,48.678,0.01085839,43.90167791868865,1.1136326359230972,39.42204682449778,52.435394566029316,5,1.466856218086302,0.375,80.04547347986359,0.7811844944953918,1.7196245403332089,1.8121640283047125
session_20260812_133128_hold_breath_off_hold_breath_off_w00030,session_20260812_133128_hold_breath_off_hold_breath_off,/Users/jandonyggarofalo/Documents/Desa/UNI/Semestre7/embebidos/esp-csi/examples/get-started/csi_send/data/raw/session_20260812_133128_hold_breath_off_hold_breath_off.csv,70.0,78.0,hold_breath,accepted,,high_confidence_hold,hold_breath,799,48.678,0.00978763,32.37684777904861,0.7762677923116862,41.70834871634992,19.00317788799292,2,1.433561246512352,0.125,78.86178940709951,0.7969011068344116,1.5102345634165797,1.8121640283047125
session_20260812_133128_hold_breath_off_hold_breath_off_w00031,session_20260812_133128_hold_breath_off_hold_breath_off,/Users/jandonyggarofalo/Documents/Desa/UNI/Semestre7/embebidos/esp-csi/examples/get-started/csi_send/data/raw/session_20260812_133128_hold_breath_off_hold_breath_off.csv,72.0,80.0,hold_breath,accepted,,high_confidence_hold,hold_breath,799,50.564,0.00939651,36.86866690398614,0.808561692784579,45.59784025504566,30.230019182842078,3,1.4192537720662104,0.25,69.12569037185578,0.8113195300102234,1.5666574346847972,1.8121640283047125
session_20260812_133128_hold_breath_off_hold_breath_off_w00032,session_20260812_133128_hold_breath_off_hold_breath_off,/Users/jandonyggarofalo/Documents/Desa/UNI/Semestre7/embebidos/esp-csi/examples/get-started/csi_send/data/raw/session_20260812_133128_hold_breath_off_hold_breath_off.csv,74.0,82.0,hold_breath,accepted,,high_confidence_hold,hold_breath,804,54.133,0.00635494,63.50064049532669,1.4444968586084708,43.960386702713144,47.6797779890759,6,1.590759861984708,0.125,80.3858138621183,0.7974943518638611,1.8027781057988048,1.8121640283047125
session_20260812_133128_hold_breath_off_hold_breath_off_w00033,session_20260812_133128_hold_breath_off_hold_breath_off,/Users/jandonyggarofalo/Documents/Desa/UNI/Semestre7/embebidos/esp-csi/examples/get-started/csi_send/data/raw/session_20260812_133128_hold_breath_off_hold_breath_off.csv,76.0,84.0,hold_breath,accepted,,high_confidence_hold,hold_breath,802,54.133,0.00778328,31.920868562249762,0.6877092993371201,46.416223530744354,12.97530236954612,5,1.2379255358034358,0.5,60.91913419013132,0.7815015316009521,1.5040746999299672,1.8121640283047125
session_20260812_133128_hold_breath_off_hold_breath_off_w00034,session_20260812_133128_hold_breath_off_hold_breath_off,/Users/jandonyggarofalo/Documents/Desa/UNI/Semestre7/embebidos/esp-csi/examples/get-started/csi_send/data/raw/session_20260812_133128_hold_breath_off_hold_breath_off.csv,78.0,86.0,hold_breath,accepted,,ambiguous_breathing_evidence,,800,54.133,0.00837891,174.56549404994436,4.702432202821112,37.12238401761132,206.87069568141655,4,1.4175393785482178,0.125,423.1654524369309,0.8026558756828308,2.3156989749324532,1.8121640283047125
session_20260812_133128_hold_breath_off_hold_breath_off_w00035,session_20260812_133128_hold_breath_off_hold_breath_off,/Users/jandonyggarofalo/Documents/Desa/UNI/Semestre7/embebidos/esp-csi/examples/get-started/csi_send/data/raw/session_20260812_133128_hold_breath_off_hold_breath_off.csv,80.0,88.0,hold_breath,accepted,,high_confidence_hold,hold_breath,804,54.133,0.01021261,37.17181224143319,0.9236944829231573,40.24254006991324,31.2669001432824,4,1.4655879258962066,0.375,61.92389479190482,0.8077016472816467,1.5702137348183234,1.8121640283047125
session_20260812_133128_hold_breath_off_hold_breath_off_w00036,session_20260812_133128_hold_breath_off_hold_breath_off,/Users/jandonyggarofalo/Documents/Desa/UNI/Semestre7/embebidos/esp-csi/examples/get-started/csi_send/data/raw/session_20260812_133128_hold_breath_off_hold_breath_off.csv,82.0,90.0,hold_breath,accepted,,high_confidence_hold,hold_breath,796,35.506,0.01077654,17.76486684970083,0.4701279442013166,37.78730251792017,21.85607485096459,5,1.4552348238566257,0.125,32.67183270178383,0.8166176676750183,1.339572169341558,1.8121640283047125
session_20260812_133128_hold_breath_off_hold_breath_off_w00037,session_20260812_133128_hold_breath_off_hold_breath_off,/Users/jandonyggarofalo/Documents/Desa/UNI/Semestre7/embebidos/esp-csi/examples/get-started/csi_send/data/raw/session_20260812_133128_hold_breath_off_hold_breath_off.csv,84.0,92.0,hold_breath,accepted,,ambiguous_breathing_evidence,,792,35.506,0.00817748,65.32607890925853,1.9806840845214695,32.981574103478614,120.48101552891754,4,1.0984424321474546,0.125,211.89803461161264,0.8207474946975708,2.0809186195201943,1.8121640283047125
session_20260812_133128_hold_breath_off_hold_breath_off_w00038,session_20260812_133128_hold_breath_off_hold_breath_off,/Users/jandonyggarofalo/Documents/Desa/UNI/Semestre7/embebidos/esp-csi/examples/get-started/csi_send/data/raw/session_20260812_133128_hold_breath_off_hold_breath_off.csv,86.0,94.0,hold_breath,accepted,,high_confidence_hold,hold_breath,787,56.003,0.00745513,2.30222904753598,0.07346258513310334,31.338797067015033,4.28043415836247,8,1.738771958418885,0.5,3.7565817026552724,0.8020540475845337,0.5747928388371393,1.8121640283047125
session_20260812_133128_hold_breath_off_hold_breath_off_w00039,session_20260812_133128_hold_breath_off_hold_breath_off,/Users/jandonyggarofalo/Documents/Desa/UNI/Semestre7/embebidos/esp-csi/examples/get-started/csi_send/data/raw/session_20260812_133128_hold_breath_off_hold_breath_off.csv,88.0,96.0,hold_breath,accepted,,high_confidence_hold,hold_breath,790,56.003,0.00605222,12.809840511499782,0.3617922645621522,35.406618013149306,15.523940714843743,3,1.2459326846159813,0.125,37.06597097367232,0.7881866693496704,1.1910019755221803,1.8121640283047125
session_20260812_133128_hold_breath_off_hold_breath_off_w00040,session_20260812_133128_hold_breath_off_hold_breath_off,/Users/jandonyggarofalo/Documents/Desa/UNI/Semestre7/embebidos/esp-csi/examples/get-started/csi_send/data/raw/session_20260812_133128_hold_breath_off_hold_breath_off.csv,90.0,98.0,hold_breath,accepted,,high_confidence_hold,hold_breath,798,56.003,0.00579574,12.942299892809844,0.31208472722305053,41.47046863821171,11.865747861887003,4,1.4236101336039995,0.125,26.60254798617779,0.8299840092658997,1.1120114588677332,1.8121640283047125
session_20260812_133128_hold_breath_off_hold_breath_off_w00041,session_20260812_133128_hold_breath_off_hold_breath_off,/Users/jandonyggarofalo/Documents/Desa/UNI/Semestre7/embebidos/esp-csi/examples/get-started/csi_send/data/raw/session_20260812_133128_hold_breath_off_hold_breath_off.csv,92.0,100.0,hold_breath,accepted,,ambiguous_breathing_evidence,,797,56.003,0.00644017,30.331307998981845,0.9761472504314704,31.0724718894039,77.45529686940102,4,1.1080918077929198,0.125,94.52760404386964,0.8744998574256897,1.88905112283755,1.8121640283047125
session_20260812_133128_hold_breath_off_hold_breath_off_w00042,session_20260812_133128_hold_breath_off_hold_breath_off,/Users/jandonyggarofalo/Documents/Desa/UNI/Semestre7/embebidos/esp-csi/examples/get-started/csi_send/data/raw/session_20260812_133128_hold_breath_off_hold_breath_off.csv,94.0,102.0,hold_breath,accepted,,high_confidence_hold,hold_breath,802,46.586,0.00665329,11.28616243201671,0.37186849187158544,30.349875503525386,42.1795638142627,6,1.483557035311909,0.125,17.84539181528811,0.8858293294906616,1.2515260878114276,1.8121640283047125
session_20260812_133128_hold_breath_off_hold_breath_off_w00043,session_20260812_133128_hold_breath_off_hold_breath_off,/Users/jandonyggarofalo/Documents/Desa/UNI/Semestre7/embebidos/esp-csi/examples/get-started/csi_send/data/raw/session_20260812_133128_hold_breath_off_hold_breath_off.csv,96.0,104.0,hold_breath,accepted,,ambiguous_breathing_evidence,,790,43.519,0.00674446,107.63021092893202,2.521110398121412,42.691589788804656,71.7993054507072,4,1.4501644750933025,0.125,181.8300308154924,0.8857336044311523,2.031934191387581,1.8121640283047125
session_20260812_133128_hold_breath_off_hold_breath_off_w00044,session_20260812_133128_hold_breath_off_hold_breath_off,/Users/jandonyggarofalo/Documents/Desa/UNI/Semestre7/embebidos/esp-csi/examples/get-started/csi_send/data/raw/session_20260812_133128_hold_breath_off_hold_breath_off.csv,98.0,106.0,hold_breath,accepted,,high_confidence_hold,hold_breath,790,48.07,0.0066159,54.00589970460599,1.2532618715205535,43.092270603460385,42.823381859112004,4,1.4608717765947317,0.25,98.81034293768414,0.7207851409912109,1.7324412055489007,1.8121640283047125
session_20260812_133128_hold_breath_off_hold_breath_off_w00045,session_20260812_133128_hold_breath_off_hold_breath_off,/Users/jandonyggarofalo/Documents/Desa/UNI/Semestre7/embebidos/esp-csi/examples/get-started/csi_send/data/raw/session_20260812_133128_hold_breath_off_hold_breath_off.csv,100.0,108.0,hold_breath,accepted,,ambiguous_breathing_evidence,,801,48.07,0.0052571,100.56690874795221,2.1836516485743314,46.05446514949605,42.212928848892425,5,1.4841450201565451,0.25,182.4065654204455,0.6805471777915955,2.002455100875681,1.8121640283047125
session_20260812_133128_hold_breath_off_hold_breath_off_w00046,session_20260812_133128_hold_breath_off_hold_breath_off,/Users/jandonyggarofalo/Documents/Desa/UNI/Semestre7/embebidos/esp-csi/examples/get-started/csi_send/data/raw/session_20260812_133128_hold_breath_off_hold_breath_off.csv,102.0,110.0,hold_breath,accepted,,ambiguous_breathing_evidence,,804,48.07,0.00457673,136.00762367728487,3.3649117376231295,40.419373309718985,109.57130007090181,5,1.6198625487322302,0.125,212.6467163343937,0.6582562327384949,2.13356325269508,1.8121640283047125
session_20260812_133128_hold_breath_off_hold_breath_off_w00047,session_20260812_133128_hold_breath_off_hold_breath_off,/Users/jandonyggarofalo/Documents/Desa/UNI/Semestre7/embebidos/esp-csi/examples/get-started/csi_send/data/raw/session_20260812_133128_hold_breath_off_hold_breath_off.csv,104.0,112.0,hold_breath,accepted,,ambiguous_breathing_evidence,,813,48.07,0.00485278,78.99023688898174,1.6263557407765517,48.568855453000054,43.80761828380255,4,1.3627462844804372,0.25,125.77426096046386,0.684022843837738,1.8975734162617828,1.8121640283047125
session_20260812_133128_hold_breath_off_hold_breath_off_w00048,session_20260812_133128_hold_breath_off_hold_breath_off,/Users/jandonyggarofalo/Documents/Desa/UNI/Semestre7/embebidos/esp-csi/examples/get-started/csi_send/data/raw/session_20260812_133128_hold_breath_off_hold_breath_off.csv,106.0,114.0,hold_breath,accepted,,ambiguous_breathing_evidence,,814,41.017,0.00421338,123.48871815548998,2.7164857694437736,45.45899689389133,67.01517063669067,5,1.5088318958854035,0.375,202.94948346584604,0.8889822959899902,2.091627282562299,1.8121640283047125
session_20260812_133128_hold_breath_off_hold_breath_off_w00049,session_20260812_133128_hold_breath_off_hold_breath_off,/Users/jandonyggarofalo/Documents/Desa/UNI/Semestre7/embebidos/esp-csi/examples/get-started/csi_send/data/raw/session_20260812_133128_hold_breath_off_hold_breath_off.csv,108.0,116.0,hold_breath,accepted,,ambiguous_breathing_evidence,,809,41.017,0.00692406,72.67362605350836,1.9795613022565586,36.71198561551436,122.16484310839888,4,1.4688227695840639,0.125,159.09077410458352,0.8922879695892334,2.0869462415791475,1.8121640283047125
session_20260812_133128_hold_breath_off_hold_breath_off_w00050,session_20260812_133128_hold_breath_off_hold_breath_off,/Users/jandonyggarofalo/Documents/Desa/UNI/Semestre7/embebidos/esp-csi/examples/get-started/csi_send/data/raw/session_20260812_133128_hold_breath_off_hold_breath_off.csv,110.0,118.0,hold_breath,rejected,time_gap,not_evaluated,,771,183.154,,,,,,,,,,,,
session_20260812_133128_hold_breath_off_hold_breath_off_w00051,session_20260812_133128_hold_breath_off_hold_breath_off,/Users/jandonyggarofalo/Documents/Desa/UNI/Semestre7/embebidos/esp-csi/examples/get-started/csi_send/data/raw/session_20260812_133128_hold_breath_off_hold_breath_off.csv,112.0,120.0,hold_breath,rejected,time_gap,not_evaluated,,588,183.154,,,,,,,,,,,,
session_20260812_133128_hold_breath_off_hold_breath_off_w00052,session_20260812_133128_hold_breath_off_hold_breath_off,/Users/jandonyggarofalo/Documents/Desa/UNI/Semestre7/embebidos/esp-csi/examples/get-started/csi_send/data/raw/session_20260812_133128_hold_breath_off_hold_breath_off.csv,114.0,122.0,hold_breath,rejected,time_gap,not_evaluated,,625,1905.177,,,,,,,,,,,,
session_20260812_133128_hold_breath_off_hold_breath_off_w00053,session_20260812_133128_hold_breath_off_hold_breath_off,/Users/jandonyggarofalo/Documents/Desa/UNI/Semestre7/embebidos/esp-csi/examples/get-started/csi_send/data/raw/session_20260812_133128_hold_breath_off_hold_breath_off.csv,116.0,124.0,hold_breath,rejected,time_gap,not_evaluated,,622,1905.177,,,,,,,,,,,,
session_20260812_133128_hold_breath_off_hold_breath_off_w00054,session_20260812_133128_hold_breath_off_hold_breath_off,/Users/jandonyggarofalo/Documents/Desa/UNI/Semestre7/embebidos/esp-csi/examples/get-started/csi_send/data/raw/session_20260812_133128_hold_breath_off_hold_breath_off.csv,118.0,126.0,hold_breath,rejected,time_gap,not_evaluated,,649,1905.177,,,,,,,,,,,,
session_20260812_133128_hold_breath_off_hold_breath_off_w00055,session_20260812_133128_hold_breath_off_hold_breath_off,/Users/jandonyggarofalo/Documents/Desa/UNI/Semestre7/embebidos/esp-csi/examples/get-started/csi_send/data/raw/session_20260812_133128_hold_breath_off_hold_breath_off.csv,120.0,128.0,hold_breath,accepted,,high_confidence_hold,hold_breath,836,41.589,0.00602759,55.674877625028614,1.3949687389160224,39.91120092644624,44.52289897070542,3,1.37792451992696,0.125,141.64659632625748,0.8175063729286194,1.7456592711154557,1.8121640283047125
session_20260812_133128_hold_breath_off_hold_breath_off_w00056,session_20260812_133128_hold_breath_off_hold_breath_off,/Users/jandonyggarofalo/Documents/Desa/UNI/Semestre7/embebidos/esp-csi/examples/get-started/csi_send/data/raw/session_20260812_133128_hold_breath_off_hold_breath_off.csv,122.0,130.0,hold_breath,accepted,,high_confidence_hold,hold_breath,797,41.589,0.00647938,23.792830155750416,0.5110284163932294,46.55872235761465,16.52742499330737,5,1.4379510049689899,0.125,46.531068765741864,0.873337984085083,1.3764461044130936,1.8121640283047125
session_20260812_133128_hold_breath_off_hold_breath_off_w00057,session_20260812_133128_hold_breath_off_hold_breath_off,/Users/jandonyggarofalo/Documents/Desa/UNI/Semestre7/embebidos/esp-csi/examples/get-started/csi_send/data/raw/session_20260812_133128_hold_breath_off_hold_breath_off.csv,124.0,132.0,hold_breath,rejected,transition_guard,not_evaluated,,795,,,,,,,,,,,,,
session_20260812_133631_hold_breath_off_hold_breath_off_w00000,session_20260812_133631_hold_breath_off_hold_breath_off,/Users/jandonyggarofalo/Documents/Desa/UNI/Semestre7/embebidos/esp-csi/examples/get-started/csi_send/data/raw/session_20260812_133631_hold_breath_off_hold_breath_off.csv,10.0,18.0,breathing,accepted,,trusted_breathing,breathing,796,87.418,0.0018059,124.54549338602205,3.6129853733672124,34.471629557114504,162.1033794638218,2,1.2012872001726325,0.125,370.5331212730164,0.7405773401260376,2.209792068933593,1.3371207574796506
session_20260812_133631_hold_breath_off_hold_breath_off_w00001,session_20260812_133631_hold_breath_off_hold_breath_off,/Users/jandonyggarofalo/Documents/Desa/UNI/Semestre7/embebidos/esp-csi/examples/get-started/csi_send/data/raw/session_20260812_133631_hold_breath_off_hold_breath_off.csv,12.0,20.0,breathing,accepted,,trusted_breathing,breathing,799,89.81,0.00118312,20.91246096202912,0.5039436350886246,41.497618991278486,18.38952416769195,6,1.5543672936644368,0.125,34.36446218765347,0.746595561504364,1.3204051432595971,1.3371207574796506
session_20260812_133631_hold_breath_off_hold_breath_off_w00002,session_20260812_133631_hold_breath_off_hold_breath_off,/Users/jandonyggarofalo/Documents/Desa/UNI/Semestre7/embebidos/esp-csi/examples/get-started/csi_send/data/raw/session_20260812_133631_hold_breath_off_hold_breath_off.csv,14.0,22.0,breathing,accepted,,trusted_breathing,breathing,802,89.81,0.00071111,65.83586567387079,1.8991898531197005,34.66523663534267,93.94534438394075,2,1.0382193293332722,0.125,222.06131342070935,0.7442286014556885,1.9728752627924504,1.3371207574796506
session_20260812_133631_hold_breath_off_hold_breath_off_w00003,session_20260812_133631_hold_breath_off_hold_breath_off,/Users/jandonyggarofalo/Documents/Desa/UNI/Semestre7/embebidos/esp-csi/examples/get-started/csi_send/data/raw/session_20260812_133631_hold_breath_off_hold_breath_off.csv,16.0,24.0,breathing,accepted,,trusted_breathing,breathing,808,89.81,0.00058981,8.18236395730073,0.19273922232072377,42.45302984383002,15.682491210984955,5,1.4696139813027558,0.375,14.619252072076002,0.7156984210014343,1.1649251544769255,1.3371207574796506
session_20260812_133631_hold_breath_off_hold_breath_off_w00004,session_20260812_133631_hold_breath_off_hold_breath_off,/Users/jandonyggarofalo/Documents/Desa/UNI/Semestre7/embebidos/esp-csi/examples/get-started/csi_send/data/raw/session_20260812_133631_hold_breath_off_hold_breath_off.csv,18.0,26.0,breathing,accepted,,trusted_breathing,breathing,813,89.81,0.0010186,44.9084103035375,1.103918453017813,40.68091278004225,28.987663927367752,2,1.2648331909112938,0.125,102.72133688914964,0.7605997323989868,1.652327681902605,1.3371207574796506
session_20260812_133631_hold_breath_off_hold_breath_off_w00005,session_20260812_133631_hold_breath_off_hold_breath_off,/Users/jandonyggarofalo/Documents/Desa/UNI/Semestre7/embebidos/esp-csi/examples/get-started/csi_send/data/raw/session_20260812_133631_hold_breath_off_hold_breath_off.csv,20.0,28.0,breathing,accepted,,trusted_breathing,breathing,810,48.793,0.00309606,28.694776137750925,0.8697138513034871,32.99335303756692,68.57510382972995,5,1.2881026055446667,0.125,74.83432302005586,0.7813790440559387,1.8361664738433927,1.3371207574796506
session_20260812_133631_hold_breath_off_hold_breath_off_w00006,session_20260812_133631_hold_breath_off_hold_breath_off,/Users/jandonyggarofalo/Documents/Desa/UNI/Semestre7/embebidos/esp-csi/examples/get-started/csi_send/data/raw/session_20260812_133631_hold_breath_off_hold_breath_off.csv,22.0,30.0,breathing,accepted,,trusted_breathing,breathing,805,79.202,0.00344526,52.096197297831246,1.311225648376029,39.73091691907749,46.44633225556731,5,1.416117395395146,0.125,108.07559025848701,0.7606415152549744,1.7168060236288774,1.3371207574796506
session_20260812_133631_hold_breath_off_hold_breath_off_w00007,session_20260812_133631_hold_breath_off_hold_breath_off,/Users/jandonyggarofalo/Documents/Desa/UNI/Semestre7/embebidos/esp-csi/examples/get-started/csi_send/data/raw/session_20260812_133631_hold_breath_off_hold_breath_off.csv,24.0,32.0,breathing,accepted,,trusted_breathing,breathing,801,79.202,0.00353074,22.013678975379918,0.46282770703426945,47.56344237987114,12.053757421964699,7,1.5253874644942698,0.375,29.413257027896336,0.7821085453033447,1.342692628886335,1.3371207574796506
session_20260812_133631_hold_breath_off_hold_breath_off_w00008,session_20260812_133631_hold_breath_off_hold_breath_off,/Users/jandonyggarofalo/Documents/Desa/UNI/Semestre7/embebidos/esp-csi/examples/get-started/csi_send/data/raw/session_20260812_133631_hold_breath_off_hold_breath_off.csv,26.0,34.0,breathing,accepted,,trusted_breathing,breathing,795,79.202,0.00474646,11.34592531519138,0.3229277082189068,35.13456735482435,26.79496682283552,8,1.6339350506311652,0.125,19.250800206631705,0.7166731357574463,1.2844487867329348,1.3371207574796506
session_20260812_133631_hold_breath_off_hold_breath_off_w00009,session_20260812_133631_hold_breath_off_hold_breath_off,/Users/jandonyggarofalo/Documents/Desa/UNI/Semestre7/embebidos/esp-csi/examples/get-started/csi_send/data/raw/session_20260812_133631_hold_breath_off_hold_breath_off.csv,28.0,36.0,breathing,accepted,,trusted_breathing,breathing,796,79.202,0.00452458,4.131425843069257,0.09613721034490566,42.97426384855787,3.013151554262145,5,1.6083314474132853,0.5,6.164096386204479,0.6524598598480225,0.6160999618039673,1.3371207574796506
session_20260812_133631_hold_breath_off_hold_breath_off_w00010,session_20260812_133631_hold_breath_off_hold_breath_off,/Users/jandonyggarofalo/Documents/Desa/UNI/Semestre7/embebidos/esp-csi/examples/get-started/csi_send/data/raw/session_20260812_133631_hold_breath_off_hold_breath_off.csv,30.0,38.0,breathing,accepted,,trusted_breathing,breathing,801,42.622,0.00380384,95.62562356780887,2.301813023689424,41.5436104425612,74.39310508821116,5,1.4119193284080012,0.125,205.5274539864767,0.6713472008705139,1.9805742801739714,1.3371207574796506
session_20260812_133631_hold_breath_off_hold_breath_off_w00011,session_20260812_133631_hold_breath_off_hold_breath_off,/Users/jandonyggarofalo/Documents/Desa/UNI/Semestre7/embebidos/esp-csi/examples/get-started/csi_send/data/raw/session_20260812_133631_hold_breath_off_hold_breath_off.csv,32.0,40.0,breathing,accepted,,trusted_breathing,breathing,793,34.474,0.00389147,21.00321589539374,0.5022094494809055,41.82162624988697,31.520558295097093,4,1.4067204559772921,0.375,41.44978615875026,0.6525152325630188,1.4985939011504201,1.3371207574796506
session_20260812_133631_hold_breath_off_hold_breath_off_w00012,session_20260812_133631_hold_breath_off_hold_breath_off,/Users/jandonyggarofalo/Documents/Desa/UNI/Semestre7/embebidos/esp-csi/examples/get-started/csi_send/data/raw/session_20260812_133631_hold_breath_off_hold_breath_off.csv,34.0,42.0,breathing,accepted,,trusted_breathing,breathing,791,42.138,0.0031408,8.282447885243688,0.20428995710853948,40.542609154314285,23.74814762431906,4,1.384587974911426,0.25,22.062494986302468,0.6301954388618469,1.3436546240385954,1.3371207574796506
session_20260812_133631_hold_breath_off_hold_breath_off_w00013,session_20260812_133631_hold_breath_off_hold_breath_off,/Users/jandonyggarofalo/Documents/Desa/UNI/Semestre7/embebidos/esp-csi/examples/get-started/csi_send/data/raw/session_20260812_133631_hold_breath_off_hold_breath_off.csv,36.0,44.0,breathing,accepted,,trusted_breathing,breathing,795,42.138,0.00125786,59.930750784652254,1.776908452536268,33.72753992985764,92.4497627000987,2,1.1621778864419012,0.125,174.24108738325546,0.6486955285072327,1.965905800750254,1.3371207574796506
session_20260812_133631_hold_breath_off_hold_breath_off_w00014,session_20260812_133631_hold_breath_off_hold_breath_off,/Users/jandonyggarofalo/Documents/Desa/UNI/Semestre7/embebidos/esp-csi/examples/get-started/csi_send/data/raw/session_20260812_133631_hold_breath_off_hold_breath_off.csv,38.0,46.0,breathing,accepted,,trusted_breathing,breathing,792,42.138,0.00212082,70.40855414492442,1.6605094546771013,42.40177853041704,58.60027516217246,3,1.3152985367772294,0.25,134.25920432132523,0.6759235858917236,1.8476254260775535,1.3371207574796506
session_20260812_133631_hold_breath_off_hold_breath_off_w00015,session_20260812_133631_hold_breath_off_hold_breath_off,/Users/jandonyggarofalo/Documents/Desa/UNI/Semestre7/embebidos/esp-csi/examples/get-started/csi_send/data/raw/session_20260812_133631_hold_breath_off_hold_breath_off.csv,40.0,48.0,breathing,accepted,,trusted_breathing,breathing,798,42.138,0.00144893,489.4599869151767,12.304502828816608,39.77893245461678,376.06327081813527,3,1.2491114157342422,0.125,1222.291445957574,0.7299696803092957,2.6897171942551488,1.3371207574796506
session_20260812_133631_hold_breath_off_hold_breath_off_w00016,session_20260812_133631_hold_breath_off_hold_breath_off,/Users/jandonyggarofalo/Documents/Desa/UNI/Semestre7/embebidos/esp-csi/examples/get-started/csi_send/data/raw/session_20260812_133631_hold_breath_off_hold_breath_off.csv,42.0,50.0,breathing,accepted,,trusted_breathing,breathing,799,58.531,0.00233691,175.50307239561693,3.747552586692727,46.83138350580272,60.60325566940271,4,1.4263352914447092,0.25,275.44314699977815,0.7823972105979919,2.2442847237236863,1.3371207574796506
session_20260812_133631_hold_breath_off_hold_breath_off_w00017,session_20260812_133631_hold_breath_off_hold_breath_off,/Users/jandonyggarofalo/Documents/Desa/UNI/Semestre7/embebidos/esp-csi/examples/get-started/csi_send/data/raw/session_20260812_133631_hold_breath_off_hold_breath_off.csv,44.0,52.0,breathing,accepted,,trusted_breathing,breathing,797,94.237,0.00390135,71.18384318794749,1.523338407057998,46.72884426604664,37.20936813153624,5,1.4793566503905868,0.375,95.3821041503325,0.8123815655708313,1.852381431690611,1.3371207574796506
session_20260812_133631_hold_breath_off_hold_breath_off_w00018,session_20260812_133631_hold_breath_off_hold_breath_off,/Users/jandonyggarofalo/Documents/Desa/UNI/Semestre7/embebidos/esp-csi/examples/get-started/csi_send/data/raw/session_20260812_133631_hold_breath_off_hold_breath_off.csv,46.0,54.0,breathing,accepted,,trusted_breathing,breathing,794,94.237,0.00483116,10.566028880379008,0.2481076423531254,42.58647085646018,6.446569233979363,6,1.6260057210295153,0.25,17.078040345986153,0.7869075536727905,1.0239117934200603,1.3371207574796506
session_20260812_133631_hold_breath_off_hold_breath_off_w00019,session_20260812_133631_hold_breath_off_hold_breath_off,/Users/jandonyggarofalo/Documents/Desa/UNI/Semestre7/embebidos/esp-csi/examples/get-started/csi_send/data/raw/session_20260812_133631_hold_breath_off_hold_breath_off.csv,48.0,56.0,breathing,accepted,,trusted_breathing,breathing,797,94.237,0.00477376,55.26612410152777,1.7805996142937313,31.037928829057872,122.29668523622526,4,1.2561671353197945,0.125,169.07405973630725,0.7580720782279968,2.08741468595595,1.3371207574796506
session_20260812_133631_hold_breath_off_hold_breath_off_w00020,session_20260812_133631_hold_breath_off_hold_breath_off,/Users/jandonyggarofalo/Documents/Desa/UNI/Semestre7/embebidos/esp-csi/examples/get-started/csi_send/data/raw/session_20260812_133631_hold_breath_off_hold_breath_off.csv,50.0,58.0,breathing,rejected,time_gap,not_evaluated,,806,175.502,,,,,,,,,,,,
session_20260812_133631_hold_breath_off_hold_breath_off_w00021,session_20260812_133631_hold_breath_off_hold_breath_off,/Users/jandonyggarofalo/Documents/Desa/UNI/Semestre7/embebidos/esp-csi/examples/get-started/csi_send/data/raw/session_20260812_133631_hold_breath_off_hold_breath_off.csv,52.0,60.0,breathing,rejected,transition_guard,not_evaluated,,804,,,,,,,,,,,,,
session_20260812_133631_hold_breath_off_hold_breath_off_w00022,session_20260812_133631_hold_breath_off_hold_breath_off,/Users/jandonyggarofalo/Documents/Desa/UNI/Semestre7/embebidos/esp-csi/examples/get-started/csi_send/data/raw/session_20260812_133631_hold_breath_off_hold_breath_off.csv,54.0,62.0,breathing,rejected,mixed_or_unknown_label,not_evaluated,,812,,,,,,,,,,,,,
session_20260812_133631_hold_breath_off_hold_breath_off_w00023,session_20260812_133631_hold_breath_off_hold_breath_off,/Users/jandonyggarofalo/Documents/Desa/UNI/Semestre7/embebidos/esp-csi/examples/get-started/csi_send/data/raw/session_20260812_133631_hold_breath_off_hold_breath_off.csv,56.0,64.0,breathing,rejected,mixed_or_unknown_label,not_evaluated,,811,,,,,,,,,,,,,
session_20260812_133631_hold_breath_off_hold_breath_off_w00024,session_20260812_133631_hold_breath_off_hold_breath_off,/Users/jandonyggarofalo/Documents/Desa/UNI/Semestre7/embebidos/esp-csi/examples/get-started/csi_send/data/raw/session_20260812_133631_hold_breath_off_hold_breath_off.csv,58.0,66.0,hold_breath,rejected,mixed_or_unknown_label,not_evaluated,,797,,,,,,,,,,,,,
session_20260812_133631_hold_breath_off_hold_breath_off_w00025,session_20260812_133631_hold_breath_off_hold_breath_off,/Users/jandonyggarofalo/Documents/Desa/UNI/Semestre7/embebidos/esp-csi/examples/get-started/csi_send/data/raw/session_20260812_133631_hold_breath_off_hold_breath_off.csv,60.0,68.0,hold_breath,rejected,transition_guard,not_evaluated,,804,,,,,,,,,,,,,
session_20260812_133631_hold_breath_off_hold_breath_off_w00026,session_20260812_133631_hold_breath_off_hold_breath_off,/Users/jandonyggarofalo/Documents/Desa/UNI/Semestre7/embebidos/esp-csi/examples/get-started/csi_send/data/raw/session_20260812_133631_hold_breath_off_hold_breath_off.csv,62.0,70.0,hold_breath,accepted,,ambiguous_breathing_evidence,,806,53.918,0.0045169,227.17666693299685,4.581874488454428,49.58159973726806,61.070525434652644,5,1.2087903420502155,0.375,437.5492019106226,0.4948195815086365,2.3563637234182795,1.3371207574796506
session_20260812_133631_hold_breath_off_hold_breath_off_w00027,session_20260812_133631_hold_breath_off_hold_breath_off,/Users/jandonyggarofalo/Documents/Desa/UNI/Semestre7/embebidos/esp-csi/examples/get-started/csi_send/data/raw/session_20260812_133631_hold_breath_off_hold_breath_off.csv,64.0,72.0,hold_breath,accepted,,ambiguous_breathing_evidence,,800,39.009,0.00642578,87.65691395261784,1.8609051783686381,47.10444947518236,85.60809261327222,5,1.2079698045486609,0.375,215.09465623681888,0.5020659565925598,1.9427861768251191,1.3371207574796506
session_20260812_133631_hold_breath_off_hold_breath_off_w00028,session_20260812_133631_hold_breath_off_hold_breath_off,/Users/jandonyggarofalo/Documents/Desa/UNI/Semestre7/embebidos/esp-csi/examples/get-started/csi_send/data/raw/session_20260812_133631_hold_breath_off_hold_breath_off.csv,66.0,74.0,hold_breath,accepted,,ambiguous_breathing_evidence,,808,35.814,0.00269763,31.277558298091304,0.8351859547392549,37.449813566152116,43.67696434458568,5,1.3651090383923883,0.125,73.47695471596636,0.7233136892318726,1.6402524462212045,1.3371207574796506
session_20260812_133631_hold_breath_off_hold_breath_off_w00029,session_20260812_133631_hold_breath_off_hold_breath_off,/Users/jandonyggarofalo/Documents/Desa/UNI/Semestre7/embebidos/esp-csi/examples/get-started/csi_send/data/raw/session_20260812_133631_hold_breath_off_hold_breath_off.csv,68.0,76.0,hold_breath,accepted,,high_confidence_hold,hold_breath,808,43.229,0.00844098,8.837193494968815,0.19212897752244307,45.996151173450784,6.875501409677784,5,1.4706845018160153,0.125,13.740408192098762,0.8102787733078003,0.9463143642022198,1.3371207574796506
session_20260812_133631_hold_breath_off_hold_breath_off_w00030,session_20260812_133631_hold_breath_off_hold_breath_off,/Users/jandonyggarofalo/Documents/Desa/UNI/Semestre7/embebidos/esp-csi/examples/get-started/csi_send/data/raw/session_20260812_133631_hold_breath_off_hold_breath_off.csv,70.0,78.0,hold_breath,accepted,,ambiguous_breathing_evidence,,801,62.548,0.01233809,87.50623345799269,2.1869350627567417,40.013183266469134,82.44646753135623,3,1.3036653524883006,0.125,212.33925069508373,0.7233211994171143,1.9420389908507265,1.3371207574796506
session_20260812_133631_hold_breath_off_hold_breath_off_w00031,session_20260812_133631_hold_breath_off_hold_breath_off,/Users/jandonyggarofalo/Documents/Desa/UNI/Semestre7/embebidos/esp-csi/examples/get-started/csi_send/data/raw/session_20260812_133631_hold_breath_off_hold_breath_off.csv,72.0,80.0,hold_breath,accepted,,ambiguous_breathing_evidence,,806,62.548,0.01083669,117.42066419556606,3.159672114918089,37.16229403713711,144.10329308655975,4,1.2647646272004354,0.125,304.9654096589152,0.7812143564224243,2.1586739055397377,1.3371207574796506
session_20260812_133631_hold_breath_off_hold_breath_off_w00032,session_20260812_133631_hold_breath_off_hold_breath_off,/Users/jandonyggarofalo/Documents/Desa/UNI/Semestre7/embebidos/esp-csi/examples/get-started/csi_send/data/raw/session_20260812_133631_hold_breath_off_hold_breath_off.csv,74.0,82.0,hold_breath,accepted,,ambiguous_breathing_evidence,,808,62.548,0.00414797,76.30438692885465,1.5216088538610286,50.14717595470401,23.04443419326707,5,1.05046588545707,0.375,139.4497417178632,0.7775392532348633,1.8825495073418475,1.3371207574796506
session_20260812_133631_hold_breath_off_hold_breath_off_w00033,session_20260812_133631_hold_breath_off_hold_breath_off,/Users/jandonyggarofalo/Documents/Desa/UNI/Semestre7/embebidos/esp-csi/examples/get-started/csi_send/data/raw/session_20260812_133631_hold_breath_off_hold_breath_off.csv,76.0,84.0,hold_breath,accepted,,ambiguous_breathing_evidence,,806,62.548,0.00295634,41.95655614534804,0.8452640775451993,49.63721665204072,12.044404721624964,6,1.2752400981422152,0.375,69.34954212744829,0.7591260671615601,1.6227998334668934,1.3371207574796506
session_20260812_133631_hold_breath_off_hold_breath_off_w00034,session_20260812_133631_hold_breath_off_hold_breath_off,/Users/jandonyggarofalo/Documents/Desa/UNI/Semestre7/embebidos/esp-csi/examples/get-started/csi_send/data/raw/session_20260812_133631_hold_breath_off_hold_breath_off.csv,78.0,86.0,hold_breath,accepted,,ambiguous_breathing_evidence,,814,51.008,0.00253378,16.328582362912154,0.4165137398466105,39.20298612210555,24.788064693634833,4,1.5434832375726295,0.125,27.433518986385703,0.7707369327545166,1.394242620931425,1.3371207574796506
session_20260812_133631_hold_breath_off_hold_breath_off_w00035,session_20260812_133631_hold_breath_off_hold_breath_off,/Users/jandonyggarofalo/Documents/Desa/UNI/Semestre7/embebidos/esp-csi/examples/get-started/csi_send/data/raw/session_20260812_133631_hold_breath_off_hold_breath_off.csv,80.0,88.0,hold_breath,accepted,,high_confidence_hold,hold_breath,814,36.593,0.00282171,17.41406186173359,0.3683286673557249,47.2785949209545,7.924239507446884,6,1.3879084894307905,0.25,25.732761519095785,0.8011804223060608,1.2409000829144783,1.3371207574796506
session_20260812_133631_hold_breath_off_hold_breath_off_w00036,session_20260812_133631_hold_breath_off_hold_breath_off,/Users/jandonyggarofalo/Documents/Desa/UNI/Semestre7/embebidos/esp-csi/examples/get-started/csi_send/data/raw/session_20260812_133631_hold_breath_off_hold_breath_off.csv,82.0,90.0,hold_breath,accepted,,ambiguous_breathing_evidence,,812,36.593,0.00806265,49.29124446487938,1.187426266810314,41.510993855007854,41.77338196291602,5,1.5195458339558858,0.125,84.94734655157696,0.7970819473266602,1.6927697830037365,1.3371207574796506
session_20260812_133631_hold_breath_off_hold_breath_off_w00037,session_20260812_133631_hold_breath_off_hold_breath_off,/Users/jandonyggarofalo/Documents/Desa/UNI/Semestre7/embebidos/esp-csi/examples/get-started/csi_send/data/raw/session_20260812_133631_hold_breath_off_hold_breath_off.csv,84.0,92.0,hold_breath,accepted,,ambiguous_breathing_evidence,,817,36.593,0.01100635,26.581432366357184,0.6252317890837064,42.51452474172892,24.162341755598742,5,1.6345072660303628,0.5,35.0875219036373,0.8269949555397034,1.424578379618178,1.3371207574796506
session_20260812_133631_hold_breath_off_hold_breath_off_w00038,session_20260812_133631_hold_breath_off_hold_breath_off,/Users/jandonyggarofalo/Documents/Desa/UNI/Semestre7/embebidos/esp-csi/examples/get-started/csi_send/data/raw/session_20260812_133631_hold_breath_off_hold_breath_off.csv,86.0,94.0,hold_breath,accepted,,ambiguous_breathing_evidence,,818,35.257,0.00793666,51.81207270486709,1.3810221010454218,37.51719300191379,72.14154762438459,6,1.6574349614250412,0.125,76.17090538475374,0.8897745609283447,1.858185454831821,1.3371207574796506
session_20260812_133631_hold_breath_off_hold_breath_off_w00039,session_20260812_133631_hold_breath_off_hold_breath_off,/Users/jandonyggarofalo/Documents/Desa/UNI/Semestre7/embebidos/esp-csi/examples/get-started/csi_send/data/raw/session_20260812_133631_hold_breath_off_hold_breath_off.csv,88.0,96.0,hold_breath,accepted,,ambiguous_breathing_evidence,,824,42.414,0.00349856,102.28406665260297,2.130799158341796,48.00267836230666,41.08303967369494,5,1.4435941042777574,0.375,155.3334616108386,0.8725341558456421,2.0098079865587963,1.3371207574796506
session_20260812_133631_hold_breath_off_hold_breath_off_w00040,session_20260812_133631_hold_breath_off_hold_breath_off,/Users/jandonyggarofalo/Documents/Desa/UNI/Semestre7/embebidos/esp-csi/examples/get-started/csi_send/data/raw/session_20260812_133631_hold_breath_off_hold_breath_off.csv,90.0,98.0,hold_breath,accepted,,ambiguous_breathing_evidence,,823,64.963,0.00134796,49.27704580444983,0.9895602326126938,49.79691400319912,18.891796154515077,5,1.1154321556254572,0.375,108.29696697748267,0.8945015072822571,1.6926446636595585,1.3371207574796506
session_20260812_133631_hold_breath_off_hold_breath_off_w00041,session_20260812_133631_hold_breath_off_hold_breath_off,/Users/jandonyggarofalo/Documents/Desa/UNI/Semestre7/embebidos/esp-csi/examples/get-started/csi_send/data/raw/session_20260812_133631_hold_breath_off_hold_breath_off.csv,92.0,100.0,hold_breath,accepted,,ambiguous_breathing_evidence,,812,64.963,0.00077933,29.178053953945188,0.7586950420956678,38.45821092136189,45.01555073966893,3,1.4090418993267984,0.125,71.89048537402992,0.8435978889465332,1.653362567859107,1.3371207574796506
session_20260812_133631_hold_breath_off_hold_breath_off_w00042,session_20260812_133631_hold_breath_off_hold_breath_off,/Users/jandonyggarofalo/Documents/Desa/UNI/Semestre7/embebidos/esp-csi/examples/get-started/csi_send/data/raw/session_20260812_133631_hold_breath_off_hold_breath_off.csv,94.0,102.0,hold_breath,accepted,,high_confidence_hold,hold_breath,809,64.963,0.00098501,14.00095031674396,0.30893414761742827,45.320177211477635,8.855338961362568,5,1.486552899725913,0.25,25.75668533714411,0.8196942210197449,1.1461575144861988,1.3371207574796506
session_20260812_133631_hold_breath_off_hold_breath_off_w00043,session_20260812_133631_hold_breath_off_hold_breath_off,/Users/jandonyggarofalo/Documents/Desa/UNI/Semestre7/embebidos/esp-csi/examples/get-started/csi_send/data/raw/session_20260812_133631_hold_breath_off_hold_breath_off.csv,96.0,104.0,hold_breath,accepted,,ambiguous_breathing_evidence,,809,64.963,0.00180586,34.61233746658866,1.002505301337175,34.5258398338513,46.479531375726786,5,1.3711670310720425,0.125,91.7060261729794,0.7895756363868713,1.6672617406825865,1.3371207574796506
session_20260812_133631_hold_breath_off_hold_breath_off_w00044,session_20260812_133631_hold_breath_off_hold_breath_off,/Users/jandonyggarofalo/Documents/Desa/UNI/Semestre7/embebidos/esp-csi/examples/get-started/csi_send/data/raw/session_20260812_133631_hold_breath_off_hold_breath_off.csv,98.0,106.0,hold_breath,accepted,,high_confidence_hold,hold_breath,816,44.936,0.00193398,19.936327122655058,0.4193657956819503,47.53923025645934,12.201370793746214,5,1.5163613712955641,0.125,24.63081246985853,0.7697542905807495,1.2996451511026148,1.3371207574796506
session_20260812_133631_hold_breath_off_hold_breath_off_w00045,session_20260812_133631_hold_breath_off_hold_breath_off,/Users/jandonyggarofalo/Documents/Desa/UNI/Semestre7/embebidos/esp-csi/examples/get-started/csi_send/data/raw/session_20260812_133631_hold_breath_off_hold_breath_off.csv,100.0,108.0,hold_breath,accepted,,ambiguous_breathing_evidence,,826,58.307,0.00195785,51.01657952072594,1.1357253835541525,44.91981975522034,23.501398844737608,5,1.5381876764143456,0.375,75.93163170508738,0.8076302409172058,1.7077113373574402,1.3371207574796506
session_20260812_133631_hold_breath_off_hold_breath_off_w00046,session_20260812_133631_hold_breath_off_hold_breath_off,/Users/jandonyggarofalo/Documents/Desa/UNI/Semestre7/embebidos/esp-csi/examples/get-started/csi_send/data/raw/session_20260812_133631_hold_breath_off_hold_breath_off.csv,102.0,110.0,hold_breath,accepted,,ambiguous_breathing_evidence,,832,58.307,0.00265738,74.41797747188926,1.8419229458595066,40.40232933692174,66.83338584550174,4,1.4499357968359001,0.375,144.1740312826869,0.7816299796104431,1.8716778626119646,1.3371207574796506
session_20260812_133631_hold_breath_off_hold_breath_off_w00047,session_20260812_133631_hold_breath_off_hold_breath_off,/Users/jandonyggarofalo/Documents/Desa/UNI/Semestre7/embebidos/esp-csi/examples/get-started/csi_send/data/raw/session_20260812_133631_hold_breath_off_hold_breath_off.csv,104.0,112.0,hold_breath,accepted,,ambiguous_breathing_evidence,,830,58.307,0.0026073,29.085651153469513,0.6250487062335067,46.53341549763502,22.20241302971971,7,1.2967415422764874,0.5,66.16092654484557,0.8242461681365967,1.463678790987871,1.3371207574796506
session_20260812_133631_hold_breath_off_hold_breath_off_w00048,session_20260812_133631_hold_breath_off_hold_breath_off,/Users/jandonyggarofalo/Documents/Desa/UNI/Semestre7/embebidos/esp-csi/examples/get-started/csi_send/data/raw/session_20260812_133631_hold_breath_off_hold_breath_off.csv,106.0,114.0,hold_breath,accepted,,ambiguous_breathing_evidence,,828,58.307,0.00318916,25.08609625799793,0.6540415943820996,38.35550593943411,16.167316533749332,6,1.596534868828274,0.125,52.50558651501429,0.8828423023223877,1.399433084371018,1.3371207574796506
session_20260812_133631_hold_breath_off_hold_breath_off_w00049,session_20260812_133631_hold_breath_off_hold_breath_off,/Users/jandonyggarofalo/Documents/Desa/UNI/Semestre7/embebidos/esp-csi/examples/get-started/csi_send/data/raw/session_20260812_133631_hold_breath_off_hold_breath_off.csv,108.0,116.0,hold_breath,accepted,,ambiguous_breathing_evidence,,829,45.084,0.00265757,61.7114704787524,1.5868344585281156,38.88967128679233,58.193259962733755,3,1.2047307691969869,0.125,154.7770262871168,0.8476829528808594,1.7903658950321093,1.3371207574796506
session_20260812_133631_hold_breath_off_hold_breath_off_w00050,session_20260812_133631_hold_breath_off_hold_breath_off,/Users/jandonyggarofalo/Documents/Desa/UNI/Semestre7/embebidos/esp-csi/examples/get-started/csi_send/data/raw/session_20260812_133631_hold_breath_off_hold_breath_off.csv,110.0,118.0,hold_breath,accepted,,ambiguous_breathing_evidence,,823,38.756,0.00153782,541.4441619739562,15.867869791498237,34.122044678235234,847.7563538459659,2,1.0455286803364232,0.125,1823.3657576692235,0.9049161672592163,2.928271053454431,1.3371207574796506
session_20260812_133631_hold_breath_off_hold_breath_off_w00051,session_20260812_133631_hold_breath_off_hold_breath_off,/Users/jandonyggarofalo/Documents/Desa/UNI/Semestre7/embebidos/esp-csi/examples/get-started/csi_send/data/raw/session_20260812_133631_hold_breath_off_hold_breath_off.csv,112.0,120.0,hold_breath,accepted,,ambiguous_breathing_evidence,,826,38.756,0.00404812,32.51943623284908,0.69412096450831,46.84981133776563,17.124381602896797,3,1.3717483069970566,0.25,49.00139830896674,0.8345913290977478,1.5121430079218892,1.3371207574796506
session_20260812_133631_hold_breath_off_hold_breath_off_w00052,session_20260812_133631_hold_breath_off_hold_breath_off,/Users/jandonyggarofalo/Documents/Desa/UNI/Semestre7/embebidos/esp-csi/examples/get-started/csi_send/data/raw/session_20260812_133631_hold_breath_off_hold_breath_off.csv,114.0,122.0,hold_breath,accepted,,ambiguous_breathing_evidence,,828,38.756,0.00860507,25.622081037877546,0.5424400662152853,47.23486083283041,7.73737084843996,6,1.3372680879178664,0.375,40.504519210977016,0.8201509714126587,1.4086144004501753,1.3371207574796506
session_20260812_133631_hold_breath_off_hold_breath_off_w00053,session_20260812_133631_hold_breath_off_hold_breath_off,/Users/jandonyggarofalo/Documents/Desa/UNI/Semestre7/embebidos/esp-csi/examples/get-started/csi_send/data/raw/session_20260812_133631_hold_breath_off_hold_breath_off.csv,116.0,124.0,hold_breath,accepted,,high_confidence_hold,hold_breath,824,42.463,0.01166186,20.029829295864577,0.4542208216715758,44.09711827412227,13.66536888820767,5,1.6114463245866033,0.375,26.48616316618239,0.8256803750991821,1.3016772480364853,1.3371207574796506
session_20260812_133631_hold_breath_off_hold_breath_off_w00054,session_20260812_133631_hold_breath_off_hold_breath_off,/Users/jandonyggarofalo/Documents/Desa/UNI/Semestre7/embebidos/esp-csi/examples/get-started/csi_send/data/raw/session_20260812_133631_hold_breath_off_hold_breath_off.csv,118.0,126.0,hold_breath,accepted,,ambiguous_breathing_evidence,,827,42.463,0.00925786,57.389229089715286,1.3995503627181247,41.005476200382155,66.36873232227433,3,1.48205070260814,0.125,101.94714605192537,0.8038585186004639,1.8219635224680413,1.3371207574796506
session_20260812_133631_hold_breath_off_hold_breath_off_w00055,session_20260812_133631_hold_breath_off_hold_breath_off,/Users/jandonyggarofalo/Documents/Desa/UNI/Semestre7/embebidos/esp-csi/examples/get-started/csi_send/data/raw/session_20260812_133631_hold_breath_off_hold_breath_off.csv,120.0,128.0,hold_breath,accepted,,ambiguous_breathing_evidence,,823,48.817,0.00394897,116.31747398267518,2.504923086505047,46.435547106924865,53.10556225479727,6,1.444637644816721,0.375,155.0953103174712,0.8308443427085876,2.0656449622280233,1.3371207574796506
session_20260812_133631_hold_breath_off_hold_breath_off_w00056,session_20260812_133631_hold_breath_off_hold_breath_off,/Users/jandonyggarofalo/Documents/Desa/UNI/Semestre7/embebidos/esp-csi/examples/get-started/csi_send/data/raw/session_20260812_133631_hold_breath_off_hold_breath_off.csv,122.0,130.0,hold_breath,accepted,,ambiguous_breathing_evidence,,824,48.817,0.00160232,104.55190102437356,2.7214400101659204,38.417859895416484,120.52061297103312,4,1.4203677911859953,0.125,180.93450164599022,0.7999958395957947,2.0810613318401905,1.3371207574796506
session_20260812_133631_hold_breath_off_hold_breath_off_w00057,session_20260812_133631_hold_breath_off_hold_breath_off,/Users/jandonyggarofalo/Documents/Desa/UNI/Semestre7/embebidos/esp-csi/examples/get-started/csi_send/data/raw/session_20260812_133631_hold_breath_off_hold_breath_off.csv,124.0,132.0,hold_breath,accepted,,ambiguous_breathing_evidence,,830,48.817,0.00064006,30.502475550880703,0.8963538088215275,34.02950403139304,54.35400414405331,4,1.5800743164079132,0.125,52.4951411314629,0.8174833655357361,1.7201191076450428,1.3371207574796506
session_20260812_133631_hold_breath_off_hold_breath_off_w00058,session_20260812_133631_hold_breath_off_hold_breath_off,/Users/jandonyggarofalo/Documents/Desa/UNI/Semestre7/embebidos/esp-csi/examples/get-started/csi_send/data/raw/session_20260812_133631_hold_breath_off_hold_breath_off.csv,126.0,134.0,hold_breath,accepted,,ambiguous_breathing_evidence,,826,48.817,0.00107824,55.472498519529864,1.5874380714430798,34.94466934956837,86.02808405876104,5,1.2766683184551917,0.125,158.75197018403253,0.866769015789032,1.9346402507866467,1.3371207574796506
session_20260812_133631_hold_breath_off_hold_breath_off_w00059,session_20260812_133631_hold_breath_off_hold_breath_off,/Users/jandonyggarofalo/Documents/Desa/UNI/Semestre7/embebidos/esp-csi/examples/get-started/csi_send/data/raw/session_20260812_133631_hold_breath_off_hold_breath_off.csv,128.0,136.0,hold_breath,accepted,,high_confidence_hold,hold_breath,828,38.788,0.00036798,9.564789264762755,0.19202873507909582,49.80915622223544,6.398103984168658,6,1.122820012799397,0.375,22.70046625263089,0.8801286220550537,0.9806754059201938,1.3371207574796506
session_20260812_133631_hold_breath_off_hold_breath_off_w00060,session_20260812_133631_hold_breath_off_hold_breath_off,/Users/jandonyggarofalo/Documents/Desa/UNI/Semestre7/embebidos/esp-csi/examples/get-started/csi_send/data/raw/session_20260812_133631_hold_breath_off_hold_breath_off.csv,130.0,138.0,hold_breath,accepted,,high_confidence_hold,hold_breath,825,75.184,0.00045455,14.622441279077602,0.3229303195861587,45.280484340309876,6.187704550856121,4,1.3486789156349623,0.125,29.721500942956293,0.924652636051178,1.1650198859954666,1.3371207574796506
session_20260812_133631_hold_breath_off_hold_breath_off_w00061,session_20260812_133631_hold_breath_off_hold_breath_off,/Users/jandonyggarofalo/Documents/Desa/UNI/Semestre7/embebidos/esp-csi/examples/get-started/csi_send/data/raw/session_20260812_133631_hold_breath_off_hold_breath_off.csv,132.0,140.0,hold_breath,accepted,,ambiguous_breathing_evidence,,819,75.184,0.00107792,72.76173661151594,1.638485042125047,44.40793461080523,36.62448763179103,4,1.318722906427235,0.125,159.37592842254028,0.7917765378952026,1.8619030558642147,1.3371207574796506
session_20260812_133631_hold_breath_off_hold_breath_off_w00062,session_20260812_133631_hold_breath_off_hold_breath_off,/Users/jandonyggarofalo/Documents/Desa/UNI/Semestre7/embebidos/esp-csi/examples/get-started/csi_send/data/raw/session_20260812_133631_hold_breath_off_hold_breath_off.csv,134.0,142.0,hold_breath,accepted,,ambiguous_breathing_evidence,,809,80.262,0.00148718,192.1989905788455,4.682819651216048,41.04343214005555,130.51948218610164,2,1.2953430889046778,0.125,455.31730423941696,0.776146411895752,2.2837511024418498,1.3371207574796506
session_20260812_133631_hold_breath_off_hold_breath_off_w00063,session_20260812_133631_hold_breath_off_hold_breath_off,/Users/jandonyggarofalo/Documents/Desa/UNI/Semestre7/embebidos/esp-csi/examples/get-started/csi_send/data/raw/session_20260812_133631_hold_breath_off_hold_breath_off.csv,136.0,144.0,hold_breath,accepted,,ambiguous_breathing_evidence,,814,80.262,0.00154522,22.03716210743691,0.5076595553805668,43.40933185207821,27.05118965069802,5,1.4524171238855108,0.125,44.65008623706086,0.7775428891181946,1.4321863691606311,1.3371207574796506
session_20260812_133631_hold_breath_off_hold_breath_off_w00064,session_20260812_133631_hold_breath_off_hold_breath_off,/Users/jandonyggarofalo/Documents/Desa/UNI/Semestre7/embebidos/esp-csi/examples/get-started/csi_send/data/raw/session_20260812_133631_hold_breath_off_hold_breath_off.csv,138.0,146.0,hold_breath,accepted,,ambiguous_breathing_evidence,,810,80.262,0.00171682,110.52667429228515,2.7601332341735043,40.04396343038899,115.58694635751395,3,1.319193179480904,0.125,249.394199837175,0.773979663848877,2.062908790442598,1.3371207574796506
session_20260812_133631_hold_breath_off_hold_breath_off_w00065,session_20260812_133631_hold_breath_off_hold_breath_off,/Users/jandonyggarofalo/Documents/Desa/UNI/Semestre7/embebidos/esp-csi/examples/get-started/csi_send/data/raw/session_20260812_133631_hold_breath_off_hold_breath_off.csv,140.0,148.0,hold_breath,accepted,,ambiguous_breathing_evidence,,811,80.262,0.00107891,187.69955408434586,5.0157135888315825,37.42230308011533,201.07113079607518,4,1.2786211785864847,0.125,502.16207709841296,0.8445150852203369,2.303349720343218,1.3371207574796506
session_20260812_133631_hold_breath_off_hold_breath_off_w00066,session_20260812_133631_hold_breath_off_hold_breath_off,/Users/jandonyggarofalo/Documents/Desa/UNI/Semestre7/embebidos/esp-csi/examples/get-started/csi_send/data/raw/session_20260812_133631_hold_breath_off_hold_breath_off.csv,142.0,150.0,hold_breath,accepted,,ambiguous_breathing_evidence,,822,63.744,0.00073183,162.09796632237695,3.7738670431050774,42.95274965197565,98.82808803073956,5,1.516117889044876,0.125,264.9885531854784,0.8576269149780273,2.209777566233403,1.3371207574796506
session_20260812_133631_hold_breath_off_hold_breath_off_w00067,session_20260812_133631_hold_breath_off_hold_breath_off,/Users/jandonyggarofalo/Documents/Desa/UNI/Semestre7/embebidos/esp-csi/examples/get-started/csi_send/data/raw/session_20260812_133631_hold_breath_off_hold_breath_off.csv,144.0,152.0,hold_breath,accepted,,ambiguous_breathing_evidence,,816,55.113,9.57e-06,28.78619162104726,0.6348031103701791,45.34664552008186,30.940420044714287,4,1.245447237748211,0.375,59.960456226025585,0.8559556007385254,1.490526205351187,1.3371207574796506
session_20260812_133631_hold_breath_off_hold_breath_off_w00068,session_20260812_133631_hold_breath_off_hold_breath_off,/Users/jandonyggarofalo/Documents/Desa/UNI/Semestre7/embebidos/esp-csi/examples/get-started/csi_send/data/raw/session_20260812_133631_hold_breath_off_hold_breath_off.csv,146.0,154.0,hold_breath,rejected,transition_guard,not_evaluated,,825,,,,,,,,,,,,,
session_20260812_133911_hold_breath_off_hold_breath_off_w00000,session_20260812_133911_hold_breath_off_hold_breath_off,/Users/jandonyggarofalo/Documents/Desa/UNI/Semestre7/embebidos/esp-csi/examples/get-started/csi_send/data/raw/session_20260812_133911_hold_breath_off_hold_breath_off.csv,10.0,18.0,breathing,rejected,time_gap,not_evaluated,,809,131.046,,,,,,,,,,,,
session_20260812_133911_hold_breath_off_hold_breath_off_w00001,session_20260812_133911_hold_breath_off_hold_breath_off,/Users/jandonyggarofalo/Documents/Desa/UNI/Semestre7/embebidos/esp-csi/examples/get-started/csi_send/data/raw/session_20260812_133911_hold_breath_off_hold_breath_off.csv,12.0,20.0,breathing,rejected,time_gap,not_evaluated,,806,131.046,,,,,,,,,,,,
session_20260812_133911_hold_breath_off_hold_breath_off_w00002,session_20260812_133911_hold_breath_off_hold_breath_off,/Users/jandonyggarofalo/Documents/Desa/UNI/Semestre7/embebidos/esp-csi/examples/get-started/csi_send/data/raw/session_20260812_133911_hold_breath_off_hold_breath_off.csv,14.0,22.0,breathing,accepted,,trusted_breathing,breathing,812,58.834,0.00016356,49.79296141205454,1.2481364168274496,39.89384552898463,55.68821069089569,4,1.4793542930584005,0.125,99.44844396349774,0.6531087160110474,1.7457632638665217,1.2697665296564689
session_20260812_133911_hold_breath_off_hold_breath_off_w00003,session_20260812_133911_hold_breath_off_hold_breath_off,/Users/jandonyggarofalo/Documents/Desa/UNI/Semestre7/embebidos/esp-csi/examples/get-started/csi_send/data/raw/session_20260812_133911_hold_breath_off_hold_breath_off.csv,16.0,24.0,breathing,accepted,,trusted_breathing,breathing,812,57.56,6.735e-05,11.7701161518917,0.25165378892325374,46.771066719104454,6.425659511485983,5,1.5235517345402059,0.125,16.60528324768218,0.5156751275062561,1.070780748644383,1.2697665296564689
session_20260812_133911_hold_breath_off_hold_breath_off_w00004,session_20260812_133911_hold_breath_off_hold_breath_off,/Users/jandonyggarofalo/Documents/Desa/UNI/Semestre7/embebidos/esp-csi/examples/get-started/csi_send/data/raw/session_20260812_133911_hold_breath_off_hold_breath_off.csv,18.0,26.0,breathing,accepted,,trusted_breathing,breathing,814,43.911,0.00012477,58.89575531785583,1.3547340150370588,43.47403598351463,34.665842721969256,4,1.5115654349938092,0.5,103.32951980290619,0.46876323223114014,1.7700839958319223,1.2697665296564689
session_20260812_133911_hold_breath_off_hold_breath_off_w00005,session_20260812_133911_hold_breath_off_hold_breath_off,/Users/jandonyggarofalo/Documents/Desa/UNI/Semestre7/embebidos/esp-csi/examples/get-started/csi_send/data/raw/session_20260812_133911_hold_breath_off_hold_breath_off.csv,20.0,28.0,breathing,accepted,,trusted_breathing,breathing,818,31.447,2.865e-05,25.91784833727044,0.5824849736344557,44.495308051484514,20.40868576483795,7,1.436502529354632,0.375,46.464302251479005,0.4616793096065521,1.4135989441878525,1.2697665296564689
session_20260812_133911_hold_breath_off_hold_breath_off_w00006,session_20260812_133911_hold_breath_off_hold_breath_off,/Users/jandonyggarofalo/Documents/Desa/UNI/Semestre7/embebidos/esp-csi/examples/get-started/csi_send/data/raw/session_20260812_133911_hold_breath_off_hold_breath_off.csv,22.0,30.0,breathing,accepted,,trusted_breathing,breathing,816,45.527,0.0,6.702729004452077,0.1613638670408381,41.53797952000125,7.227345730084213,5,1.4863827721653746,0.375,14.943261490713525,0.47149258852005005,0.8589788302925034,1.2697665296564689
session_20260812_133911_hold_breath_off_hold_breath_off_w00007,session_20260812_133911_hold_breath_off_hold_breath_off,/Users/jandonyggarofalo/Documents/Desa/UNI/Semestre7/embebidos/esp-csi/examples/get-started/csi_send/data/raw/session_20260812_133911_hold_breath_off_hold_breath_off.csv,24.0,32.0,breathing,accepted,,trusted_breathing,breathing,817,45.527,0.0,19.36825788323795,0.44469690842177473,43.553839742066494,18.823271348567882,5,1.6306746218758001,0.25,26.25811154468196,0.5965673923492432,1.287090558988511,1.2697665296564689
session_20260812_133911_hold_breath_off_hold_breath_off_w00008,session_20260812_133911_hold_breath_off_hold_breath_off,/Users/jandonyggarofalo/Documents/Desa/UNI/Semestre7/embebidos/esp-csi/examples/get-started/csi_send/data/raw/session_20260812_133911_hold_breath_off_hold_breath_off.csv,26.0,34.0,breathing,accepted,,trusted_breathing,breathing,817,48.79,0.00027731,38.545879869336105,0.846300835477066,45.546309602260955,15.680078477323363,3,1.3419792805996191,0.25,80.30800021896364,0.6233180165290833,1.5859779635636522,1.2697665296564689
session_20260812_133911_hold_breath_off_hold_breath_off_w00009,session_20260812_133911_hold_breath_off_hold_breath_off,/Users/jandonyggarofalo/Documents/Desa/UNI/Semestre7/embebidos/esp-csi/examples/get-started/csi_send/data/raw/session_20260812_133911_hold_breath_off_hold_breath_off.csv,28.0,36.0,breathing,accepted,,trusted_breathing,breathing,817,48.79,0.00065981,67.7614115652948,2.0834154442903823,32.524195666765834,134.13018156590599,2,1.1519438914163243,0.125,204.4602707460455,0.6649180054664612,2.127526512472717,1.2697665296564689
session_20260812_133911_hold_breath_off_hold_breath_off_w00010,session_20260812_133911_hold_breath_off_hold_breath_off,/Users/jandonyggarofalo/Documents/Desa/UNI/Semestre7/embebidos/esp-csi/examples/get-started/csi_send/data/raw/session_20260812_133911_hold_breath_off_hold_breath_off.csv,30.0,38.0,breathing,accepted,,trusted_breathing,breathing,820,48.79,0.00074314,10.357690483894649,0.26504687657961234,39.07871172646859,12.751106827853398,5,1.673428815429998,0.5,14.820371813282684,0.6847202777862549,1.1055478842496969,1.2697665296564689
session_20260812_133911_hold_breath_off_hold_breath_off_w00011,session_20260812_133911_hold_breath_off_hold_breath_off,/Users/jandonyggarofalo/Documents/Desa/UNI/Semestre7/embebidos/esp-csi/examples/get-started/csi_send/data/raw/session_20260812_133911_hold_breath_off_hold_breath_off.csv,32.0,40.0,breathing,accepted,,trusted_breathing,breathing,821,48.79,0.00061853,17.883087451182234,0.39607179040196144,45.1511263475444,8.154813452772316,5,1.6083842822036662,0.125,20.875361537007553,0.6824443936347961,1.2524425003244266,1.2697665296564689
session_20260812_133911_hold_breath_off_hold_breath_off_w00012,session_20260812_133911_hold_breath_off_hold_breath_off,/Users/jandonyggarofalo/Documents/Desa/UNI/Semestre7/embebidos/esp-csi/examples/get-started/csi_send/data/raw/session_20260812_133911_hold_breath_off_hold_breath_off.csv,34.0,42.0,breathing,accepted,,trusted_breathing,breathing,824,48.469,0.00022755,29.27406000166161,0.7028697005399592,41.649341235126535,30.56096638424604,7,1.60914577542829,0.5,48.30128625406945,0.7091343998908997,1.4851670831729624,1.2697665296564689
session_20260812_133911_hold_breath_off_hold_breath_off_w00013,session_20260812_133911_hold_breath_off_hold_breath_off,/Users/jandonyggarofalo/Documents/Desa/UNI/Semestre7/embebidos/esp-csi/examples/get-started/csi_send/data/raw/session_20260812_133911_hold_breath_off_hold_breath_off.csv,36.0,44.0,breathing,accepted,,trusted_breathing,breathing,827,48.531,0.00036843,18.87765972707044,0.5050117558602484,37.380634228754595,24.266816607969687,4,1.5727277774612392,0.125,31.224324935148044,0.6987072825431824,1.3850128080472113,1.2697665296564689
session_20260812_133911_hold_breath_off_hold_breath_off_w00014,session_20260812_133911_hold_breath_off_hold_breath_off,/Users/jandonyggarofalo/Documents/Desa/UNI/Semestre7/embebidos/esp-csi/examples/get-started/csi_send/data/raw/session_20260812_133911_hold_breath_off_hold_breath_off.csv,38.0,46.0,breathing,accepted,,trusted_breathing,breathing,818,48.531,0.00024832,9.731751742533085,0.28013574187423146,34.739414818647,27.093751435366357,7,1.6664191961221804,0.125,13.433608909497686,0.7561504244804382,1.128192700601128,1.2697665296564689
session_20260812_133911_hold_breath_off_hold_breath_off_w00015,session_20260812_133911_hold_breath_off_hold_breath_off,/Users/jandonyggarofalo/Documents/Desa/UNI/Semestre7/embebidos/esp-csi/examples/get-started/csi_send/data/raw/session_20260812_133911_hold_breath_off_hold_breath_off.csv,40.0,48.0,breathing,accepted,,trusted_breathing,breathing,815,74.162,0.00071894,34.22142729242337,0.985273968896917,34.73290513368776,44.90287663211961,2,0.9671357526071401,0.125,118.52418963074614,0.7362040877342224,1.6522741642870247,1.2697665296564689
session_20260812_133911_hold_breath_off_hold_breath_off_w00016,session_20260812_133911_hold_breath_off_hold_breath_off,/Users/jandonyggarofalo/Documents/Desa/UNI/Semestre7/embebidos/esp-csi/examples/get-started/csi_send/data/raw/session_20260812_133911_hold_breath_off_hold_breath_off.csv,42.0,50.0,breathing,accepted,,trusted_breathing,breathing,805,74.162,0.00193129,45.33666765823236,0.9488267344198081,47.78181939182732,23.19410125658227,4,1.395700442665244,0.25,69.09606725904068,0.8179430365562439,1.6564495953929124,1.2697665296564689
session_20260812_133911_hold_breath_off_hold_breath_off_w00017,session_20260812_133911_hold_breath_off_hold_breath_off,/Users/jandonyggarofalo/Documents/Desa/UNI/Semestre7/embebidos/esp-csi/examples/get-started/csi_send/data/raw/session_20260812_133911_hold_breath_off_hold_breath_off.csv,44.0,52.0,breathing,accepted,,trusted_breathing,breathing,801,74.162,0.0022823,73.67533580539953,2.0035298287201364,36.77276711793549,77.21362850697153,2,1.2208839241469054,0.125,210.63959807621245,0.7747623920440674,1.8876939617735553,1.2697665296564689
session_20260812_133911_hold_breath_off_hold_breath_off_w00018,session_20260812_133911_hold_breath_off_hold_breath_off,/Users/jandonyggarofalo/Documents/Desa/UNI/Semestre7/embebidos/esp-csi/examples/get-started/csi_send/data/raw/session_20260812_133911_hold_breath_off_hold_breath_off.csv,46.0,54.0,breathing,accepted,,trusted_breathing,breathing,806,74.162,0.00141517,67.22684985831587,1.93540757373048,34.73524169831681,120.42450352459024,4,1.4302034176535265,0.125,155.61028843064048,0.819938600063324,2.0807148645195843,1.2697665296564689
session_20260812_133911_hold_breath_off_hold_breath_off_w00019,session_20260812_133911_hold_breath_off_hold_breath_off,/Users/jandonyggarofalo/Documents/Desa/UNI/Semestre7/embebidos/esp-csi/examples/get-started/csi_send/data/raw/session_20260812_133911_hold_breath_off_hold_breath_off.csv,48.0,56.0,breathing,accepted,,trusted_breathing,breathing,807,55.797,0.00224597,110.85522666009038,3.3243681706406423,33.34625437672086,194.36683859654616,4,1.35592554308011,0.125,268.6739026910726,0.8466225266456604,2.288622170862754,1.2697665296564689
session_20260812_133911_hold_breath_off_hold_breath_off_w00020,session_20260812_133911_hold_breath_off_hold_breath_off,/Users/jandonyggarofalo/Documents/Desa/UNI/Semestre7/embebidos/esp-csi/examples/get-started/csi_send/data/raw/session_20260812_133911_hold_breath_off_hold_breath_off.csv,50.0,58.0,breathing,accepted,,trusted_breathing,breathing,815,46.493,0.0018309,99.57424378157864,2.1358180274885763,46.621127127865584,32.42281999541558,2,1.3007918756118821,0.25,173.63854857179922,0.851613461971283,1.9981470168364832,1.2697665296564689
session_20260812_133911_hold_breath_off_hold_breath_off_w00021,session_20260812_133911_hold_breath_off_hold_breath_off,/Users/jandonyggarofalo/Documents/Desa/UNI/Semestre7/embebidos/esp-csi/examples/get-started/csi_send/data/raw/session_20260812_133911_hold_breath_off_hold_breath_off.csv,52.0,60.0,breathing,rejected,transition_guard,not_evaluated,,815,,,,,,,,,,,,,
session_20260812_133911_hold_breath_off_hold_breath_off_w00022,session_20260812_133911_hold_breath_off_hold_breath_off,/Users/jandonyggarofalo/Documents/Desa/UNI/Semestre7/embebidos/esp-csi/examples/get-started/csi_send/data/raw/session_20260812_133911_hold_breath_off_hold_breath_off.csv,54.0,62.0,breathing,rejected,mixed_or_unknown_label,not_evaluated,,809,,,,,,,,,,,,,
session_20260812_133911_hold_breath_off_hold_breath_off_w00023,session_20260812_133911_hold_breath_off_hold_breath_off,/Users/jandonyggarofalo/Documents/Desa/UNI/Semestre7/embebidos/esp-csi/examples/get-started/csi_send/data/raw/session_20260812_133911_hold_breath_off_hold_breath_off.csv,56.0,64.0,breathing,rejected,mixed_or_unknown_label,not_evaluated,,806,,,,,,,,,,,,,
session_20260812_133911_hold_breath_off_hold_breath_off_w00024,session_20260812_133911_hold_breath_off_hold_breath_off,/Users/jandonyggarofalo/Documents/Desa/UNI/Semestre7/embebidos/esp-csi/examples/get-started/csi_send/data/raw/session_20260812_133911_hold_breath_off_hold_breath_off.csv,58.0,66.0,hold_breath,rejected,mixed_or_unknown_label,not_evaluated,,797,,,,,,,,,,,,,
session_20260812_133911_hold_breath_off_hold_breath_off_w00025,session_20260812_133911_hold_breath_off_hold_breath_off,/Users/jandonyggarofalo/Documents/Desa/UNI/Semestre7/embebidos/esp-csi/examples/get-started/csi_send/data/raw/session_20260812_133911_hold_breath_off_hold_breath_off.csv,60.0,68.0,hold_breath,rejected,transition_guard,not_evaluated,,791,,,,,,,,,,,,,
session_20260812_133911_hold_breath_off_hold_breath_off_w00026,session_20260812_133911_hold_breath_off_hold_breath_off,/Users/jandonyggarofalo/Documents/Desa/UNI/Semestre7/embebidos/esp-csi/examples/get-started/csi_send/data/raw/session_20260812_133911_hold_breath_off_hold_breath_off.csv,62.0,70.0,hold_breath,rejected,time_gap,not_evaluated,,787,133.304,,,,,,,,,,,,
session_20260812_133911_hold_breath_off_hold_breath_off_w00027,session_20260812_133911_hold_breath_off_hold_breath_off,/Users/jandonyggarofalo/Documents/Desa/UNI/Semestre7/embebidos/esp-csi/examples/get-started/csi_send/data/raw/session_20260812_133911_hold_breath_off_hold_breath_off.csv,64.0,72.0,hold_breath,rejected,time_gap,not_evaluated,,787,133.304,,,,,,,,,,,,
session_20260812_133911_hold_breath_off_hold_breath_off_w00028,session_20260812_133911_hold_breath_off_hold_breath_off,/Users/jandonyggarofalo/Documents/Desa/UNI/Semestre7/embebidos/esp-csi/examples/get-started/csi_send/data/raw/session_20260812_133911_hold_breath_off_hold_breath_off.csv,66.0,74.0,hold_breath,rejected,time_gap,not_evaluated,,805,105.966,,,,,,,,,,,,
session_20260812_133911_hold_breath_off_hold_breath_off_w00029,session_20260812_133911_hold_breath_off_hold_breath_off,/Users/jandonyggarofalo/Documents/Desa/UNI/Semestre7/embebidos/esp-csi/examples/get-started/csi_send/data/raw/session_20260812_133911_hold_breath_off_hold_breath_off.csv,68.0,76.0,hold_breath,rejected,time_gap,not_evaluated,,809,105.966,,,,,,,,,,,,
session_20260812_133911_hold_breath_off_hold_breath_off_w00030,session_20260812_133911_hold_breath_off_hold_breath_off,/Users/jandonyggarofalo/Documents/Desa/UNI/Semestre7/embebidos/esp-csi/examples/get-started/csi_send/data/raw/session_20260812_133911_hold_breath_off_hold_breath_off.csv,70.0,78.0,hold_breath,rejected,time_gap,not_evaluated,,818,105.966,,,,,,,,,,,,
session_20260812_133911_hold_breath_off_hold_breath_off_w00031,session_20260812_133911_hold_breath_off_hold_breath_off,/Users/jandonyggarofalo/Documents/Desa/UNI/Semestre7/embebidos/esp-csi/examples/get-started/csi_send/data/raw/session_20260812_133911_hold_breath_off_hold_breath_off.csv,72.0,80.0,hold_breath,accepted,,ambiguous_breathing_evidence,,811,75.891,0.00182067,43.02813058821947,1.2058722173455207,35.68216430336321,55.734340931339155,4,1.1712295346279864,0.125,132.2520783166608,0.7009330987930298,1.7461228698839113,1.2697665296564689
session_20260812_133911_hold_breath_off_hold_breath_off_w00032,session_20260812_133911_hold_breath_off_hold_breath_off,/Users/jandonyggarofalo/Documents/Desa/UNI/Semestre7/embebidos/esp-csi/examples/get-started/csi_send/data/raw/session_20260812_133911_hold_breath_off_hold_breath_off.csv,74.0,82.0,hold_breath,accepted,,ambiguous_breathing_evidence,,806,75.891,0.00075605,70.8137655257322,2.0148785814651284,35.14542572297557,97.61225348884622,4,1.3844777100603454,0.125,165.64131124892853,0.7106075882911682,1.989504339065859,1.2697665296564689
session_20260812_133911_hold_breath_off_hold_breath_off_w00033,session_20260812_133911_hold_breath_off_hold_breath_off,/Users/jandonyggarofalo/Documents/Desa/UNI/Semestre7/embebidos/esp-csi/examples/get-started/csi_send/data/raw/session_20260812_133911_hold_breath_off_hold_breath_off.csv,76.0,84.0,hold_breath,rejected,time_gap,not_evaluated,,813,120.344,,,,,,,,,,,,
session_20260812_133911_hold_breath_off_hold_breath_off_w00034,session_20260812_133911_hold_breath_off_hold_breath_off,/Users/jandonyggarofalo/Documents/Desa/UNI/Semestre7/embebidos/esp-csi/examples/get-started/csi_send/data/raw/session_20260812_133911_hold_breath_off_hold_breath_off.csv,78.0,86.0,hold_breath,rejected,time_gap,not_evaluated,,815,120.344,,,,,,,,,,,,
session_20260812_133911_hold_breath_off_hold_breath_off_w00035,session_20260812_133911_hold_breath_off_hold_breath_off,/Users/jandonyggarofalo/Documents/Desa/UNI/Semestre7/embebidos/esp-csi/examples/get-started/csi_send/data/raw/session_20260812_133911_hold_breath_off_hold_breath_off.csv,80.0,88.0,hold_breath,rejected,time_gap,not_evaluated,,824,120.344,,,,,,,,,,,,
session_20260812_133911_hold_breath_off_hold_breath_off_w00036,session_20260812_133911_hold_breath_off_hold_breath_off,/Users/jandonyggarofalo/Documents/Desa/UNI/Semestre7/embebidos/esp-csi/examples/get-started/csi_send/data/raw/session_20260812_133911_hold_breath_off_hold_breath_off.csv,82.0,90.0,hold_breath,rejected,time_gap,not_evaluated,,819,120.344,,,,,,,,,,,,
session_20260812_133911_hold_breath_off_hold_breath_off_w00037,session_20260812_133911_hold_breath_off_hold_breath_off,/Users/jandonyggarofalo/Documents/Desa/UNI/Semestre7/embebidos/esp-csi/examples/get-started/csi_send/data/raw/session_20260812_133911_hold_breath_off_hold_breath_off.csv,84.0,92.0,hold_breath,accepted,,ambiguous_breathing_evidence,,810,59.856,0.00061728,111.18166332006135,2.32321929029458,47.85672354929347,68.5811737644614,3,1.4510262701309558,0.125,169.38078289169187,0.681513786315918,2.0460331669621312,1.2697665296564689
session_20260812_133911_hold_breath_off_hold_breath_off_w00038,session_20260812_133911_hold_breath_off_hold_breath_off,/Users/jandonyggarofalo/Documents/Desa/UNI/Semestre7/embebidos/esp-csi/examples/get-started/csi_send/data/raw/session_20260812_133911_hold_breath_off_hold_breath_off.csv,86.0,94.0,hold_breath,accepted,,ambiguous_breathing_evidence,,806,59.856,0.00022294,462.31267527100715,9.271871212202983,49.86185255275051,133.14895477609335,3,1.3038363404062063,0.25,771.256227616012,0.7325121760368347,2.664935800694824,1.2697665296564689
session_20260812_133911_hold_breath_off_hold_breath_off_w00039,session_20260812_133911_hold_breath_off_hold_breath_off,/Users/jandonyggarofalo/Documents/Desa/UNI/Semestre7/embebidos/esp-csi/examples/get-started/csi_send/data/raw/session_20260812_133911_hold_breath_off_hold_breath_off.csv,88.0,96.0,hold_breath,accepted,,ambiguous_breathing_evidence,,793,91.496,0.00077829,596.4436583820154,13.237725784865455,45.056353944412244,322.73623883294897,4,1.4168789259146144,0.25,1004.6615305174469,0.7164968848228455,2.7755694253584964,1.2697665296564689
session_20260812_133911_hold_breath_off_hold_breath_off_w00040,session_20260812_133911_hold_breath_off_hold_breath_off,/Users/jandonyggarofalo/Documents/Desa/UNI/Semestre7/embebidos/esp-csi/examples/get-started/csi_send/data/raw/session_20260812_133911_hold_breath_off_hold_breath_off.csv,90.0,98.0,hold_breath,accepted,,ambiguous_breathing_evidence,,794,91.496,0.00058053,213.21709618981595,4.490728748386186,47.47939769606245,131.74460085148476,5,1.2103922261823112,0.25,466.53299338702254,0.6150791049003601,2.3288220243846656,1.2697665296564689
session_20260812_133911_hold_breath_off_hold_breath_off_w00041,session_20260812_133911_hold_breath_off_hold_breath_off,/Users/jandonyggarofalo/Documents/Desa/UNI/Semestre7/embebidos/esp-csi/examples/get-started/csi_send/data/raw/session_20260812_133911_hold_breath_off_hold_breath_off.csv,92.0,100.0,hold_breath,rejected,time_gap,not_evaluated,,792,107.548,,,,,,,,,,,,
session_20260812_133911_hold_breath_off_hold_breath_off_w00042,session_20260812_133911_hold_breath_off_hold_breath_off,/Users/jandonyggarofalo/Documents/Desa/UNI/Semestre7/embebidos/esp-csi/examples/get-started/csi_send/data/raw/session_20260812_133911_hold_breath_off_hold_breath_off.csv,94.0,102.0,hold_breath,rejected,time_gap,not_evaluated,,790,107.548,,,,,,,,,,,,
session_20260812_133911_hold_breath_off_hold_breath_off_w00043,session_20260812_133911_hold_breath_off_hold_breath_off,/Users/jandonyggarofalo/Documents/Desa/UNI/Semestre7/embebidos/esp-csi/examples/get-started/csi_send/data/raw/session_20260812_133911_hold_breath_off_hold_breath_off.csv,96.0,104.0,hold_breath,rejected,time_gap,not_evaluated,,793,107.548,,,,,,,,,,,,
session_20260812_133911_hold_breath_off_hold_breath_off_w00044,session_20260812_133911_hold_breath_off_hold_breath_off,/Users/jandonyggarofalo/Documents/Desa/UNI/Semestre7/embebidos/esp-csi/examples/get-started/csi_send/data/raw/session_20260812_133911_hold_breath_off_hold_breath_off.csv,98.0,106.0,hold_breath,rejected,time_gap,not_evaluated,,779,107.548,,,,,,,,,,,,
session_20260812_133911_hold_breath_off_hold_breath_off_w00045,session_20260812_133911_hold_breath_off_hold_breath_off,/Users/jandonyggarofalo/Documents/Desa/UNI/Semestre7/embebidos/esp-csi/examples/get-started/csi_send/data/raw/session_20260812_133911_hold_breath_off_hold_breath_off.csv,100.0,108.0,hold_breath,accepted,,ambiguous_breathing_evidence,,793,73.914,0.00582243,626.0749762176974,18.4848403965607,33.869644681062624,1009.4551676183208,2,1.139204385691523,0.125,1946.4577218426084,0.790107786655426,3.004087035624054,1.2697665296564689
session_20260812_133911_hold_breath_off_hold_breath_off_w00046,session_20260812_133911_hold_breath_off_hold_breath_off,/Users/jandonyggarofalo/Documents/Desa/UNI/Semestre7/embebidos/esp-csi/examples/get-started/csi_send/data/raw/session_20260812_133911_hold_breath_off_hold_breath_off.csv,102.0,110.0,hold_breath,accepted,,ambiguous_breathing_evidence,,800,73.914,0.00961914,33.58675966850312,0.6988037520195618,48.06322171480679,25.48412850409493,5,1.4258377251504328,0.25,51.09279517363205,0.7637770175933838,1.5261681066707906,1.2697665296564689
session_20260812_133911_hold_breath_off_hold_breath_off_w00047,session_20260812_133911_hold_breath_off_hold_breath_off,/Users/jandonyggarofalo/Documents/Desa/UNI/Semestre7/embebidos/esp-csi/examples/get-started/csi_send/data/raw/session_20260812_133911_hold_breath_off_hold_breath_off.csv,104.0,112.0,hold_breath,accepted,,ambiguous_breathing_evidence,,813,73.914,0.00747617,55.38445463424492,1.1897091807388758,46.5529353987178,30.7628289821664,4,1.3452715200674623,0.25,105.14670422406674,0.7878062129020691,1.7433878836101309,1.2697665296564689
session_20260812_133911_hold_breath_off_hold_breath_off_w00048,session_20260812_133911_hold_breath_off_hold_breath_off,/Users/jandonyggarofalo/Documents/Desa/UNI/Semestre7/embebidos/esp-csi/examples/get-started/csi_send/data/raw/session_20260812_133911_hold_breath_off_hold_breath_off.csv,106.0,114.0,hold_breath,accepted,,ambiguous_breathing_evidence,,825,67.663,0.00284091,79.4463578715532,1.6425037806890237,48.36905631850504,33.22882427820055,5,1.2049362793083291,0.375,181.52409066470568,0.7773317694664001,1.9000739922602925,1.2697665296564689
session_20260812_133911_hold_breath_off_hold_breath_off_w00049,session_20260812_133911_hold_breath_off_hold_breath_off,/Users/jandonyggarofalo/Documents/Desa/UNI/Semestre7/embebidos/esp-csi/examples/get-started/csi_send/data/raw/session_20260812_133911_hold_breath_off_hold_breath_off.csv,108.0,116.0,hold_breath,accepted,,ambiguous_breathing_evidence,,817,63.713,0.00028687,44.05603466477283,1.0470275853937794,42.07724350276941,29.22218018626271,4,1.6623448461676775,0.125,61.528689197197906,0.7603422999382019,1.6440054051909052,1.2697665296564689
session_20260812_133911_hold_breath_off_hold_breath_off_w00050,session_20260812_133911_hold_breath_off_hold_breath_off,/Users/jandonyggarofalo/Documents/Desa/UNI/Semestre7/embebidos/esp-csi/examples/get-started/csi_send/data/raw/session_20260812_133911_hold_breath_off_hold_breath_off.csv,110.0,118.0,hold_breath,accepted,,ambiguous_breathing_evidence,,808,94.745,0.00025139,33.04501550800752,0.9563519814459355,34.55319395899748,41.225843702768856,4,1.302646660800914,0.125,101.99308998894594,0.7745081186294556,1.61516955241135,1.2697665296564689
session_20260812_133911_hold_breath_off_hold_breath_off_w00051,session_20260812_133911_hold_breath_off_hold_breath_off,/Users/jandonyggarofalo/Documents/Desa/UNI/Semestre7/embebidos/esp-csi/examples/get-started/csi_send/data/raw/session_20260812_133911_hold_breath_off_hold_breath_off.csv,112.0,120.0,hold_breath,accepted,,ambiguous_breathing_evidence,,809,94.745,0.00024142,716.240603116501,21.112334969363538,33.92521974266778,1078.6905281124803,2,1.0510972706246622,0.125,2447.9604853632172,0.8068404197692871,3.0328968652474226,1.2697665296564689
session_20260812_133911_hold_breath_off_hold_breath_off_w00052,session_20260812_133911_hold_breath_off_hold_breath_off,/Users/jandonyggarofalo/Documents/Desa/UNI/Semestre7/embebidos/esp-csi/examples/get-started/csi_send/data/raw/session_20260812_133911_hold_breath_off_hold_breath_off.csv,114.0,122.0,hold_breath,accepted,,ambiguous_breathing_evidence,,810,94.745,0.00023148,483.9779687891182,9.739056359905225,49.69454441002725,139.34386995093203,6,1.0860422976495991,0.375,1064.1273873200494,0.8313928842544556,2.6848255925305993,1.2697665296564689
session_20260812_133911_hold_breath_off_hold_breath_off_w00053,session_20260812_133911_hold_breath_off_hold_breath_off,/Users/jandonyggarofalo/Documents/Desa/UNI/Semestre7/embebidos/esp-csi/examples/get-started/csi_send/data/raw/session_20260812_133911_hold_breath_off_hold_breath_off.csv,116.0,124.0,hold_breath,accepted,,ambiguous_breathing_evidence,,812,94.745,0.00027902,292.19290586020986,6.4721628569741325,45.14609911975714,201.87994088659119,6,1.5724560282401736,0.375,378.5574267505562,0.8296110033988953,2.4656696675080485,1.2697665296564689
session_20260812_133911_hold_breath_off_hold_breath_off_w00054,session_20260812_133911_hold_breath_off_hold_breath_off,/Users/jandonyggarofalo/Documents/Desa/UNI/Semestre7/embebidos/esp-csi/examples/get-started/csi_send/data/raw/session_20260812_133911_hold_breath_off_hold_breath_off.csv,118.0,126.0,hold_breath,rejected,transition_guard,not_evaluated,,823,,,,,,,,,,,,,
session_20260812_134202_hold_breath_off_hold_breath_off_w00000,session_20260812_134202_hold_breath_off_hold_breath_off,/Users/jandonyggarofalo/Documents/Desa/UNI/Semestre7/embebidos/esp-csi/examples/get-started/csi_send/data/raw/session_20260812_134202_hold_breath_off_hold_breath_off.csv,10.0,18.0,breathing,accepted,,trusted_breathing,breathing,821,44.474,0.00331151,39.031616625697005,0.8662386291849445,45.058734753467775,41.6829934439275,5,1.4580306223913861,0.125,60.57394582714504,0.7699034810066223,1.619958900058699,1.2197336921207318
session_20260812_134202_hold_breath_off_hold_breath_off_w00001,session_20260812_134202_hold_breath_off_hold_breath_off,/Users/jandonyggarofalo/Documents/Desa/UNI/Semestre7/embebidos/esp-csi/examples/get-started/csi_send/data/raw/session_20260812_134202_hold_breath_off_hold_breath_off.csv,12.0,20.0,breathing,accepted,,trusted_breathing,breathing,817,44.876,0.00250535,48.937305557023336,1.0299353661339143,47.51492876749403,13.794862223096148,6,1.5194680037421633,0.25,70.54147057038105,0.7734731435775757,1.689640053819814,1.2197336921207318
session_20260812_134202_hold_breath_off_hold_breath_off_w00002,session_20260812_134202_hold_breath_off_hold_breath_off,/Users/jandonyggarofalo/Documents/Desa/UNI/Semestre7/embebidos/esp-csi/examples/get-started/csi_send/data/raw/session_20260812_134202_hold_breath_off_hold_breath_off.csv,14.0,22.0,breathing,accepted,,trusted_breathing,breathing,822,44.876,0.0013401,91.35141623971134,1.957711361766897,46.66235177652394,34.98239869896707,5,1.514658419424102,0.25,126.90353017523083,0.7717546224594116,1.9607152846970335,1.2197336921207318
session_20260812_134202_hold_breath_off_hold_breath_off_w00003,session_20260812_134202_hold_breath_off_hold_breath_off,/Users/jandonyggarofalo/Documents/Desa/UNI/Semestre7/embebidos/esp-csi/examples/get-started/csi_send/data/raw/session_20260812_134202_hold_breath_off_hold_breath_off.csv,16.0,24.0,breathing,accepted,,trusted_breathing,breathing,822,48.796,0.00035166,17.945156020636695,0.44944039033546357,39.92777775758528,30.59266601237677,4,1.4912588633164519,0.375,37.65958028196735,0.7953912615776062,1.4856173254323044,1.2197336921207318
session_20260812_134202_hold_breath_off_hold_breath_off_w00004,session_20260812_134202_hold_breath_off_hold_breath_off,/Users/jandonyggarofalo/Documents/Desa/UNI/Semestre7/embebidos/esp-csi/examples/get-started/csi_send/data/raw/session_20260812_134202_hold_breath_off_hold_breath_off.csv,18.0,26.0,breathing,accepted,,trusted_breathing,breathing,822,48.796,0.00018058,7.79694645870695,0.17880276909589968,43.60640776475616,8.798524778945135,7,1.3423996848507878,0.5,20.378812577778078,0.8219290971755981,0.9444098614603148,1.2197336921207318
session_20260812_134202_hold_breath_off_hold_breath_off_w00005,session_20260812_134202_hold_breath_off_hold_breath_off,/Users/jandonyggarofalo/Documents/Desa/UNI/Semestre7/embebidos/esp-csi/examples/get-started/csi_send/data/raw/session_20260812_134202_hold_breath_off_hold_breath_off.csv,20.0,28.0,breathing,accepted,,trusted_breathing,breathing,820,48.796,0.00074314,37.00674881162573,1.0559039163471582,35.04745861689148,51.834242711153045,4,1.1784136653181396,0.125,117.63191769381709,0.7875823974609375,1.7146167579545462,1.2197336921207318
session_20260812_134202_hold_breath_off_hold_breath_off_w00006,session_20260812_134202_hold_breath_off_hold_breath_off,/Users/jandonyggarofalo/Documents/Desa/UNI/Semestre7/embebidos/esp-csi/examples/get-started/csi_send/data/raw/session_20260812_134202_hold_breath_off_hold_breath_off.csv,22.0,30.0,breathing,accepted,,trusted_breathing,breathing,812,58.636,0.00172221,4.759671048120299,0.11117126879565717,42.813859188979755,3.721137867205146,7,1.5114873648832468,0.5,10.269622779442283,0.7803704738616943,0.6775769386611699,1.2197336921207318
session_20260812_134202_hold_breath_off_hold_breath_off_w00007,session_20260812_134202_hold_breath_off_hold_breath_off,/Users/jandonyggarofalo/Documents/Desa/UNI/Semestre7/embebidos/esp-csi/examples/get-started/csi_send/data/raw/session_20260812_134202_hold_breath_off_hold_breath_off.csv,24.0,32.0,breathing,accepted,,trusted_breathing,breathing,815,58.636,0.00415069,6.013505578179519,0.140025769040469,42.94570648920059,9.50809032210396,6,1.275781855386134,0.5,15.20451242234373,0.7583906054496765,0.9780932986562123,1.2197336921207318
session_20260812_134202_hold_breath_off_hold_breath_off_w00008,session_20260812_134202_hold_breath_off_hold_breath_off,/Users/jandonyggarofalo/Documents/Desa/UNI/Semestre7/embebidos/esp-csi/examples/get-started/csi_send/data/raw/session_20260812_134202_hold_breath_off_hold_breath_off.csv,26.0,34.0,breathing,accepted,,trusted_breathing,breathing,815,58.636,0.00460123,12.463871512019253,0.31090168956590575,40.089429971840154,16.585695664133812,5,1.3866146035902411,0.375,24.583311402173393,0.7394992113113403,1.2197336921207318,1.2197336921207318
session_20260812_134202_hold_breath_off_hold_breath_off_w00009,session_20260812_134202_hold_breath_off_hold_breath_off,/Users/jandonyggarofalo/Documents/Desa/UNI/Semestre7/embebidos/esp-csi/examples/get-started/csi_send/data/raw/session_20260812_134202_hold_breath_off_hold_breath_off.csv,28.0,36.0,breathing,accepted,,trusted_breathing,breathing,818,58.636,0.00399221,89.18879378434117,2.5877214052825304,34.46614987310389,127.43122636136454,2,1.0975239808652504,0.125,286.1457296903367,0.7531111240386963,2.1052758626517285,1.2197336921207318
session_20260812_134202_hold_breath_off_hold_breath_off_w00010,session_20260812_134202_hold_breath_off_hold_breath_off,/Users/jandonyggarofalo/Documents/Desa/UNI/Semestre7/embebidos/esp-csi/examples/get-started/csi_send/data/raw/session_20260812_134202_hold_breath_off_hold_breath_off.csv,30.0,38.0,breathing,accepted,,trusted_breathing,breathing,820,47.136,0.00362043,20.376035888574442,0.4168709725345737,48.87851932850914,8.325880219538993,6,1.335138192429245,0.375,39.27307154279217,0.7436848282814026,1.309119696884718,1.2197336921207318
session_20260812_134202_hold_breath_off_hold_breath_off_w00011,session_20260812_134202_hold_breath_off_hold_breath_off,/Users/jandonyggarofalo/Documents/Desa/UNI/Semestre7/embebidos/esp-csi/examples/get-started/csi_send/data/raw/session_20260812_134202_hold_breath_off_hold_breath_off.csv,32.0,40.0,breathing,accepted,,trusted_breathing,breathing,815,42.251,0.00170629,35.9742225853492,0.9549502323798642,37.67130617441596,50.43536107964827,3,1.1880972260980027,0.125,112.92120439271964,0.7797291874885559,1.7027351344006656,1.2197336921207318
session_20260812_134202_hold_breath_off_hold_breath_off_w00012,session_20260812_134202_hold_breath_off_hold_breath_off,/Users/jandonyggarofalo/Documents/Desa/UNI/Semestre7/embebidos/esp-csi/examples/get-started/csi_send/data/raw/session_20260812_134202_hold_breath_off_hold_breath_off.csv,34.0,42.0,breathing,accepted,,trusted_breathing,breathing,810,50.985,0.00265239,14.961331999997384,0.38994188136523894,38.36810744097911,17.163872548238917,6,1.5249313973898901,0.125,28.55137768396239,0.7367674708366394,1.2346152809828888,1.2197336921207318
session_20260812_134202_hold_breath_off_hold_breath_off_w00013,session_20260812_134202_hold_breath_off_hold_breath_off,/Users/jandonyggarofalo/Documents/Desa/UNI/Semestre7/embebidos/esp-csi/examples/get-started/csi_send/data/raw/session_20260812_134202_hold_breath_off_hold_breath_off.csv,36.0,44.0,breathing,accepted,,trusted_breathing,breathing,809,50.985,0.00236596,4.566435188370951,0.1279616614068478,35.685963577922834,5.50163193504103,4,1.5061502798909165,0.125,10.678654067714005,0.7122442722320557,0.7404915322682907,1.2197336921207318
session_20260812_134202_hold_breath_off_hold_breath_off_w00014,session_20260812_134202_hold_breath_off_hold_breath_off,/Users/jandonyggarofalo/Documents/Desa/UNI/Semestre7/embebidos/esp-csi/examples/get-started/csi_send/data/raw/session_20260812_134202_hold_breath_off_hold_breath_off.csv,38.0,46.0,breathing,accepted,,trusted_breathing,breathing,814,50.985,0.00100775,33.97316752657061,0.907620160965644,37.43104107602471,48.60737108120295,4,1.3609797072346201,0.125,69.20896506299005,0.7441096901893616,1.6867021329897673,1.2197336921207318
session_20260812_134202_hold_breath_off_hold_breath_off_w00015,session_20260812_134202_hold_breath_off_hold_breath_off,/Users/jandonyggarofalo/Documents/Desa/UNI/Semestre7/embebidos/esp-csi/examples/get-started/csi_send/data/raw/session_20260812_134202_hold_breath_off_hold_breath_off.csv,40.0,48.0,breathing,accepted,,trusted_breathing,breathing,811,71.607,0.00088625,20.849719839427692,0.44188108372941126,47.184006301903544,7.871439749180301,6,1.240816187820763,0.375,45.53371504659547,0.7697004079818726,1.3191002236739189,1.2197336921207318
session_20260812_134202_hold_breath_off_hold_breath_off_w00016,session_20260812_134202_hold_breath_off_hold_breath_off,/Users/jandonyggarofalo/Documents/Desa/UNI/Semestre7/embebidos/esp-csi/examples/get-started/csi_send/data/raw/session_20260812_134202_hold_breath_off_hold_breath_off.csv,42.0,50.0,breathing,accepted,,trusted_breathing,breathing,822,71.607,0.00126407,12.492756418903284,0.30543684779110414,40.90127471262567,17.587305633302652,6,1.5863259438859512,0.375,21.776516214756924,0.8655250668525696,1.2451993108493333,1.2197336921207318
session_20260812_134202_hold_breath_off_hold_breath_off_w00017,session_20260812_134202_hold_breath_off_hold_breath_off,/Users/jandonyggarofalo/Documents/Desa/UNI/Semestre7/embebidos/esp-csi/examples/get-started/csi_send/data/raw/session_20260812_134202_hold_breath_off_hold_breath_off.csv,44.0,52.0,breathing,accepted,,trusted_breathing,breathing,824,71.607,0.00192468,19.393453351374696,0.6636266026995156,29.223441725296027,59.55323623142846,6,1.3225211604839242,0.125,51.570270369503795,0.8933060765266418,1.7123994083056135,1.2197336921207318
session_20260812_134202_hold_breath_off_hold_breath_off_w00018,session_20260812_134202_hold_breath_off_hold_breath_off,/Users/jandonyggarofalo/Documents/Desa/UNI/Semestre7/embebidos/esp-csi/examples/get-started/csi_send/data/raw/session_20260812_134202_hold_breath_off_hold_breath_off.csv,46.0,54.0,breathing,accepted,,trusted_breathing,breathing,820,71.607,0.00259146,36.13262069831761,0.7378212871529688,48.972049637783684,10.193959254932478,6,1.287982633609484,0.25,59.46353680143059,0.849906861782074,1.5578994620812339,1.2197336921207318
session_20260812_134202_hold_breath_off_hold_breath_off_w00019,session_20260812_134202_hold_breath_off_hold_breath_off,/Users/jandonyggarofalo/Documents/Desa/UNI/Semestre7/embebidos/esp-csi/examples/get-started/csi_send/data/raw/session_20260812_134202_hold_breath_off_hold_breath_off.csv,48.0,56.0,breathing,accepted,,trusted_breathing,breathing,825,59.207,0.00197917,30.37054132010195,0.9038765934128802,33.60031838571512,58.80915282074021,4,1.3478702705481056,0.125,75.33423514540517,0.8138478398323059,1.7694449231883436,1.2197336921207318
session_20260812_134202_hold_breath_off_hold_breath_off_w00020,session_20260812_134202_hold_breath_off_hold_breath_off,/Users/jandonyggarofalo/Documents/Desa/UNI/Semestre7/embebidos/esp-csi/examples/get-started/csi_send/data/raw/session_20260812_134202_hold_breath_off_hold_breath_off.csv,50.0,58.0,breathing,accepted,,trusted_breathing,breathing,814,56.033,0.00261057,9.14653260549678,0.2260239542153154,40.46709401757977,6.766470720633212,3,1.3806097405338809,0.125,19.102099424436656,0.7649285197257996,0.9612564868865643,1.2197336921207318
session_20260812_134202_hold_breath_off_hold_breath_off_w00021,session_20260812_134202_hold_breath_off_hold_breath_off,/Users/jandonyggarofalo/Documents/Desa/UNI/Semestre7/embebidos/esp-csi/examples/get-started/csi_send/data/raw/session_20260812_134202_hold_breath_off_hold_breath_off.csv,52.0,60.0,breathing,rejected,transition_guard,not_evaluated,,809,,,,,,,,,,,,,
session_20260812_134202_hold_breath_off_hold_breath_off_w00022,session_20260812_134202_hold_breath_off_hold_breath_off,/Users/jandonyggarofalo/Documents/Desa/UNI/Semestre7/embebidos/esp-csi/examples/get-started/csi_send/data/raw/session_20260812_134202_hold_breath_off_hold_breath_off.csv,54.0,62.0,breathing,rejected,mixed_or_unknown_label,not_evaluated,,811,,,,,,,,,,,,,
session_20260812_134202_hold_breath_off_hold_breath_off_w00023,session_20260812_134202_hold_breath_off_hold_breath_off,/Users/jandonyggarofalo/Documents/Desa/UNI/Semestre7/embebidos/esp-csi/examples/get-started/csi_send/data/raw/session_20260812_134202_hold_breath_off_hold_breath_off.csv,56.0,64.0,hold_breath,rejected,mixed_or_unknown_label,not_evaluated,,809,,,,,,,,,,,,,
session_20260812_134202_hold_breath_off_hold_breath_off_w00024,session_20260812_134202_hold_breath_off_hold_breath_off,/Users/jandonyggarofalo/Documents/Desa/UNI/Semestre7/embebidos/esp-csi/examples/get-started/csi_send/data/raw/session_20260812_134202_hold_breath_off_hold_breath_off.csv,58.0,66.0,hold_breath,rejected,mixed_or_unknown_label,not_evaluated,,810,,,,,,,,,,,,,
session_20260812_134202_hold_breath_off_hold_breath_off_w00025,session_20260812_134202_hold_breath_off_hold_breath_off,/Users/jandonyggarofalo/Documents/Desa/UNI/Semestre7/embebidos/esp-csi/examples/get-started/csi_send/data/raw/session_20260812_134202_hold_breath_off_hold_breath_off.csv,60.0,68.0,hold_breath,rejected,transition_guard,not_evaluated,,809,,,,,,,,,,,,,
session_20260812_134202_hold_breath_off_hold_breath_off_w00026,session_20260812_134202_hold_breath_off_hold_breath_off,/Users/jandonyggarofalo/Documents/Desa/UNI/Semestre7/embebidos/esp-csi/examples/get-started/csi_send/data/raw/session_20260812_134202_hold_breath_off_hold_breath_off.csv,62.0,70.0,hold_breath,accepted,,ambiguous_breathing_evidence,,808,43.996,0.00291035,50.26668588424503,1.2229257707713788,41.10362794341758,56.17233111858296,6,1.4003969641801168,0.125,96.56175055605915,0.7081362009048462,1.749522447214767,1.2197336921207318
session_20260812_134202_hold_breath_off_hold_breath_off_w00027,session_20260812_134202_hold_breath_off_hold_breath_off,/Users/jandonyggarofalo/Documents/Desa/UNI/Semestre7/embebidos/esp-csi/examples/get-started/csi_send/data/raw/session_20260812_134202_hold_breath_off_hold_breath_off.csv,64.0,72.0,hold_breath,accepted,,ambiguous_breathing_evidence,,807,43.996,0.00700898,57.572522907705206,1.1740287425272584,49.038427103346194,24.4122220681148,6,1.2330230550944101,0.375,128.58213423929269,0.5153913497924805,1.760215261257941,1.2197336921207318
session_20260812_134202_hold_breath_off_hold_breath_off_w00028,session_20260812_134202_hold_breath_off_hold_breath_off,/Users/jandonyggarofalo/Documents/Desa/UNI/Semestre7/embebidos/esp-csi/examples/get-started/csi_send/data/raw/session_20260812_134202_hold_breath_off_hold_breath_off.csv,66.0,74.0,hold_breath,accepted,,ambiguous_breathing_evidence,,807,43.996,0.01475372,1419.7822450012163,29.117179041110514,48.76098206480025,489.6311982151245,3,1.3608939066202885,0.25,2226.071756777911,0.5450811982154846,3.1522217408294,1.2197336921207318
session_20260812_134202_hold_breath_off_hold_breath_off_w00029,session_20260812_134202_hold_breath_off_hold_breath_off,/Users/jandonyggarofalo/Documents/Desa/UNI/Semestre7/embebidos/esp-csi/examples/get-started/csi_send/data/raw/session_20260812_134202_hold_breath_off_hold_breath_off.csv,68.0,76.0,hold_breath,accepted,,ambiguous_breathing_evidence,,814,39.245,0.00417498,2194.1614170724683,44.106983136688896,49.746349920887695,569.0557991592334,3,1.2289004040306508,0.25,4268.251785858663,0.5850611329078674,3.341268573997667,1.2197336921207318
session_20260812_134202_hold_breath_off_hold_breath_off_w00030,session_20260812_134202_hold_breath_off_hold_breath_off,/Users/jandonyggarofalo/Documents/Desa/UNI/Semestre7/embebidos/esp-csi/examples/get-started/csi_send/data/raw/session_20260812_134202_hold_breath_off_hold_breath_off.csv,70.0,78.0,hold_breath,accepted,,ambiguous_breathing_evidence,,816,39.245,0.00386795,1654.9440091341148,36.20058522061487,45.71594627679225,1064.6840918404343,4,1.233775171984879,0.25,3701.3496273053347,0.5844547152519226,3.218783305099393,1.2197336921207318
session_20260812_134202_hold_breath_off_hold_breath_off_w00031,session_20260812_134202_hold_breath_off_hold_breath_off,/Users/jandonyggarofalo/Documents/Desa/UNI/Semestre7/embebidos/esp-csi/examples/get-started/csi_send/data/raw/session_20260812_134202_hold_breath_off_hold_breath_off.csv,72.0,80.0,hold_breath,accepted,,ambiguous_breathing_evidence,,817,42.218,0.00328947,419.52086087409066,8.534408394637554,49.1564079752312,160.13660965363022,5,1.2464979030794974,0.375,770.2013362211046,0.537063479423523,2.6227535612010753,1.2197336921207318
session_20260812_134202_hold_breath_off_hold_breath_off_w00032,session_20260812_134202_hold_breath_off_hold_breath_off,/Users/jandonyggarofalo/Documents/Desa/UNI/Semestre7/embebidos/esp-csi/examples/get-started/csi_send/data/raw/session_20260812_134202_hold_breath_off_hold_breath_off.csv,74.0,82.0,hold_breath,accepted,,ambiguous_breathing_evidence,,818,42.218,0.00641809,1134.4552669055113,32.75264516837562,34.63705789481858,1669.5295103516785,2,1.0246565848617486,0.125,3723.417633369946,0.6681923866271973,3.2225940999819582,1.2197336921207318
session_20260812_134202_hold_breath_off_hold_breath_off_w00033,session_20260812_134202_hold_breath_off_hold_breath_off,/Users/jandonyggarofalo/Documents/Desa/UNI/Semestre7/embebidos/esp-csi/examples/get-started/csi_send/data/raw/session_20260812_134202_hold_breath_off_hold_breath_off.csv,76.0,84.0,hold_breath,accepted,,high_confidence_hold,hold_breath,808,42.218,0.00120862,7.196178508852417,0.2026819983247492,35.50477382449508,8.637572026642934,7,1.35882891573226,0.5,16.916838621495252,0.6184794902801514,0.9363916818750002,1.2197336921207318
session_20260812_134202_hold_breath_off_hold_breath_off_w00034,session_20260812_134202_hold_breath_off_hold_breath_off,/Users/jandonyggarofalo/Documents/Desa/UNI/Semestre7/embebidos/esp-csi/examples/get-started/csi_send/data/raw/session_20260812_134202_hold_breath_off_hold_breath_off.csv,78.0,86.0,hold_breath,accepted,,ambiguous_breathing_evidence,,811,61.321,0.00154131,29.474673595676258,0.7206651097825153,40.89926540849233,19.241804812547542,4,1.6199693501940904,0.125,49.25660374275498,0.6790558695793152,1.469449004390328,1.2197336921207318
session_20260812_134202_hold_breath_off_hold_breath_off_w00035,session_20260812_134202_hold_breath_off_hold_breath_off,/Users/jandonyggarofalo/Documents/Desa/UNI/Semestre7/embebidos/esp-csi/examples/get-started/csi_send/data/raw/session_20260812_134202_hold_breath_off_hold_breath_off.csv,80.0,88.0,hold_breath,accepted,,ambiguous_breathing_evidence,,816,74.659,0.00247013,8.680085688500746,0.280306941151479,30.966360136544125,24.398333416442693,6,1.295523131994568,0.125,18.77798606069562,0.7166596055030823,1.2736490123375792,1.2197336921207318
session_20260812_134202_hold_breath_off_hold_breath_off_w00036,session_20260812_134202_hold_breath_off_hold_breath_off,/Users/jandonyggarofalo/Documents/Desa/UNI/Semestre7/embebidos/esp-csi/examples/get-started/csi_send/data/raw/session_20260812_134202_hold_breath_off_hold_breath_off.csv,82.0,90.0,hold_breath,accepted,,ambiguous_breathing_evidence,,820,74.659,0.00113377,48.06582899715003,1.2808802278553113,37.52562335792573,48.567541609163094,3,1.2536751537200472,0.125,129.85804180267132,0.7042819261550903,1.6863461209201132,1.2197336921207318
session_20260812_134202_hold_breath_off_hold_breath_off_w00037,session_20260812_134202_hold_breath_off_hold_breath_off,/Users/jandonyggarofalo/Documents/Desa/UNI/Semestre7/embebidos/esp-csi/examples/get-started/csi_send/data/raw/session_20260812_134202_hold_breath_off_hold_breath_off.csv,84.0,92.0,hold_breath,accepted,,ambiguous_breathing_evidence,,826,74.659,0.00128632,24.605073398804066,0.7140470555958152,34.45861614573656,41.87222147893125,5,1.2826693169664427,0.125,70.25975936700672,0.7320261001586914,1.6219260024591549,1.2197336921207318
session_20260812_134202_hold_breath_off_hold_breath_off_w00038,session_20260812_134202_hold_breath_off_hold_breath_off,/Users/jandonyggarofalo/Documents/Desa/UNI/Semestre7/embebidos/esp-csi/examples/get-started/csi_send/data/raw/session_20260812_134202_hold_breath_off_hold_breath_off.csv,86.0,94.0,hold_breath,accepted,,ambiguous_breathing_evidence,,821,74.659,0.00051386,65.73271323401828,1.8134527270046288,36.24727143704268,92.42496078168547,4,1.0554059554883148,0.125,211.72863497469143,0.7356016635894775,1.965789274962745,1.2197336921207318
session_20260812_134202_hold_breath_off_hold_breath_off_w00039,session_20260812_134202_hold_breath_off_hold_breath_off,/Users/jandonyggarofalo/Documents/Desa/UNI/Semestre7/embebidos/esp-csi/examples/get-started/csi_send/data/raw/session_20260812_134202_hold_breath_off_hold_breath_off.csv,88.0,96.0,hold_breath,accepted,,ambiguous_breathing_evidence,,820,60.957,0.00068598,59.57513473415308,1.2964498123080317,45.95251907827211,49.76816144403396,5,1.516971557845479,0.25,100.05531551838257,0.779729962348938,1.775065033212929,1.2197336921207318
session_20260812_134202_hold_breath_off_hold_breath_off_w00040,session_20260812_134202_hold_breath_off_hold_breath_off,/Users/jandonyggarofalo/Documents/Desa/UNI/Semestre7/embebidos/esp-csi/examples/get-started/csi_send/data/raw/session_20260812_134202_hold_breath_off_hold_breath_off.csv,90.0,98.0,hold_breath,accepted,,ambiguous_breathing_evidence,,821,60.957,0.00235041,93.67627919348769,1.8909266376301685,49.53988025195907,26.551477575720632,4,1.1401947299331057,0.375,193.4612458905949,0.804688036441803,1.9716296323009868,1.2197336921207318
session_20260812_134202_hold_breath_off_hold_breath_off_w00041,session_20260812_134202_hold_breath_off_hold_breath_off,/Users/jandonyggarofalo/Documents/Desa/UNI/Semestre7/embebidos/esp-csi/examples/get-started/csi_send/data/raw/session_20260812_134202_hold_breath_off_hold_breath_off.csv,92.0,100.0,hold_breath,accepted,,ambiguous_breathing_evidence,,827,60.957,0.00395821,80.33655778873703,1.6197499994751858,49.598121818007236,40.95999910878918,6,1.0114993655183935,0.375,190.9857406283026,0.8185722827911377,1.9049132194122924,1.2197336921207318
session_20260812_134202_hold_breath_off_hold_breath_off_w00042,session_20260812_134202_hold_breath_off_hold_breath_off,/Users/jandonyggarofalo/Documents/Desa/UNI/Semestre7/embebidos/esp-csi/examples/get-started/csi_send/data/raw/session_20260812_134202_hold_breath_off_hold_breath_off.csv,94.0,102.0,hold_breath,accepted,,ambiguous_breathing_evidence,,828,60.957,0.00799177,586.4766458150948,16.534669493489442,35.46951126213836,777.7488945765012,2,1.2176315925717773,0.125,1673.2131153691062,0.8610754013061523,2.8908394025134103,1.2197336921207318
session_20260812_134202_hold_breath_off_hold_breath_off_w00043,session_20260812_134202_hold_breath_off_hold_breath_off,/Users/jandonyggarofalo/Documents/Desa/UNI/Semestre7/embebidos/esp-csi/examples/get-started/csi_send/data/raw/session_20260812_134202_hold_breath_off_hold_breath_off.csv,96.0,104.0,hold_breath,accepted,,ambiguous_breathing_evidence,,826,34.075,0.00607219,54.80973602730997,1.2328486845668485,44.457796575840504,53.39851769473251,5,1.4503793098632043,0.375,95.74441411329764,0.822147786617279,1.7388577104436966,1.2197336921207318
session_20260812_134202_hold_breath_off_hold_breath_off_w00044,session_20260812_134202_hold_breath_off_hold_breath_off,/Users/jandonyggarofalo/Documents/Desa/UNI/Semestre7/embebidos/esp-csi/examples/get-started/csi_send/data/raw/session_20260812_134202_hold_breath_off_hold_breath_off.csv,98.0,106.0,hold_breath,rejected,transition_guard,not_evaluated,,827,,,,,,,,,,,,,
session_20260812_134404_hold_breath_off_hold_breath_off_w00000,session_20260812_134404_hold_breath_off_hold_breath_off,/Users/jandonyggarofalo/Documents/Desa/UNI/Semestre7/embebidos/esp-csi/examples/get-started/csi_send/data/raw/session_20260812_134404_hold_breath_off_hold_breath_off.csv,10.0,18.0,breathing,accepted,,trusted_breathing,breathing,771,68.505,0.00165167,323.4429503219714,7.102277515123097,45.540736704980745,211.55043577448544,5,1.525790931888919,0.375,547.7527495255231,0.8096148371696472,2.5097976898106187,2.5097976898106187
session_20260812_134404_hold_breath_off_hold_breath_off_w00001,session_20260812_134404_hold_breath_off_hold_breath_off,/Users/jandonyggarofalo/Documents/Desa/UNI/Semestre7/embebidos/esp-csi/examples/get-started/csi_send/data/raw/session_20260812_134404_hold_breath_off_hold_breath_off.csv,12.0,20.0,breathing,accepted,,trusted_breathing,breathing,782,68.505,0.00144861,930.1927715241551,22.347046040078734,41.62486486383219,600.834618987188,3,1.2851107942272306,0.125,1935.3680787247708,0.7960562705993652,2.9685729603105555,2.5097976898106187
session_20260812_134404_hold_breath_off_hold_breath_off_w00002,session_20260812_134404_hold_breath_off_hold_breath_off,/Users/jandonyggarofalo/Documents/Desa/UNI/Semestre7/embebidos/esp-csi/examples/get-started/csi_send/data/raw/session_20260812_134404_hold_breath_off_hold_breath_off.csv,14.0,22.0,breathing,accepted,,trusted_breathing,breathing,796,39.891,0.00144276,128.44712012600291,2.73101488784635,47.032742552072996,108.77099206414199,6,1.2241406860319384,0.375,318.95187870910377,0.7827038168907166,2.108724371526414,2.5097976898106187
session_20260812_134404_hold_breath_off_hold_breath_off_w00003,session_20260812_134404_hold_breath_off_hold_breath_off,/Users/jandonyggarofalo/Documents/Desa/UNI/Semestre7/embebidos/esp-csi/examples/get-started/csi_send/data/raw/session_20260812_134404_hold_breath_off_hold_breath_off.csv,16.0,24.0,breathing,accepted,,trusted_breathing,breathing,801,43.442,0.00096559,77.69309288521335,1.648313881001074,47.13488964734113,59.021515975540666,4,1.210546716462298,0.25,189.8044509112821,0.7651705741882324,1.8903824106262064,2.5097976898106187
session_20260812_134404_hold_breath_off_hold_breath_off_w00004,session_20260812_134404_hold_breath_off_hold_breath_off,/Users/jandonyggarofalo/Documents/Desa/UNI/Semestre7/embebidos/esp-csi/examples/get-started/csi_send/data/raw/session_20260812_134404_hold_breath_off_hold_breath_off.csv,18.0,26.0,breathing,rejected,time_gap,not_evaluated,,808,128.672,,,,,,,,,,,,
session_20260812_134404_hold_breath_off_hold_breath_off_w00005,session_20260812_134404_hold_breath_off_hold_breath_off,/Users/jandonyggarofalo/Documents/Desa/UNI/Semestre7/embebidos/esp-csi/examples/get-started/csi_send/data/raw/session_20260812_134404_hold_breath_off_hold_breath_off.csv,20.0,28.0,breathing,rejected,time_gap,not_evaluated,,794,128.672,,,,,,,,,,,,
session_20260812_134404_hold_breath_off_hold_breath_off_w00006,session_20260812_134404_hold_breath_off_hold_breath_off,/Users/jandonyggarofalo/Documents/Desa/UNI/Semestre7/embebidos/esp-csi/examples/get-started/csi_send/data/raw/session_20260812_134404_hold_breath_off_hold_breath_off.csv,22.0,30.0,breathing,rejected,time_gap,not_evaluated,,791,128.672,,,,,,,,,,,,
session_20260812_134404_hold_breath_off_hold_breath_off_w00007,session_20260812_134404_hold_breath_off_hold_breath_off,/Users/jandonyggarofalo/Documents/Desa/UNI/Semestre7/embebidos/esp-csi/examples/get-started/csi_send/data/raw/session_20260812_134404_hold_breath_off_hold_breath_off.csv,24.0,32.0,breathing,rejected,time_gap,not_evaluated,,793,128.672,,,,,,,,,,,,
session_20260812_134404_hold_breath_off_hold_breath_off_w00008,session_20260812_134404_hold_breath_off_hold_breath_off,/Users/jandonyggarofalo/Documents/Desa/UNI/Semestre7/embebidos/esp-csi/examples/get-started/csi_send/data/raw/session_20260812_134404_hold_breath_off_hold_breath_off.csv,26.0,34.0,breathing,accepted,,trusted_breathing,breathing,778,68.181,0.0,150.59276664561472,3.3637178864636113,44.769737453783065,94.62058734889408,6,1.5953345250060733,0.5,213.2632023288255,0.7971092462539673,2.1778041120948384,2.5097976898106187
session_20260812_134404_hold_breath_off_hold_breath_off_w00009,session_20260812_134404_hold_breath_off_hold_breath_off,/Users/jandonyggarofalo/Documents/Desa/UNI/Semestre7/embebidos/esp-csi/examples/get-started/csi_send/data/raw/session_20260812_134404_hold_breath_off_hold_breath_off.csv,28.0,36.0,breathing,rejected,time_gap,not_evaluated,,784,101.735,,,,,,,,,,,,
session_20260812_134404_hold_breath_off_hold_breath_off_w00010,session_20260812_134404_hold_breath_off_hold_breath_off,/Users/jandonyggarofalo/Documents/Desa/UNI/Semestre7/embebidos/esp-csi/examples/get-started/csi_send/data/raw/session_20260812_134404_hold_breath_off_hold_breath_off.csv,30.0,38.0,breathing,rejected,time_gap,not_evaluated,,789,118.346,,,,,,,,,,,,
session_20260812_134404_hold_breath_off_hold_breath_off_w00011,session_20260812_134404_hold_breath_off_hold_breath_off,/Users/jandonyggarofalo/Documents/Desa/UNI/Semestre7/embebidos/esp-csi/examples/get-started/csi_send/data/raw/session_20260812_134404_hold_breath_off_hold_breath_off.csv,32.0,40.0,breathing,rejected,time_gap,not_evaluated,,780,118.346,,,,,,,,,,,,
session_20260812_134404_hold_breath_off_hold_breath_off_w00012,session_20260812_134404_hold_breath_off_hold_breath_off,/Users/jandonyggarofalo/Documents/Desa/UNI/Semestre7/embebidos/esp-csi/examples/get-started/csi_send/data/raw/session_20260812_134404_hold_breath_off_hold_breath_off.csv,34.0,42.0,breathing,rejected,time_gap,not_evaluated,,796,118.346,,,,,,,,,,,,
session_20260812_134404_hold_breath_off_hold_breath_off_w00013,session_20260812_134404_hold_breath_off_hold_breath_off,/Users/jandonyggarofalo/Documents/Desa/UNI/Semestre7/embebidos/esp-csi/examples/get-started/csi_send/data/raw/session_20260812_134404_hold_breath_off_hold_breath_off.csv,36.0,44.0,breathing,accepted,,trusted_breathing,breathing,812,46.619,0.00100062,472.9212221298227,11.609153853487511,40.73692433559329,525.1120459073344,5,1.3300372478355125,0.125,1130.7216618273187,0.722432553768158,2.7202519809819354,2.5097976898106187
session_20260812_134404_hold_breath_off_hold_breath_off_w00014,session_20260812_134404_hold_breath_off_hold_breath_off,/Users/jandonyggarofalo/Documents/Desa/UNI/Semestre7/embebidos/esp-csi/examples/get-started/csi_send/data/raw/session_20260812_134404_hold_breath_off_hold_breath_off.csv,38.0,46.0,breathing,accepted,,trusted_breathing,breathing,804,54.904,0.000515,755.6180148934469,17.14028939484106,44.08432071869401,387.4346698679648,5,1.568842318871451,0.375,1201.7735978140372,0.7453229427337646,2.8783023035054227,2.5097976898106187
session_20260812_134404_hold_breath_off_hold_breath_off_w00015,session_20260812_134404_hold_breath_off_hold_breath_off,/Users/jandonyggarofalo/Documents/Desa/UNI/Semestre7/embebidos/esp-csi/examples/get-started/csi_send/data/raw/session_20260812_134404_hold_breath_off_hold_breath_off.csv,40.0,48.0,breathing,accepted,,trusted_breathing,breathing,810,54.904,9.65e-06,1151.911852534519,30.231556322544858,38.10296235643863,1263.3432137763416,6,1.6002854978834278,0.125,2052.8998059824735,0.7986138463020325,3.101521351822366,2.5097976898106187
session_20260812_134404_hold_breath_off_hold_breath_off_w00016,session_20260812_134404_hold_breath_off_hold_breath_off,/Users/jandonyggarofalo/Documents/Desa/UNI/Semestre7/embebidos/esp-csi/examples/get-started/csi_send/data/raw/session_20260812_134404_hold_breath_off_hold_breath_off.csv,42.0,50.0,breathing,accepted,,trusted_breathing,breathing,806,54.904,2.908e-05,1050.172463945102,28.370039995327776,37.016953945712324,1358.370537561279,6,1.513493938150962,0.125,2292.061788133172,0.8410127758979797,3.1330182533523794,2.5097976898106187
session_20260812_134404_hold_breath_off_hold_breath_off_w00017,session_20260812_134404_hold_breath_off_hold_breath_off,/Users/jandonyggarofalo/Documents/Desa/UNI/Semestre7/embebidos/esp-csi/examples/get-started/csi_send/data/raw/session_20260812_134404_hold_breath_off_hold_breath_off.csv,44.0,52.0,breathing,accepted,,trusted_breathing,breathing,797,54.904,2.941e-05,574.2706117936426,14.79973916346403,38.8027522276406,515.7512900502282,2,1.3240176368962935,0.125,1357.5162456781081,0.8649827241897583,2.759116591899443,2.5097976898106187
session_20260812_134404_hold_breath_off_hold_breath_off_w00018,session_20260812_134404_hold_breath_off_hold_breath_off,/Users/jandonyggarofalo/Documents/Desa/UNI/Semestre7/embebidos/esp-csi/examples/get-started/csi_send/data/raw/session_20260812_134404_hold_breath_off_hold_breath_off.csv,46.0,54.0,breathing,accepted,,trusted_breathing,breathing,793,51.1,0.00022659,490.8138403438104,15.10595611100741,32.49141178069037,864.8111446499015,2,0.9903427036639646,0.125,1650.1179762244897,0.8549206256866455,2.9369212776482705,2.5097976898106187
session_20260812_134404_hold_breath_off_hold_breath_off_w00019,session_20260812_134404_hold_breath_off_hold_breath_off,/Users/jandonyggarofalo/Documents/Desa/UNI/Semestre7/embebidos/esp-csi/examples/get-started/csi_send/data/raw/session_20260812_134404_hold_breath_off_hold_breath_off.csv,48.0,56.0,breathing,accepted,,trusted_breathing,breathing,788,64.117,0.00035692,508.9445512687486,14.327105939875821,35.523193128082944,707.0554009833853,4,1.230175811045874,0.125,1475.5911967511274,0.8407278060913086,2.8494534440638497,2.5097976898106187
session_20260812_134404_hold_breath_off_hold_breath_off_w00020,session_20260812_134404_hold_breath_off_hold_breath_off,/Users/jandonyggarofalo/Documents/Desa/UNI/Semestre7/embebidos/esp-csi/examples/get-started/csi_send/data/raw/session_20260812_134404_hold_breath_off_hold_breath_off.csv,50.0,58.0,breathing,accepted,,trusted_breathing,breathing,789,64.117,0.00048519,373.69263063443157,8.803301730080877,42.44914488815959,328.8857306615168,5,1.4862960285890794,0.125,688.1676789131457,0.8074572682380676,2.572514533476188,2.5097976898106187
session_20260812_134404_hold_breath_off_hold_breath_off_w00021,session_20260812_134404_hold_breath_off_hold_breath_off,/Users/jandonyggarofalo/Documents/Desa/UNI/Semestre7/embebidos/esp-csi/examples/get-started/csi_send/data/raw/session_20260812_134404_hold_breath_off_hold_breath_off.csv,52.0,60.0,breathing,rejected,transition_guard,not_evaluated,,793,,,,,,,,,,,,,
session_20260812_134404_hold_breath_off_hold_breath_off_w00022,session_20260812_134404_hold_breath_off_hold_breath_off,/Users/jandonyggarofalo/Documents/Desa/UNI/Semestre7/embebidos/esp-csi/examples/get-started/csi_send/data/raw/session_20260812_134404_hold_breath_off_hold_breath_off.csv,54.0,62.0,breathing,rejected,mixed_or_unknown_label,not_evaluated,,804,,,,,,,,,,,,,
session_20260812_134404_hold_breath_off_hold_breath_off_w00023,session_20260812_134404_hold_breath_off_hold_breath_off,/Users/jandonyggarofalo/Documents/Desa/UNI/Semestre7/embebidos/esp-csi/examples/get-started/csi_send/data/raw/session_20260812_134404_hold_breath_off_hold_breath_off.csv,56.0,64.0,hold_breath,rejected,mixed_or_unknown_label,not_evaluated,,802,,,,,,,,,,,,,
session_20260812_134404_hold_breath_off_hold_breath_off_w00024,session_20260812_134404_hold_breath_off_hold_breath_off,/Users/jandonyggarofalo/Documents/Desa/UNI/Semestre7/embebidos/esp-csi/examples/get-started/csi_send/data/raw/session_20260812_134404_hold_breath_off_hold_breath_off.csv,58.0,66.0,hold_breath,rejected,mixed_or_unknown_label,not_evaluated,,798,,,,,,,,,,,,,
session_20260812_134404_hold_breath_off_hold_breath_off_w00025,session_20260812_134404_hold_breath_off_hold_breath_off,/Users/jandonyggarofalo/Documents/Desa/UNI/Semestre7/embebidos/esp-csi/examples/get-started/csi_send/data/raw/session_20260812_134404_hold_breath_off_hold_breath_off.csv,60.0,68.0,hold_breath,rejected,transition_guard,not_evaluated,,785,,,,,,,,,,,,,
session_20260812_134404_hold_breath_off_hold_breath_off_w00026,session_20260812_134404_hold_breath_off_hold_breath_off,/Users/jandonyggarofalo/Documents/Desa/UNI/Semestre7/embebidos/esp-csi/examples/get-started/csi_send/data/raw/session_20260812_134404_hold_breath_off_hold_breath_off.csv,62.0,70.0,hold_breath,accepted,,ambiguous_breathing_evidence,,772,79.313,0.00221624,521.7183109356138,11.760636015990553,44.36140275289585,348.2871794236005,4,1.5891503503691211,0.375,735.6728474399815,0.7835444211959839,2.7174360795798433,2.5097976898106187
session_20260812_134404_hold_breath_off_hold_breath_off_w00027,session_20260812_134404_hold_breath_off_hold_breath_off,/Users/jandonyggarofalo/Documents/Desa/UNI/Semestre7/embebidos/esp-csi/examples/get-started/csi_send/data/raw/session_20260812_134404_hold_breath_off_hold_breath_off.csv,64.0,72.0,hold_breath,accepted,,ambiguous_breathing_evidence,,775,67.553,0.0030746,301.3035915426382,8.770018024917386,34.356097180933915,504.4825950359247,2,1.1998040047827772,0.125,865.9776473601936,0.7098553776741028,2.7028461874009833,2.5097976898106187
session_20260812_134404_hold_breath_off_hold_breath_off_w00028,session_20260812_134404_hold_breath_off_hold_breath_off,/Users/jandonyggarofalo/Documents/Desa/UNI/Semestre7/embebidos/esp-csi/examples/get-started/csi_send/data/raw/session_20260812_134404_hold_breath_off_hold_breath_off.csv,66.0,74.0,hold_breath,accepted,,high_confidence_hold,hold_breath,770,58.743,0.00382508,207.9692226105054,4.211408565044356,49.3823430803289,82.83293993441335,5,1.2896623206909599,0.375,379.45530439718107,0.6701704263687134,2.317999068427055,2.5097976898106187
session_20260812_134404_hold_breath_off_hold_breath_off_w00029,session_20260812_134404_hold_breath_off_hold_breath_off,/Users/jandonyggarofalo/Documents/Desa/UNI/Semestre7/embebidos/esp-csi/examples/get-started/csi_send/data/raw/session_20260812_134404_hold_breath_off_hold_breath_off.csv,68.0,76.0,hold_breath,rejected,time_gap,not_evaluated,,763,129.781,,,,,,,,,,,,
session_20260812_134404_hold_breath_off_hold_breath_off_w00030,session_20260812_134404_hold_breath_off_hold_breath_off,/Users/jandonyggarofalo/Documents/Desa/UNI/Semestre7/embebidos/esp-csi/examples/get-started/csi_send/data/raw/session_20260812_134404_hold_breath_off_hold_breath_off.csv,70.0,78.0,hold_breath,rejected,time_gap,not_evaluated,,757,129.781,,,,,,,,,,,,
session_20260812_134404_hold_breath_off_hold_breath_off_w00031,session_20260812_134404_hold_breath_off_hold_breath_off,/Users/jandonyggarofalo/Documents/Desa/UNI/Semestre7/embebidos/esp-csi/examples/get-started/csi_send/data/raw/session_20260812_134404_hold_breath_off_hold_breath_off.csv,72.0,80.0,hold_breath,rejected,time_gap,not_evaluated,,751,129.781,,,,,,,,,,,,
session_20260812_134404_hold_breath_off_hold_breath_off_w00032,session_20260812_134404_hold_breath_off_hold_breath_off,/Users/jandonyggarofalo/Documents/Desa/UNI/Semestre7/embebidos/esp-csi/examples/get-started/csi_send/data/raw/session_20260812_134404_hold_breath_off_hold_breath_off.csv,74.0,82.0,hold_breath,rejected,time_gap,not_evaluated,,767,129.781,,,,,,,,,,,,
session_20260812_134404_hold_breath_off_hold_breath_off_w00033,session_20260812_134404_hold_breath_off_hold_breath_off,/Users/jandonyggarofalo/Documents/Desa/UNI/Semestre7/embebidos/esp-csi/examples/get-started/csi_send/data/raw/session_20260812_134404_hold_breath_off_hold_breath_off.csv,76.0,84.0,hold_breath,rejected,time_gap,not_evaluated,,785,114.551,,,,,,,,,,,,
session_20260812_134404_hold_breath_off_hold_breath_off_w00034,session_20260812_134404_hold_breath_off_hold_breath_off,/Users/jandonyggarofalo/Documents/Desa/UNI/Semestre7/embebidos/esp-csi/examples/get-started/csi_send/data/raw/session_20260812_134404_hold_breath_off_hold_breath_off.csv,78.0,86.0,hold_breath,accepted,,high_confidence_hold,hold_breath,800,62.871,0.00166992,20.454643820803955,0.45575847895012334,44.88044603773035,12.712489376585427,6,1.6440104642752187,0.125,27.298614233319622,0.8160908222198486,1.310791921477719,2.5097976898106187
session_20260812_134404_hold_breath_off_hold_breath_off_w00035,session_20260812_134404_hold_breath_off_hold_breath_off,/Users/jandonyggarofalo/Documents/Desa/UNI/Semestre7/embebidos/esp-csi/examples/get-started/csi_send/data/raw/session_20260812_134404_hold_breath_off_hold_breath_off.csv,80.0,88.0,hold_breath,accepted,,high_confidence_hold,hold_breath,809,62.871,0.00157409,66.86631796739064,1.3692373487665277,48.834716660028356,29.927377739961056,5,1.245407565639642,0.375,108.3929923269691,0.773389458656311,1.8252074091806014,2.5097976898106187
session_20260812_134404_hold_breath_off_hold_breath_off_w00036,session_20260812_134404_hold_breath_off_hold_breath_off,/Users/jandonyggarofalo/Documents/Desa/UNI/Semestre7/embebidos/esp-csi/examples/get-started/csi_send/data/raw/session_20260812_134404_hold_breath_off_hold_breath_off.csv,82.0,90.0,hold_breath,accepted,,high_confidence_hold,hold_breath,797,62.871,0.00090182,118.38290918019011,2.4656069776035627,48.013698150385636,49.96077378516289,5,1.2547581144132063,0.375,260.3788251536892,0.7895979881286621,2.0732890082611064,2.5097976898106187
session_20260812_134404_hold_breath_off_hold_breath_off_w00037,session_20260812_134404_hold_breath_off_hold_breath_off,/Users/jandonyggarofalo/Documents/Desa/UNI/Semestre7/embebidos/esp-csi/examples/get-started/csi_send/data/raw/session_20260812_134404_hold_breath_off_hold_breath_off.csv,84.0,92.0,hold_breath,accepted,,high_confidence_hold,hold_breath,799,62.871,0.00137868,106.15663293513119,2.1884895149198247,48.506804447254446,53.32346396136625,5,1.2190098492868793,0.375,258.15817273656944,0.8050786256790161,2.025947135168337,2.5097976898106187
session_20260812_134404_hold_breath_off_hold_breath_off_w00038,session_20260812_134404_hold_breath_off_hold_breath_off,/Users/jandonyggarofalo/Documents/Desa/UNI/Semestre7/embebidos/esp-csi/examples/get-started/csi_send/data/raw/session_20260812_134404_hold_breath_off_hold_breath_off.csv,86.0,94.0,hold_breath,accepted,,high_confidence_hold,hold_breath,794,61.536,0.00132832,133.9742696891437,2.9868430295686776,44.854807689189386,71.78793383573537,5,1.4382570682712297,0.375,268.4737469598829,0.7626147270202637,2.127021398327413,2.5097976898106187
session_20260812_134404_hold_breath_off_hold_breath_off_w00039,session_20260812_134404_hold_breath_off_hold_breath_off,/Users/jandonyggarofalo/Documents/Desa/UNI/Semestre7/embebidos/esp-csi/examples/get-started/csi_send/data/raw/session_20260812_134404_hold_breath_off_hold_breath_off.csv,88.0,96.0,hold_breath,accepted,,high_confidence_hold,hold_breath,793,61.536,0.00399984,228.76734338773525,5.666725932924961,40.370285433870166,178.81741505134684,4,1.4830445766342681,0.125,370.333294326133,0.7583948373794556,2.359394028867752,2.5097976898106187
session_20260812_134404_hold_breath_off_hold_breath_off_w00040,session_20260812_134404_hold_breath_off_hold_breath_off,/Users/jandonyggarofalo/Documents/Desa/UNI/Semestre7/embebidos/esp-csi/examples/get-started/csi_send/data/raw/session_20260812_134404_hold_breath_off_hold_breath_off.csv,90.0,98.0,hold_breath,accepted,,high_confidence_hold,hold_breath,792,63.964,0.00427123,111.53500638939411,2.313175811083167,48.21726297454171,68.59154361130682,7,1.2016966746447608,0.375,194.00388306061953,0.7729016542434692,2.0474111964933774,2.5097976898106187
session_20260812_134404_hold_breath_off_hold_breath_off_w00041,session_20260812_134404_hold_breath_off_hold_breath_off,/Users/jandonyggarofalo/Documents/Desa/UNI/Semestre7/embebidos/esp-csi/examples/get-started/csi_send/data/raw/session_20260812_134404_hold_breath_off_hold_breath_off.csv,92.0,100.0,hold_breath,accepted,,high_confidence_hold,hold_breath,796,63.964,0.00382773,142.53604925933053,3.413044521167965,41.76214179899184,122.78068087514072,6,1.6547541485342268,0.25,204.0730340124704,0.770110547542572,2.1539247170773925,2.5097976898106187
session_20260812_134404_hold_breath_off_hold_breath_off_w00042,session_20260812_134404_hold_breath_off_hold_breath_off,/Users/jandonyggarofalo/Documents/Desa/UNI/Semestre7/embebidos/esp-csi/examples/get-started/csi_send/data/raw/session_20260812_134404_hold_breath_off_hold_breath_off.csv,94.0,102.0,hold_breath,accepted,,ambiguous_breathing_evidence,,795,70.437,0.00358687,956.2836160432582,26.784348989067006,35.703074823045505,1267.0399468170124,2,1.251155444604293,0.125,2723.136987260909,0.8309490084648132,3.1027903073922922,2.5097976898106187
session_20260812_134404_hold_breath_off_hold_breath_off_w00043,session_20260812_134404_hold_breath_off_hold_breath_off,/Users/jandonyggarofalo/Documents/Desa/UNI/Semestre7/embebidos/esp-csi/examples/get-started/csi_send/data/raw/session_20260812_134404_hold_breath_off_hold_breath_off.csv,96.0,104.0,hold_breath,accepted,,high_confidence_hold,hold_breath,799,70.437,0.0021609,133.30317516955841,2.7559427931854876,48.36935494420407,59.80992780355115,4,1.2589366459693296,0.25,285.37610381382007,0.7763329148292542,2.124840494066491,2.5097976898106187
session_20260812_134404_hold_breath_off_hold_breath_off_w00044,session_20260812_134404_hold_breath_off_hold_breath_off,/Users/jandonyggarofalo/Documents/Desa/UNI/Semestre7/embebidos/esp-csi/examples/get-started/csi_send/data/raw/session_20260812_134404_hold_breath_off_hold_breath_off.csv,98.0,106.0,hold_breath,accepted,,high_confidence_hold,hold_breath,800,93.462,0.00069336,158.65358129478145,3.2712591304102348,48.499239885908054,67.50208534019909,4,1.260013028934558,0.375,298.40404629915747,0.7139080762863159,2.2004498798969263,2.5097976898106187
session_20260812_134404_hold_breath_off_hold_breath_off_w00045,session_20260812_134404_hold_breath_off_hold_breath_off,/Users/jandonyggarofalo/Documents/Desa/UNI/Semestre7/embebidos/esp-csi/examples/get-started/csi_send/data/raw/session_20260812_134404_hold_breath_off_hold_breath_off.csv,100.0,108.0,hold_breath,accepted,,ambiguous_breathing_evidence,,800,93.462,0.0009668,427.12621824789926,8.723558149636924,48.96238563683184,111.81751745179385,3,1.3167548903454789,0.25,724.6085229295403,0.7168172597885132,2.6305562305017824,2.5097976898106187
session_20260812_134404_hold_breath_off_hold_breath_off_w00046,session_20260812_134404_hold_breath_off_hold_breath_off,/Users/jandonyggarofalo/Documents/Desa/UNI/Semestre7/embebidos/esp-csi/examples/get-started/csi_send/data/raw/session_20260812_134404_hold_breath_off_hold_breath_off.csv,102.0,110.0,hold_breath,accepted,,ambiguous_breathing_evidence,,795,93.462,0.00054049,342.1577192651789,8.001138339522848,42.76362996687555,223.88565968165568,4,1.3994359607699758,0.125,696.6804839431629,0.7454403638839722,2.5342263423637643,2.5097976898106187
session_20260812_134404_hold_breath_off_hold_breath_off_w00047,session_20260812_134404_hold_breath_off_hold_breath_off,/Users/jandonyggarofalo/Documents/Desa/UNI/Semestre7/embebidos/esp-csi/examples/get-started/csi_send/data/raw/session_20260812_134404_hold_breath_off_hold_breath_off.csv,104.0,112.0,hold_breath,accepted,,ambiguous_breathing_evidence,,793,93.462,0.00078815,335.55234906557644,7.1490071459819164,46.93691616382367,135.16576229841382,6,1.5418767588205107,0.375,467.4265353407036,0.7365236282348633,2.525760283482059,2.5097976898106187
session_20260812_134404_hold_breath_off_hold_breath_off_w00048,session_20260812_134404_hold_breath_off_hold_breath_off,/Users/jandonyggarofalo/Documents/Desa/UNI/Semestre7/embebidos/esp-csi/examples/get-started/csi_send/data/raw/session_20260812_134404_hold_breath_off_hold_breath_off.csv,106.0,114.0,hold_breath,accepted,,high_confidence_hold,hold_breath,804,76.001,0.00102029,284.5280316483233,5.798797901421917,49.066726670799376,91.43830524053996,7,1.276339032180153,0.375,554.9271223010148,0.7486952543258667,2.4541250594498125,2.5097976898106187
session_20260812_134404_hold_breath_off_hold_breath_off_w00049,session_20260812_134404_hold_breath_off_hold_breath_off,/Users/jandonyggarofalo/Documents/Desa/UNI/Semestre7/embebidos/esp-csi/examples/get-started/csi_send/data/raw/session_20260812_134404_hold_breath_off_hold_breath_off.csv,108.0,116.0,hold_breath,accepted,,ambiguous_breathing_evidence,,794,64.145,0.00154479,730.6750411068547,22.0890667379255,33.07858361676729,1238.4439626402745,2,1.0924019241696656,0.125,2407.1685544826623,0.7580621242523193,3.0928763603229887,2.5097976898106187
session_20260812_134404_hold_breath_off_hold_breath_off_w00050,session_20260812_134404_hold_breath_off_hold_breath_off,/Users/jandonyggarofalo/Documents/Desa/UNI/Semestre7/embebidos/esp-csi/examples/get-started/csi_send/data/raw/session_20260812_134404_hold_breath_off_hold_breath_off.csv,110.0,118.0,hold_breath,accepted,,high_confidence_hold,hold_breath,807,52.318,0.00146182,61.25203241889276,1.8498021646819989,33.11274772423544,92.19536786117996,2,1.1646292881565254,0.125,186.85241003439393,0.6863523721694946,1.964709101499784,2.5097976898106187
session_20260812_134404_hold_breath_off_hold_breath_off_w00051,session_20260812_134404_hold_breath_off_hold_breath_off,/Users/jandonyggarofalo/Documents/Desa/UNI/Semestre7/embebidos/esp-csi/examples/get-started/csi_send/data/raw/session_20260812_134404_hold_breath_off_hold_breath_off.csv,112.0,120.0,hold_breath,accepted,,high_confidence_hold,hold_breath,807,57.376,0.00158767,27.108566487237965,0.5703033146747442,47.53359447446139,9.264442027492754,3,1.299755292307751,0.25,53.347083860560645,0.666927695274353,1.4331065525069937,2.5097976898106187
session_20260812_134404_hold_breath_off_hold_breath_off_w00052,session_20260812_134404_hold_breath_off_hold_breath_off,/Users/jandonyggarofalo/Documents/Desa/UNI/Semestre7/embebidos/esp-csi/examples/get-started/csi_send/data/raw/session_20260812_134404_hold_breath_off_hold_breath_off.csv,114.0,122.0,hold_breath,accepted,,high_confidence_hold,hold_breath,806,57.376,0.00156056,58.04635799801615,1.4848980453494216,39.091140418544875,66.86951186051617,5,1.4647533311389869,0.125,99.2840427105289,0.6998629570007324,1.8252281529134105,2.5097976898106187
session_20260812_134404_hold_breath_off_hold_breath_off_w00053,session_20260812_134404_hold_breath_off_hold_breath_off,/Users/jandonyggarofalo/Documents/Desa/UNI/Semestre7/embebidos/esp-csi/examples/get-started/csi_send/data/raw/session_20260812_134404_hold_breath_off_hold_breath_off.csv,116.0,124.0,hold_breath,accepted,,high_confidence_hold,hold_breath,806,58.851,0.00135701,41.91989108617455,1.0596782747736244,39.55907380953922,45.46498315169581,5,1.433917548650015,0.125,82.08742401803228,0.6773675680160522,1.6576770344835376,2.5097976898106187
session_20260812_134404_hold_breath_off_hold_breath_off_w00054,session_20260812_134404_hold_breath_off_hold_breath_off,/Users/jandonyggarofalo/Documents/Desa/UNI/Semestre7/embebidos/esp-csi/examples/get-started/csi_send/data/raw/session_20260812_134404_hold_breath_off_hold_breath_off.csv,118.0,126.0,hold_breath,accepted,,high_confidence_hold,hold_breath,794,70.014,0.00191869,10.322403823292607,0.21506903324490104,47.99576985818501,5.728879684182602,6,1.2360691830392125,0.375,21.10213267128509,0.6696906089782715,1.0137808451231543,2.5097976898106187
session_20260812_134404_hold_breath_off_hold_breath_off_w00055,session_20260812_134404_hold_breath_off_hold_breath_off,/Users/jandonyggarofalo/Documents/Desa/UNI/Semestre7/embebidos/esp-csi/examples/get-started/csi_send/data/raw/session_20260812_134404_hold_breath_off_hold_breath_off.csv,120.0,128.0,hold_breath,accepted,,high_confidence_hold,hold_breath,790,71.414,0.00105815,91.39483628588732,2.0652383293791514,44.253893115240615,53.82967900699343,4,1.2699026308819792,0.125,195.58512737218558,0.7190115451812744,1.9609216592360725,2.5097976898106187
session_20260812_134404_hold_breath_off_hold_breath_off_w00056,session_20260812_134404_hold_breath_off_hold_breath_off,/Users/jandonyggarofalo/Documents/Desa/UNI/Semestre7/embebidos/esp-csi/examples/get-started/csi_send/data/raw/session_20260812_134404_hold_breath_off_hold_breath_off.csv,122.0,130.0,hold_breath,rejected,time_gap,not_evaluated,,792,173.628,,,,,,,,,,,,
session_20260812_134404_hold_breath_off_hold_breath_off_w00057,session_20260812_134404_hold_breath_off_hold_breath_off,/Users/jandonyggarofalo/Documents/Desa/UNI/Semestre7/embebidos/esp-csi/examples/get-started/csi_send/data/raw/session_20260812_134404_hold_breath_off_hold_breath_off.csv,124.0,132.0,hold_breath,rejected,time_gap,not_evaluated,,799,173.628,,,,,,,,,,,,
session_20260812_134940_hold_breath_off_hold_breath_off_w00000,session_20260812_134940_hold_breath_off_hold_breath_off,/Users/jandonyggarofalo/Documents/Desa/UNI/Semestre7/embebidos/esp-csi/examples/get-started/csi_send/data/raw/session_20260812_134940_hold_breath_off_hold_breath_off.csv,10.0,18.0,breathing,accepted,,trusted_breathing,breathing,796,92.211,0.00089314,19.969987746908775,0.4098616711372123,48.72372596210529,10.289410843151328,4,1.226836086057269,0.25,42.57889179234809,0.885513961315155,1.300377798398439,1.3819633485716338
session_20260812_134940_hold_breath_off_hold_breath_off_w00001,session_20260812_134940_hold_breath_off_hold_breath_off,/Users/jandonyggarofalo/Documents/Desa/UNI/Semestre7/embebidos/esp-csi/examples/get-started/csi_send/data/raw/session_20260812_134940_hold_breath_off_hold_breath_off.csv,12.0,20.0,breathing,accepted,,trusted_breathing,breathing,794,64.575,0.00198756,42.336992047832915,0.905267120094897,46.76740280078665,19.00073666279689,6,1.3564824292152462,0.375,79.36356433083154,0.8921557068824768,1.6267199990912184,1.3819633485716338
session_20260812_134940_hold_breath_off_hold_breath_off_w00002,session_20260812_134940_hold_breath_off_hold_breath_off,/Users/jandonyggarofalo/Documents/Desa/UNI/Semestre7/embebidos/esp-csi/examples/get-started/csi_send/data/raw/session_20260812_134940_hold_breath_off_hold_breath_off.csv,14.0,22.0,breathing,rejected,time_gap,not_evaluated,,785,113.454,,,,,,,,,,,,
session_20260812_134940_hold_breath_off_hold_breath_off_w00003,session_20260812_134940_hold_breath_off_hold_breath_off,/Users/jandonyggarofalo/Documents/Desa/UNI/Semestre7/embebidos/esp-csi/examples/get-started/csi_send/data/raw/session_20260812_134940_hold_breath_off_hold_breath_off.csv,16.0,24.0,breathing,rejected,time_gap,not_evaluated,,647,113.454,,,,,,,,,,,,
session_20260812_134940_hold_breath_off_hold_breath_off_w00004,session_20260812_134940_hold_breath_off_hold_breath_off,/Users/jandonyggarofalo/Documents/Desa/UNI/Semestre7/embebidos/esp-csi/examples/get-started/csi_send/data/raw/session_20260812_134940_hold_breath_off_hold_breath_off.csv,18.0,26.0,breathing,rejected,time_gap,not_evaluated,,482,2632.927,,,,,,,,,,,,
session_20260812_134940_hold_breath_off_hold_breath_off_w00005,session_20260812_134940_hold_breath_off_hold_breath_off,/Users/jandonyggarofalo/Documents/Desa/UNI/Semestre7/embebidos/esp-csi/examples/get-started/csi_send/data/raw/session_20260812_134940_hold_breath_off_hold_breath_off.csv,20.0,28.0,breathing,rejected,insufficient_samples,not_evaluated,,283,,,,,,,,,,,,,
session_20260812_134940_hold_breath_off_hold_breath_off_w00006,session_20260812_134940_hold_breath_off_hold_breath_off,/Users/jandonyggarofalo/Documents/Desa/UNI/Semestre7/embebidos/esp-csi/examples/get-started/csi_send/data/raw/session_20260812_134940_hold_breath_off_hold_breath_off.csv,22.0,30.0,breathing,rejected,insufficient_samples,not_evaluated,,90,,,,,,,,,,,,,
session_20260812_134940_hold_breath_off_hold_breath_off_w00007,session_20260812_134940_hold_breath_off_hold_breath_off,/Users/jandonyggarofalo/Documents/Desa/UNI/Semestre7/embebidos/esp-csi/examples/get-started/csi_send/data/raw/session_20260812_134940_hold_breath_off_hold_breath_off.csv,24.0,32.0,breathing,rejected,insufficient_samples,not_evaluated,,103,,,,,,,,,,,,,
session_20260812_134940_hold_breath_off_hold_breath_off_w00008,session_20260812_134940_hold_breath_off_hold_breath_off,/Users/jandonyggarofalo/Documents/Desa/UNI/Semestre7/embebidos/esp-csi/examples/get-started/csi_send/data/raw/session_20260812_134940_hold_breath_off_hold_breath_off.csv,26.0,34.0,breathing,rejected,insufficient_samples,not_evaluated,,264,,,,,,,,,,,,,
session_20260812_134940_hold_breath_off_hold_breath_off_w00009,session_20260812_134940_hold_breath_off_hold_breath_off,/Users/jandonyggarofalo/Documents/Desa/UNI/Semestre7/embebidos/esp-csi/examples/get-started/csi_send/data/raw/session_20260812_134940_hold_breath_off_hold_breath_off.csv,28.0,36.0,breathing,rejected,time_gap,not_evaluated,,463,246.196,,,,,,,,,,,,
session_20260812_134940_hold_breath_off_hold_breath_off_w00010,session_20260812_134940_hold_breath_off_hold_breath_off,/Users/jandonyggarofalo/Documents/Desa/UNI/Semestre7/embebidos/esp-csi/examples/get-started/csi_send/data/raw/session_20260812_134940_hold_breath_off_hold_breath_off.csv,30.0,38.0,breathing,rejected,time_gap,not_evaluated,,664,246.196,,,,,,,,,,,,
session_20260812_134940_hold_breath_off_hold_breath_off_w00011,session_20260812_134940_hold_breath_off_hold_breath_off,/Users/jandonyggarofalo/Documents/Desa/UNI/Semestre7/embebidos/esp-csi/examples/get-started/csi_send/data/raw/session_20260812_134940_hold_breath_off_hold_breath_off.csv,32.0,40.0,breathing,rejected,time_gap,not_evaluated,,666,246.196,,,,,,,,,,,,
session_20260812_134940_hold_breath_off_hold_breath_off_w00012,session_20260812_134940_hold_breath_off_hold_breath_off,/Users/jandonyggarofalo/Documents/Desa/UNI/Semestre7/embebidos/esp-csi/examples/get-started/csi_send/data/raw/session_20260812_134940_hold_breath_off_hold_breath_off.csv,34.0,42.0,breathing,rejected,time_gap,not_evaluated,,531,2782.838,,,,,,,,,,,,
session_20260812_134940_hold_breath_off_hold_breath_off_w00013,session_20260812_134940_hold_breath_off_hold_breath_off,/Users/jandonyggarofalo/Documents/Desa/UNI/Semestre7/embebidos/esp-csi/examples/get-started/csi_send/data/raw/session_20260812_134940_hold_breath_off_hold_breath_off.csv,36.0,44.0,breathing,rejected,time_gap,not_evaluated,,535,2782.838,,,,,,,,,,,,
session_20260812_134940_hold_breath_off_hold_breath_off_w00014,session_20260812_134940_hold_breath_off_hold_breath_off,/Users/jandonyggarofalo/Documents/Desa/UNI/Semestre7/embebidos/esp-csi/examples/get-started/csi_send/data/raw/session_20260812_134940_hold_breath_off_hold_breath_off.csv,38.0,46.0,breathing,rejected,time_gap,not_evaluated,,530,2782.838,,,,,,,,,,,,
session_20260812_134940_hold_breath_off_hold_breath_off_w00015,session_20260812_134940_hold_breath_off_hold_breath_off,/Users/jandonyggarofalo/Documents/Desa/UNI/Semestre7/embebidos/esp-csi/examples/get-started/csi_send/data/raw/session_20260812_134940_hold_breath_off_hold_breath_off.csv,40.0,48.0,breathing,rejected,time_gap,not_evaluated,,529,166.675,,,,,,,,,,,,
session_20260812_134940_hold_breath_off_hold_breath_off_w00016,session_20260812_134940_hold_breath_off_hold_breath_off,/Users/jandonyggarofalo/Documents/Desa/UNI/Semestre7/embebidos/esp-csi/examples/get-started/csi_send/data/raw/session_20260812_134940_hold_breath_off_hold_breath_off.csv,42.0,50.0,breathing,rejected,time_gap,not_evaluated,,472,166.675,,,,,,,,,,,,
session_20260812_134940_hold_breath_off_hold_breath_off_w00017,session_20260812_134940_hold_breath_off_hold_breath_off,/Users/jandonyggarofalo/Documents/Desa/UNI/Semestre7/embebidos/esp-csi/examples/get-started/csi_send/data/raw/session_20260812_134940_hold_breath_off_hold_breath_off.csv,44.0,52.0,breathing,rejected,time_gap,not_evaluated,,331,4480.031,,,,,,,,,,,,
session_20260812_134940_hold_breath_off_hold_breath_off_w00018,session_20260812_134940_hold_breath_off_hold_breath_off,/Users/jandonyggarofalo/Documents/Desa/UNI/Semestre7/embebidos/esp-csi/examples/get-started/csi_send/data/raw/session_20260812_134940_hold_breath_off_hold_breath_off.csv,46.0,54.0,breathing,rejected,time_gap,not_evaluated,,340,4480.031,,,,,,,,,,,,
session_20260812_134940_hold_breath_off_hold_breath_off_w00019,session_20260812_134940_hold_breath_off_hold_breath_off,/Users/jandonyggarofalo/Documents/Desa/UNI/Semestre7/embebidos/esp-csi/examples/get-started/csi_send/data/raw/session_20260812_134940_hold_breath_off_hold_breath_off.csv,48.0,56.0,breathing,rejected,time_gap,not_evaluated,,462,135.716,,,,,,,,,,,,
session_20260812_134940_hold_breath_off_hold_breath_off_w00020,session_20260812_134940_hold_breath_off_hold_breath_off,/Users/jandonyggarofalo/Documents/Desa/UNI/Semestre7/embebidos/esp-csi/examples/get-started/csi_send/data/raw/session_20260812_134940_hold_breath_off_hold_breath_off.csv,50.0,58.0,breathing,rejected,time_gap,not_evaluated,,664,135.716,,,,,,,,,,,,
session_20260812_134940_hold_breath_off_hold_breath_off_w00021,session_20260812_134940_hold_breath_off_hold_breath_off,/Users/jandonyggarofalo/Documents/Desa/UNI/Semestre7/embebidos/esp-csi/examples/get-started/csi_send/data/raw/session_20260812_134940_hold_breath_off_hold_breath_off.csv,52.0,60.0,breathing,rejected,transition_guard,not_evaluated,,797,,,,,,,,,,,,,
session_20260812_134940_hold_breath_off_hold_breath_off_w00022,session_20260812_134940_hold_breath_off_hold_breath_off,/Users/jandonyggarofalo/Documents/Desa/UNI/Semestre7/embebidos/esp-csi/examples/get-started/csi_send/data/raw/session_20260812_134940_hold_breath_off_hold_breath_off.csv,54.0,62.0,breathing,rejected,mixed_or_unknown_label,not_evaluated,,735,,,,,,,,,,,,,
session_20260812_134940_hold_breath_off_hold_breath_off_w00023,session_20260812_134940_hold_breath_off_hold_breath_off,/Users/jandonyggarofalo/Documents/Desa/UNI/Semestre7/embebidos/esp-csi/examples/get-started/csi_send/data/raw/session_20260812_134940_hold_breath_off_hold_breath_off.csv,56.0,64.0,breathing,rejected,mixed_or_unknown_label,not_evaluated,,540,,,,,,,,,,,,,
session_20260812_134940_hold_breath_off_hold_breath_off_w00024,session_20260812_134940_hold_breath_off_hold_breath_off,/Users/jandonyggarofalo/Documents/Desa/UNI/Semestre7/embebidos/esp-csi/examples/get-started/csi_send/data/raw/session_20260812_134940_hold_breath_off_hold_breath_off.csv,58.0,66.0,breathing,rejected,mixed_or_unknown_label,not_evaluated,,338,,,,,,,,,,,,,
session_20260812_134940_hold_breath_off_hold_breath_off_w00025,session_20260812_134940_hold_breath_off_hold_breath_off,/Users/jandonyggarofalo/Documents/Desa/UNI/Semestre7/embebidos/esp-csi/examples/get-started/csi_send/data/raw/session_20260812_134940_hold_breath_off_hold_breath_off.csv,60.0,68.0,hold_breath,rejected,transition_guard,not_evaluated,,178,,,,,,,,,,,,,
session_20260812_134940_hold_breath_off_hold_breath_off_w00026,session_20260812_134940_hold_breath_off_hold_breath_off,/Users/jandonyggarofalo/Documents/Desa/UNI/Semestre7/embebidos/esp-csi/examples/get-started/csi_send/data/raw/session_20260812_134940_hold_breath_off_hold_breath_off.csv,62.0,70.0,hold_breath,rejected,insufficient_samples,not_evaluated,,35,,,,,,,,,,,,,
session_20260812_134940_hold_breath_off_hold_breath_off_w00027,session_20260812_134940_hold_breath_off_hold_breath_off,/Users/jandonyggarofalo/Documents/Desa/UNI/Semestre7/embebidos/esp-csi/examples/get-started/csi_send/data/raw/session_20260812_134940_hold_breath_off_hold_breath_off.csv,64.0,72.0,hold_breath,rejected,insufficient_samples,not_evaluated,,35,,,,,,,,,,,,,
session_20260812_134940_hold_breath_off_hold_breath_off_w00028,session_20260812_134940_hold_breath_off_hold_breath_off,/Users/jandonyggarofalo/Documents/Desa/UNI/Semestre7/embebidos/esp-csi/examples/get-started/csi_send/data/raw/session_20260812_134940_hold_breath_off_hold_breath_off.csv,66.0,74.0,hold_breath,rejected,insufficient_samples,not_evaluated,,209,,,,,,,,,,,,,
session_20260812_134940_hold_breath_off_hold_breath_off_w00029,session_20260812_134940_hold_breath_off_hold_breath_off,/Users/jandonyggarofalo/Documents/Desa/UNI/Semestre7/embebidos/esp-csi/examples/get-started/csi_send/data/raw/session_20260812_134940_hold_breath_off_hold_breath_off.csv,68.0,76.0,hold_breath,rejected,insufficient_samples,not_evaluated,,259,,,,,,,,,,,,,
session_20260812_134940_hold_breath_off_hold_breath_off_w00030,session_20260812_134940_hold_breath_off_hold_breath_off,/Users/jandonyggarofalo/Documents/Desa/UNI/Semestre7/embebidos/esp-csi/examples/get-started/csi_send/data/raw/session_20260812_134940_hold_breath_off_hold_breath_off.csv,70.0,78.0,hold_breath,rejected,insufficient_samples,not_evaluated,,290,,,,,,,,,,,,,
session_20260812_134940_hold_breath_off_hold_breath_off_w00031,session_20260812_134940_hold_breath_off_hold_breath_off,/Users/jandonyggarofalo/Documents/Desa/UNI/Semestre7/embebidos/esp-csi/examples/get-started/csi_send/data/raw/session_20260812_134940_hold_breath_off_hold_breath_off.csv,72.0,80.0,hold_breath,rejected,insufficient_samples,not_evaluated,,290,,,,,,,,,,,,,
session_20260812_134940_hold_breath_off_hold_breath_off_w00032,session_20260812_134940_hold_breath_off_hold_breath_off,/Users/jandonyggarofalo/Documents/Desa/UNI/Semestre7/embebidos/esp-csi/examples/get-started/csi_send/data/raw/session_20260812_134940_hold_breath_off_hold_breath_off.csv,74.0,82.0,hold_breath,rejected,insufficient_samples,not_evaluated,,116,,,,,,,,,,,,,
session_20260812_134940_hold_breath_off_hold_breath_off_w00033,session_20260812_134940_hold_breath_off_hold_breath_off,/Users/jandonyggarofalo/Documents/Desa/UNI/Semestre7/embebidos/esp-csi/examples/get-started/csi_send/data/raw/session_20260812_134940_hold_breath_off_hold_breath_off.csv,76.0,84.0,hold_breath,rejected,insufficient_samples,not_evaluated,,63,,,,,,,,,,,,,
session_20260812_134940_hold_breath_off_hold_breath_off_w00034,session_20260812_134940_hold_breath_off_hold_breath_off,/Users/jandonyggarofalo/Documents/Desa/UNI/Semestre7/embebidos/esp-csi/examples/get-started/csi_send/data/raw/session_20260812_134940_hold_breath_off_hold_breath_off.csv,78.0,86.0,hold_breath,rejected,insufficient_samples,not_evaluated,,32,,,,,,,,,,,,,
session_20260812_134940_hold_breath_off_hold_breath_off_w00035,session_20260812_134940_hold_breath_off_hold_breath_off,/Users/jandonyggarofalo/Documents/Desa/UNI/Semestre7/embebidos/esp-csi/examples/get-started/csi_send/data/raw/session_20260812_134940_hold_breath_off_hold_breath_off.csv,80.0,88.0,hold_breath,rejected,insufficient_samples,not_evaluated,,64,,,,,,,,,,,,,
session_20260812_134940_hold_breath_off_hold_breath_off_w00036,session_20260812_134940_hold_breath_off_hold_breath_off,/Users/jandonyggarofalo/Documents/Desa/UNI/Semestre7/embebidos/esp-csi/examples/get-started/csi_send/data/raw/session_20260812_134940_hold_breath_off_hold_breath_off.csv,82.0,90.0,hold_breath,rejected,insufficient_samples,not_evaluated,,64,,,,,,,,,,,,,
session_20260812_134940_hold_breath_off_hold_breath_off_w00037,session_20260812_134940_hold_breath_off_hold_breath_off,/Users/jandonyggarofalo/Documents/Desa/UNI/Semestre7/embebidos/esp-csi/examples/get-started/csi_send/data/raw/session_20260812_134940_hold_breath_off_hold_breath_off.csv,84.0,92.0,hold_breath,rejected,insufficient_samples,not_evaluated,,32,,,,,,,,,,,,,
session_20260812_134940_hold_breath_off_hold_breath_off_w00038,session_20260812_134940_hold_breath_off_hold_breath_off,/Users/jandonyggarofalo/Documents/Desa/UNI/Semestre7/embebidos/esp-csi/examples/get-started/csi_send/data/raw/session_20260812_134940_hold_breath_off_hold_breath_off.csv,86.0,94.0,hold_breath,rejected,insufficient_samples,not_evaluated,,169,,,,,,,,,,,,,
session_20260812_134940_hold_breath_off_hold_breath_off_w00039,session_20260812_134940_hold_breath_off_hold_breath_off,/Users/jandonyggarofalo/Documents/Desa/UNI/Semestre7/embebidos/esp-csi/examples/get-started/csi_send/data/raw/session_20260812_134940_hold_breath_off_hold_breath_off.csv,88.0,96.0,hold_breath,accepted,,ambiguous_breathing_evidence,,338,95.97,0.00919933,40.911153846029684,0.8611268295398795,47.5088598364099,16.912090617634366,5,1.4800486067088872,0.375,67.29428885798892,0.9018741846084595,1.61184172838367,1.3819633485716338
session_20260812_134940_hold_breath_off_hold_breath_off_w00040,session_20260812_134940_hold_breath_off_hold_breath_off,/Users/jandonyggarofalo/Documents/Desa/UNI/Semestre7/embebidos/esp-csi/examples/get-started/csi_send/data/raw/session_20260812_134940_hold_breath_off_hold_breath_off.csv,90.0,98.0,hold_breath,accepted,,ambiguous_breathing_evidence,,524,95.97,0.01329914,106.9358934206195,2.1562423484673108,49.59363380307484,27.740108092765176,5,1.259064963789504,0.375,187.13920275244348,0.8795813918113708,2.029123502197386,1.3819633485716338
session_20260812_134940_hold_breath_off_hold_breath_off_w00041,session_20260812_134940_hold_breath_off_hold_breath_off,/Users/jandonyggarofalo/Documents/Desa/UNI/Semestre7/embebidos/esp-csi/examples/get-started/csi_send/data/raw/session_20260812_134940_hold_breath_off_hold_breath_off.csv,92.0,100.0,hold_breath,rejected,time_gap,not_evaluated,,728,136.702,,,,,,,,,,,,
session_20260812_134940_hold_breath_off_hold_breath_off_w00042,session_20260812_134940_hold_breath_off_hold_breath_off,/Users/jandonyggarofalo/Documents/Desa/UNI/Semestre7/embebidos/esp-csi/examples/get-started/csi_send/data/raw/session_20260812_134940_hold_breath_off_hold_breath_off.csv,94.0,102.0,hold_breath,rejected,time_gap,not_evaluated,,800,136.702,,,,,,,,,,,,
session_20260812_134940_hold_breath_off_hold_breath_off_w00043,session_20260812_134940_hold_breath_off_hold_breath_off,/Users/jandonyggarofalo/Documents/Desa/UNI/Semestre7/embebidos/esp-csi/examples/get-started/csi_send/data/raw/session_20260812_134940_hold_breath_off_hold_breath_off.csv,96.0,104.0,hold_breath,rejected,time_gap,not_evaluated,,773,145.364,,,,,,,,,,,,
session_20260812_134940_hold_breath_off_hold_breath_off_w00044,session_20260812_134940_hold_breath_off_hold_breath_off,/Users/jandonyggarofalo/Documents/Desa/UNI/Semestre7/embebidos/esp-csi/examples/get-started/csi_send/data/raw/session_20260812_134940_hold_breath_off_hold_breath_off.csv,98.0,106.0,hold_breath,rejected,time_gap,not_evaluated,,817,145.364,,,,,,,,,,,,
session_20260812_134940_hold_breath_off_hold_breath_off_w00045,session_20260812_134940_hold_breath_off_hold_breath_off,/Users/jandonyggarofalo/Documents/Desa/UNI/Semestre7/embebidos/esp-csi/examples/get-started/csi_send/data/raw/session_20260812_134940_hold_breath_off_hold_breath_off.csv,100.0,108.0,hold_breath,rejected,time_gap,not_evaluated,,818,145.364,,,,,,,,,,,,
session_20260812_134940_hold_breath_off_hold_breath_off_w00046,session_20260812_134940_hold_breath_off_hold_breath_off,/Users/jandonyggarofalo/Documents/Desa/UNI/Semestre7/embebidos/esp-csi/examples/get-started/csi_send/data/raw/session_20260812_134940_hold_breath_off_hold_breath_off.csv,102.0,110.0,hold_breath,rejected,time_gap,not_evaluated,,814,145.364,,,,,,,,,,,,
session_20260812_134940_hold_breath_off_hold_breath_off_w00047,session_20260812_134940_hold_breath_off_hold_breath_off,/Users/jandonyggarofalo/Documents/Desa/UNI/Semestre7/embebidos/esp-csi/examples/get-started/csi_send/data/raw/session_20260812_134940_hold_breath_off_hold_breath_off.csv,104.0,112.0,hold_breath,rejected,time_gap,not_evaluated,,834,109.533,,,,,,,,,,,,
session_20260812_134940_hold_breath_off_hold_breath_off_w00048,session_20260812_134940_hold_breath_off_hold_breath_off,/Users/jandonyggarofalo/Documents/Desa/UNI/Semestre7/embebidos/esp-csi/examples/get-started/csi_send/data/raw/session_20260812_134940_hold_breath_off_hold_breath_off.csv,106.0,114.0,hold_breath,rejected,time_gap,not_evaluated,,814,109.533,,,,,,,,,,,,
session_20260812_134940_hold_breath_off_hold_breath_off_w00049,session_20260812_134940_hold_breath_off_hold_breath_off,/Users/jandonyggarofalo/Documents/Desa/UNI/Semestre7/embebidos/esp-csi/examples/get-started/csi_send/data/raw/session_20260812_134940_hold_breath_off_hold_breath_off.csv,108.0,116.0,hold_breath,rejected,time_gap,not_evaluated,,807,195.471,,,,,,,,,,,,
session_20260812_134940_hold_breath_off_hold_breath_off_w00050,session_20260812_134940_hold_breath_off_hold_breath_off,/Users/jandonyggarofalo/Documents/Desa/UNI/Semestre7/embebidos/esp-csi/examples/get-started/csi_send/data/raw/session_20260812_134940_hold_breath_off_hold_breath_off.csv,110.0,118.0,hold_breath,rejected,time_gap,not_evaluated,,806,195.471,,,,,,,,,,,,
session_20260812_134940_hold_breath_off_hold_breath_off_w00051,session_20260812_134940_hold_breath_off_hold_breath_off,/Users/jandonyggarofalo/Documents/Desa/UNI/Semestre7/embebidos/esp-csi/examples/get-started/csi_send/data/raw/session_20260812_134940_hold_breath_off_hold_breath_off.csv,112.0,120.0,hold_breath,rejected,time_gap,not_evaluated,,813,195.471,,,,,,,,,,,,
session_20260812_134940_hold_breath_off_hold_breath_off_w00052,session_20260812_134940_hold_breath_off_hold_breath_off,/Users/jandonyggarofalo/Documents/Desa/UNI/Semestre7/embebidos/esp-csi/examples/get-started/csi_send/data/raw/session_20260812_134940_hold_breath_off_hold_breath_off.csv,114.0,122.0,hold_breath,rejected,time_gap,not_evaluated,,802,195.471,,,,,,,,,,,,
session_20260812_134940_hold_breath_off_hold_breath_off_w00053,session_20260812_134940_hold_breath_off_hold_breath_off,/Users/jandonyggarofalo/Documents/Desa/UNI/Semestre7/embebidos/esp-csi/examples/get-started/csi_send/data/raw/session_20260812_134940_hold_breath_off_hold_breath_off.csv,116.0,124.0,hold_breath,rejected,time_gap,not_evaluated,,810,116.704,,,,,,,,,,,,
session_20260812_134940_hold_breath_off_hold_breath_off_w00054,session_20260812_134940_hold_breath_off_hold_breath_off,/Users/jandonyggarofalo/Documents/Desa/UNI/Semestre7/embebidos/esp-csi/examples/get-started/csi_send/data/raw/session_20260812_134940_hold_breath_off_hold_breath_off.csv,118.0,126.0,hold_breath,accepted,,ambiguous_breathing_evidence,,809,62.799,0.00188311,69.55095920831936,1.3874512756984263,50.12857779330528,24.699931495396733,6,1.2696592274761593,0.375,103.775086447501,0.8435848951339722,1.8423031239184016,1.3819633485716338
session_20260812_134940_hold_breath_off_hold_breath_off_w00055,session_20260812_134940_hold_breath_off_hold_breath_off,/Users/jandonyggarofalo/Documents/Desa/UNI/Semestre7/embebidos/esp-csi/examples/get-started/csi_send/data/raw/session_20260812_134940_hold_breath_off_hold_breath_off.csv,120.0,128.0,hold_breath,rejected,time_gap,not_evaluated,,806,100.773,,,,,,,,,,,,
session_20260812_134940_hold_breath_off_hold_breath_off_w00056,session_20260812_134940_hold_breath_off_hold_breath_off,/Users/jandonyggarofalo/Documents/Desa/UNI/Semestre7/embebidos/esp-csi/examples/get-started/csi_send/data/raw/session_20260812_134940_hold_breath_off_hold_breath_off.csv,122.0,130.0,hold_breath,rejected,time_gap,not_evaluated,,806,146.583,,,,,,,,,,,,
session_20260812_134940_hold_breath_off_hold_breath_off_w00057,session_20260812_134940_hold_breath_off_hold_breath_off,/Users/jandonyggarofalo/Documents/Desa/UNI/Semestre7/embebidos/esp-csi/examples/get-started/csi_send/data/raw/session_20260812_134940_hold_breath_off_hold_breath_off.csv,124.0,132.0,hold_breath,rejected,time_gap,not_evaluated,,798,146.583,,,,,,,,,,,,
session_20260812_134940_hold_breath_off_hold_breath_off_w00058,session_20260812_134940_hold_breath_off_hold_breath_off,/Users/jandonyggarofalo/Documents/Desa/UNI/Semestre7/embebidos/esp-csi/examples/get-started/csi_send/data/raw/session_20260812_134940_hold_breath_off_hold_breath_off.csv,126.0,134.0,hold_breath,rejected,time_gap,not_evaluated,,798,146.583,,,,,,,,,,,,
session_20260812_134940_hold_breath_off_hold_breath_off_w00059,session_20260812_134940_hold_breath_off_hold_breath_off,/Users/jandonyggarofalo/Documents/Desa/UNI/Semestre7/embebidos/esp-csi/examples/get-started/csi_send/data/raw/session_20260812_134940_hold_breath_off_hold_breath_off.csv,128.0,136.0,hold_breath,rejected,time_gap,not_evaluated,,796,146.583,,,,,,,,,,,,
session_20260812_134940_hold_breath_off_hold_breath_off_w00060,session_20260812_134940_hold_breath_off_hold_breath_off,/Users/jandonyggarofalo/Documents/Desa/UNI/Semestre7/embebidos/esp-csi/examples/get-started/csi_send/data/raw/session_20260812_134940_hold_breath_off_hold_breath_off.csv,130.0,138.0,hold_breath,rejected,transition_guard,not_evaluated,,801,,,,,,,,,,,,,
