window_id,session_id,source_file,start_s,end_s,scheduled_label,quality_status,quality_reason,confidence_status,final_label,sample_count,max_gap_ms,clip_fraction,psd_resp_band,psd_total,snr_resp,variance_filtered,zero_crossings,spectral_entropy,peak_freq_hz,peak_power,pc1_var_explained,activity_log,breathing_activity_threshold
session_20260812_131332_hold_breath_off_hold_breath_off_w00000,session_20260812_131332_hold_breath_off_hold_breath_off,/Users/jandonyggarofalo/Documents/Desa/UNI/Semestre7/embebidos/esp-csi/examples/get-started/csi_send/data/raw/session_20260812_131332_hold_breath_off_hold_breath_off.csv,10.0,22.0,breathing,accepted,,trusted_breathing,breathing,1224,86.362,0.00038297,32.55753111851784,1.4132448609030386,23.0374311056692,130.35922818117237,6,1.7026094458940702,0.41666666666666663,74.57437442976821,0.8488907814025879,1.8725896189521187,1.3843284208135187
session_20260812_131332_hold_breath_off_hold_breath_off_w00001,session_20260812_131332_hold_breath_off_hold_breath_off,/Users/jandonyggarofalo/Documents/Desa/UNI/Semestre7/embebidos/esp-csi/examples/get-started/csi_send/data/raw/session_20260812_131332_hold_breath_off_hold_breath_off.csv,13.0,25.0,breathing,accepted,,trusted_breathing,breathing,1224,86.362,0.00010212,44.37969839431442,0.8688110509610829,51.080955226306465,22.30564149716269,10,1.8269934945853408,0.41666666666666663,82.99608054524154,0.843853235244751,1.6471843464284452,1.3843284208135187
session_20260812_131332_hold_breath_off_hold_breath_off_w00002,session_20260812_131332_hold_breath_off_hold_breath_off,/Users/jandonyggarofalo/Documents/Desa/UNI/Semestre7/embebidos/esp-csi/examples/get-started/csi_send/data/raw/session_20260812_131332_hold_breath_off_hold_breath_off.csv,16.0,28.0,breathing,accepted,,trusted_breathing,breathing,1224,86.362,0.00036382,16.276355959032596,0.5902321508778108,27.576193426261753,43.99574771721217,8,1.7110691397228008,0.41666666666666663,28.233429763106948,0.7529020309448242,1.4507636389232341,1.3843284208135187
session_20260812_131332_hold_breath_off_hold_breath_off_w00003,session_20260812_131332_hold_breath_off_hold_breath_off,/Users/jandonyggarofalo/Documents/Desa/UNI/Semestre7/embebidos/esp-csi/examples/get-started/csi_send/data/raw/session_20260812_131332_hold_breath_off_hold_breath_off.csv,19.0,31.0,breathing,accepted,,trusted_breathing,breathing,1223,57.222,0.00086238,20.238762844459092,0.3528483381977129,57.35824900799524,6.655511980851664,9,1.6499939405014972,0.3333333333333333,34.883712055074746,0.6886202692985535,1.306183961416495,1.3843284208135187
session_20260812_131332_hold_breath_off_hold_breath_off_w00004,session_20260812_131332_hold_breath_off_hold_breath_off,/Users/jandonyggarofalo/Documents/Desa/UNI/Semestre7/embebidos/esp-csi/examples/get-started/csi_send/data/raw/session_20260812_131332_hold_breath_off_hold_breath_off.csv,22.0,34.0,breathing,accepted,,trusted_breathing,breathing,1219,75.059,0.00140356,23.024136328694016,0.4567737615252908,50.40599585177531,16.671811020890804,5,1.5141999655654153,0.16666666666666666,58.03905394515009,0.6775410175323486,1.3621833481102803,1.3843284208135187
session_20260812_131332_hold_breath_off_hold_breath_off_w00005,session_20260812_131332_hold_breath_off_hold_breath_off,/Users/jandonyggarofalo/Documents/Desa/UNI/Semestre7/embebidos/esp-csi/examples/get-started/csi_send/data/raw/session_20260812_131332_hold_breath_off_hold_breath_off.csv,25.0,37.0,breathing,accepted,,trusted_breathing,breathing,1212,75.059,0.00097979,21.080689073379638,0.6489012510611092,32.486744383486965,32.03759478028085,7,1.7466269393738116,0.41666666666666663,51.86536518264089,0.5706673264503479,1.5056599040145404,1.3843284208135187
session_20260812_131332_hold_breath_off_hold_breath_off_w00006,session_20260812_131332_hold_breath_off_hold_breath_off,/Users/jandonyggarofalo/Documents/Desa/UNI/Semestre7/embebidos/esp-csi/examples/get-started/csi_send/data/raw/session_20260812_131332_hold_breath_off_hold_breath_off.csv,28.0,40.0,breathing,rejected,time_gap,not_evaluated,,1201,227.485,,,,,,,,,,,,
session_20260812_131332_hold_breath_off_hold_breath_off_w00007,session_20260812_131332_hold_breath_off_hold_breath_off,/Users/jandonyggarofalo/Documents/Desa/UNI/Semestre7/embebidos/esp-csi/examples/get-started/csi_send/data/raw/session_20260812_131332_hold_breath_off_hold_breath_off.csv,31.0,43.0,breathing,rejected,time_gap,not_evaluated,,1140,360.548,,,,,,,,,,,,
session_20260812_131332_hold_breath_off_hold_breath_off_w00008,session_20260812_131332_hold_breath_off_hold_breath_off,/Users/jandonyggarofalo/Documents/Desa/UNI/Semestre7/embebidos/esp-csi/examples/get-started/csi_send/data/raw/session_20260812_131332_hold_breath_off_hold_breath_off.csv,34.0,46.0,breathing,rejected,time_gap,not_evaluated,,1011,633.137,,,,,,,,,,,,
session_20260812_131332_hold_breath_off_hold_breath_off_w00009,session_20260812_131332_hold_breath_off_hold_breath_off,/Users/jandonyggarofalo/Documents/Desa/UNI/Semestre7/embebidos/esp-csi/examples/get-started/csi_send/data/raw/session_20260812_131332_hold_breath_off_hold_breath_off.csv,37.0,49.0,breathing,rejected,time_gap,not_evaluated,,710,633.137,,,,,,,,,,,,
session_20260812_131332_hold_breath_off_hold_breath_off_w00010,session_20260812_131332_hold_breath_off_hold_breath_off,/Users/jandonyggarofalo/Documents/Desa/UNI/Semestre7/embebidos/esp-csi/examples/get-started/csi_send/data/raw/session_20260812_131332_hold_breath_off_hold_breath_off.csv,40.0,52.0,breathing,rejected,insufficient_samples,not_evaluated,,415,,,,,,,,,,,,,
session_20260812_131332_hold_breath_off_hold_breath_off_w00011,session_20260812_131332_hold_breath_off_hold_breath_off,/Users/jandonyggarofalo/Documents/Desa/UNI/Semestre7/embebidos/esp-csi/examples/get-started/csi_send/data/raw/session_20260812_131332_hold_breath_off_hold_breath_off.csv,43.0,55.0,breathing,rejected,insufficient_samples,not_evaluated,,171,,,,,,,,,,,,,
session_20260812_131332_hold_breath_off_hold_breath_off_w00012,session_20260812_131332_hold_breath_off_hold_breath_off,/Users/jandonyggarofalo/Documents/Desa/UNI/Semestre7/embebidos/esp-csi/examples/get-started/csi_send/data/raw/session_20260812_131332_hold_breath_off_hold_breath_off.csv,46.0,58.0,breathing,rejected,insufficient_samples,not_evaluated,,25,,,,,,,,,,,,,
session_20260812_131332_hold_breath_off_hold_breath_off_w00013,session_20260812_131332_hold_breath_off_hold_breath_off,/Users/jandonyggarofalo/Documents/Desa/UNI/Semestre7/embebidos/esp-csi/examples/get-started/csi_send/data/raw/session_20260812_131332_hold_breath_off_hold_breath_off.csv,49.0,61.0,hold_breath,rejected,mixed_or_unknown_label,not_evaluated,,59,,,,,,,,,,,,,
session_20260812_131332_hold_breath_off_hold_breath_off_w00014,session_20260812_131332_hold_breath_off_hold_breath_off,/Users/jandonyggarofalo/Documents/Desa/UNI/Semestre7/embebidos/esp-csi/examples/get-started/csi_send/data/raw/session_20260812_131332_hold_breath_off_hold_breath_off.csv,52.0,64.0,hold_breath,rejected,mixed_or_unknown_label,not_evaluated,,59,,,,,,,,,,,,,
session_20260812_131332_hold_breath_off_hold_breath_off_w00015,session_20260812_131332_hold_breath_off_hold_breath_off,/Users/jandonyggarofalo/Documents/Desa/UNI/Semestre7/embebidos/esp-csi/examples/get-started/csi_send/data/raw/session_20260812_131332_hold_breath_off_hold_breath_off.csv,55.0,67.0,hold_breath,rejected,mixed_or_unknown_label,not_evaluated,,256,,,,,,,,,,,,,
session_20260812_131332_hold_breath_off_hold_breath_off_w00016,session_20260812_131332_hold_breath_off_hold_breath_off,/Users/jandonyggarofalo/Documents/Desa/UNI/Semestre7/embebidos/esp-csi/examples/get-started/csi_send/data/raw/session_20260812_131332_hold_breath_off_hold_breath_off.csv,58.0,70.0,hold_breath,rejected,transition_guard,not_evaluated,,520,,,,,,,,,,,,,
session_20260812_131332_hold_breath_off_hold_breath_off_w00017,session_20260812_131332_hold_breath_off_hold_breath_off,/Users/jandonyggarofalo/Documents/Desa/UNI/Semestre7/embebidos/esp-csi/examples/get-started/csi_send/data/raw/session_20260812_131332_hold_breath_off_hold_breath_off.csv,61.0,73.0,hold_breath,rejected,transition_guard,not_evaluated,,790,,,,,,,,,,,,,
session_20260812_131332_hold_breath_off_hold_breath_off_w00018,session_20260812_131332_hold_breath_off_hold_breath_off,/Users/jandonyggarofalo/Documents/Desa/UNI/Semestre7/embebidos/esp-csi/examples/get-started/csi_send/data/raw/session_20260812_131332_hold_breath_off_hold_breath_off.csv,64.0,76.0,hold_breath,rejected,time_gap,not_evaluated,,1095,134.974,,,,,,,,,,,,
session_20260812_131332_hold_breath_off_hold_breath_off_w00019,session_20260812_131332_hold_breath_off_hold_breath_off,/Users/jandonyggarofalo/Documents/Desa/UNI/Semestre7/embebidos/esp-csi/examples/get-started/csi_send/data/raw/session_20260812_131332_hold_breath_off_hold_breath_off.csv,67.0,79.0,hold_breath,rejected,time_gap,not_evaluated,,1208,122.258,,,,,,,,,,,,
session_20260812_131332_hold_breath_off_hold_breath_off_w00020,session_20260812_131332_hold_breath_off_hold_breath_off,/Users/jandonyggarofalo/Documents/Desa/UNI/Semestre7/embebidos/esp-csi/examples/get-started/csi_send/data/raw/session_20260812_131332_hold_breath_off_hold_breath_off.csv,70.0,82.0,hold_breath,rejected,time_gap,not_evaluated,,1226,122.258,,,,,,,,,,,,
session_20260812_131332_hold_breath_off_hold_breath_off_w00021,session_20260812_131332_hold_breath_off_hold_breath_off,/Users/jandonyggarofalo/Documents/Desa/UNI/Semestre7/embebidos/esp-csi/examples/get-started/csi_send/data/raw/session_20260812_131332_hold_breath_off_hold_breath_off.csv,73.0,85.0,hold_breath,accepted,,ambiguous_breathing_evidence,,1221,46.633,6.398e-05,247.95492920147245,4.216877254220898,58.80060391922063,59.219710804863354,8,1.523591128013737,0.3333333333333333,444.49425674538776,0.6388840079307556,2.394372746237622,1.3843284208135187
session_20260812_131332_hold_breath_off_hold_breath_off_w00022,session_20260812_131332_hold_breath_off_hold_breath_off,/Users/jandonyggarofalo/Documents/Desa/UNI/Semestre7/embebidos/esp-csi/examples/get-started/csi_send/data/raw/session_20260812_131332_hold_breath_off_hold_breath_off.csv,76.0,88.0,hold_breath,accepted,,ambiguous_breathing_evidence,,1218,46.633,0.0003143,99.43512943579444,1.8076453380467474,55.00809663425688,114.45361578013156,8,1.4690756962217897,0.41666666666666663,257.5607865625617,0.6600233912467957,2.058629517312481,1.3843284208135187
session_20260812_131332_hold_breath_off_hold_breath_off_w00023,session_20260812_131332_hold_breath_off_hold_breath_off,/Users/jandonyggarofalo/Documents/Desa/UNI/Semestre7/embebidos/esp-csi/examples/get-started/csi_send/data/raw/session_20260812_131332_hold_breath_off_hold_breath_off.csv,79.0,91.0,hold_breath,accepted,,ambiguous_breathing_evidence,,1215,46.633,0.0009195,139.0639411456509,2.521257944764307,55.15657032806921,48.14863530013456,7,1.5827801879523156,0.41666666666666663,267.21916217845876,0.5613859295845032,2.143214533359353,1.3843284208135187
session_20260812_131332_hold_breath_off_hold_breath_off_w00024,session_20260812_131332_hold_breath_off_hold_breath_off,/Users/jandonyggarofalo/Documents/Desa/UNI/Semestre7/embebidos/esp-csi/examples/get-started/csi_send/data/raw/session_20260812_131332_hold_breath_off_hold_breath_off.csv,82.0,94.0,hold_breath,accepted,,ambiguous_breathing_evidence,,1206,54.622,0.0012373,220.2782102858435,4.838208209105755,45.52888192600375,182.31124919085158,7,1.9244630110393668,0.25,272.88300454801544,0.520514965057373,2.3429715392722037,1.3843284208135187
session_20260812_131332_hold_breath_off_hold_breath_off_w00025,session_20260812_131332_hold_breath_off_hold_breath_off,/Users/jandonyggarofalo/Documents/Desa/UNI/Semestre7/embebidos/esp-csi/examples/get-started/csi_send/data/raw/session_20260812_131332_hold_breath_off_hold_breath_off.csv,85.0,97.0,hold_breath,accepted,,ambiguous_breathing_evidence,,1212,54.622,0.00126341,38.552734619585976,0.759627563638552,50.75215337746682,74.66670396998386,6,1.7024384083320176,0.25,94.3283599106645,0.5158842206001282,1.8731269805871056,1.3843284208135187
session_20260812_131332_hold_breath_off_hold_breath_off_w00026,session_20260812_131332_hold_breath_off_hold_breath_off,/Users/jandonyggarofalo/Documents/Desa/UNI/Semestre7/embebidos/esp-csi/examples/get-started/csi_send/data/raw/session_20260812_131332_hold_breath_off_hold_breath_off.csv,88.0,100.0,hold_breath,accepted,,high_confidence_hold,hold_breath,1221,54.622,0.00099816,18.470306952482296,0.3598380360809085,51.32950133231045,13.285895671023264,7,1.6102039856937456,0.3333333333333333,46.608414112457126,0.4452139437198639,1.2664741129097592,1.3843284208135187
session_20260812_131332_hold_breath_off_hold_breath_off_w00027,session_20260812_131332_hold_breath_off_hold_breath_off,/Users/jandonyggarofalo/Documents/Desa/UNI/Semestre7/embebidos/esp-csi/examples/get-started/csi_send/data/raw/session_20260812_131332_hold_breath_off_hold_breath_off.csv,91.0,103.0,hold_breath,accepted,,ambiguous_breathing_evidence,,1219,54.622,0.00145483,33.35593716656852,1.7223078000974745,19.36700116242948,100.63938588244685,4,1.44242085783045,0.16666666666666666,103.24525313374792,0.5481043457984924,2.002767977975221,1.3843284208135187
session_20260812_131332_hold_breath_off_hold_breath_off_w00028,session_20260812_131332_hold_breath_off_hold_breath_off,/Users/jandonyggarofalo/Documents/Desa/UNI/Semestre7/embebidos/esp-csi/examples/get-started/csi_send/data/raw/session_20260812_131332_hold_breath_off_hold_breath_off.csv,94.0,106.0,hold_breath,accepted,,ambiguous_breathing_evidence,,1224,87.145,0.00187015,96.55617202519075,1.734203147055375,55.677544000012084,25.53346215507432,8,1.7837556853423633,0.25,115.70662674580329,0.5570611953735352,1.9847800398016997,1.3843284208135187
session_20260812_131332_hold_breath_off_hold_breath_off_w00029,session_20260812_131332_hold_breath_off_hold_breath_off,/Users/jandonyggarofalo/Documents/Desa/UNI/Semestre7/embebidos/esp-csi/examples/get-started/csi_send/data/raw/session_20260812_131332_hold_breath_off_hold_breath_off.csv,97.0,109.0,hold_breath,rejected,transition_guard,not_evaluated,,1218,,,,,,,,,,,,,
session_20260812_131528_hold_breath_off_hold_breath_off_w00000,session_20260812_131528_hold_breath_off_hold_breath_off,/Users/jandonyggarofalo/Documents/Desa/UNI/Semestre7/embebidos/esp-csi/examples/get-started/csi_send/data/raw/session_20260812_131528_hold_breath_off_hold_breath_off.csv,10.0,22.0,breathing,rejected,time_gap,not_evaluated,,1222,102.718,,,,,,,,,,,,
session_20260812_131528_hold_breath_off_hold_breath_off_w00001,session_20260812_131528_hold_breath_off_hold_breath_off,/Users/jandonyggarofalo/Documents/Desa/UNI/Semestre7/embebidos/esp-csi/examples/get-started/csi_send/data/raw/session_20260812_131528_hold_breath_off_hold_breath_off.csv,13.0,25.0,breathing,rejected,time_gap,not_evaluated,,1214,102.718,,,,,,,,,,,,
session_20260812_131528_hold_breath_off_hold_breath_off_w00002,session_20260812_131528_hold_breath_off_hold_breath_off,/Users/jandonyggarofalo/Documents/Desa/UNI/Semestre7/embebidos/esp-csi/examples/get-started/csi_send/data/raw/session_20260812_131528_hold_breath_off_hold_breath_off.csv,16.0,28.0,breathing,rejected,time_gap,not_evaluated,,1207,102.718,,,,,,,,,,,,
session_20260812_131528_hold_breath_off_hold_breath_off_w00003,session_20260812_131528_hold_breath_off_hold_breath_off,/Users/jandonyggarofalo/Documents/Desa/UNI/Semestre7/embebidos/esp-csi/examples/get-started/csi_send/data/raw/session_20260812_131528_hold_breath_off_hold_breath_off.csv,19.0,31.0,breathing,accepted,,trusted_breathing,breathing,1209,71.136,5.816e-05,426.44421852458544,8.748546251587468,48.744580672149525,243.880156176415,6,1.7729416193812972,0.16666666666666666,881.8756328761361,0.4585680663585663,2.6298622308814505,2.215118618985653
session_20260812_131528_hold_breath_off_hold_breath_off_w00004,session_20260812_131528_hold_breath_off_hold_breath_off,/Users/jandonyggarofalo/Documents/Desa/UNI/Semestre7/embebidos/esp-csi/examples/get-started/csi_send/data/raw/session_20260812_131528_hold_breath_off_hold_breath_off.csv,22.0,34.0,breathing,accepted,,trusted_breathing,breathing,1206,71.136,0.00051176,736.7498633058184,12.634280234381173,58.31356038002636,298.26723940690533,8,1.4869304976078976,0.41666666666666663,1189.3974031982493,0.4743956923484802,2.8673200639443803,2.215118618985653
session_20260812_131528_hold_breath_off_hold_breath_off_w00005,session_20260812_131528_hold_breath_off_hold_breath_off,/Users/jandonyggarofalo/Documents/Desa/UNI/Semestre7/embebidos/esp-csi/examples/get-started/csi_send/data/raw/session_20260812_131528_hold_breath_off_hold_breath_off.csv,25.0,37.0,breathing,accepted,,trusted_breathing,breathing,1195,71.136,0.00104603,1329.963361135819,22.862097007595104,58.17328833369611,627.2125803776865,6,1.1887658924946969,0.3333333333333333,3881.3411347896827,0.4901387691497803,3.123839676850008,2.215118618985653
session_20260812_131528_hold_breath_off_hold_breath_off_w00006,session_20260812_131528_hold_breath_off_hold_breath_off,/Users/jandonyggarofalo/Documents/Desa/UNI/Semestre7/embebidos/esp-csi/examples/get-started/csi_send/data/raw/session_20260812_131528_hold_breath_off_hold_breath_off.csv,28.0,40.0,breathing,accepted,,trusted_breathing,breathing,1202,71.136,0.00106593,2262.419834872796,38.839510778732055,58.25047199388529,630.146410739255,8,1.4707663892414884,0.3333333333333333,4647.435694570631,0.4553371071815491,3.354573199638925,2.215118618985653
session_20260812_131528_hold_breath_off_hold_breath_off_w00007,session_20260812_131528_hold_breath_off_hold_breath_off,/Users/jandonyggarofalo/Documents/Desa/UNI/Semestre7/embebidos/esp-csi/examples/get-started/csi_send/data/raw/session_20260812_131528_hold_breath_off_hold_breath_off.csv,31.0,43.0,breathing,accepted,,trusted_breathing,breathing,1195,69.088,0.0010068,779.3737865082658,13.743109559182395,56.71014868592633,377.4388320744891,7,1.7070900714756516,0.41666666666666663,1194.140369083434,0.4371137320995331,2.8917457946228757,2.215118618985653
session_20260812_131528_hold_breath_off_hold_breath_off_w00008,session_20260812_131528_hold_breath_off_hold_breath_off,/Users/jandonyggarofalo/Documents/Desa/UNI/Semestre7/embebidos/esp-csi/examples/get-started/csi_send/data/raw/session_20260812_131528_hold_breath_off_hold_breath_off.csv,34.0,46.0,breathing,accepted,,trusted_breathing,breathing,1192,69.088,0.00090447,10.207755045027074,0.8892742647216846,11.478747839633376,105.94862797605035,5,1.2953314474059843,0.3333333333333333,34.509631032061996,0.46044692397117615,1.5379403159534497,2.215118618985653
session_20260812_131528_hold_breath_off_hold_breath_off_w00009,session_20260812_131528_hold_breath_off_hold_breath_off,/Users/jandonyggarofalo/Documents/Desa/UNI/Semestre7/embebidos/esp-csi/examples/get-started/csi_send/data/raw/session_20260812_131528_hold_breath_off_hold_breath_off.csv,37.0,49.0,breathing,accepted,,trusted_breathing,breathing,1197,69.088,0.00107038,56.02130640135979,0.9710768977552723,57.689876600710164,23.453756307620562,8,1.5127012174409082,0.3333333333333333,126.67994669303874,0.4945618510246277,1.7483532322327604,2.215118618985653
session_20260812_131528_hold_breath_off_hold_breath_off_w00010,session_20260812_131528_hold_breath_off_hold_breath_off,/Users/jandonyggarofalo/Documents/Desa/UNI/Semestre7/embebidos/esp-csi/examples/get-started/csi_send/data/raw/session_20260812_131528_hold_breath_off_hold_breath_off.csv,40.0,52.0,breathing,accepted,,trusted_breathing,breathing,1188,69.088,0.0008286,115.5940992485552,2.297165137699818,50.320326280178,119.36328110578255,7,1.6872541635470268,0.16666666666666666,232.50737135260556,0.6085860729217529,2.0768707483537203,2.215118618985653
session_20260812_131528_hold_breath_off_hold_breath_off_w00011,session_20260812_131528_hold_breath_off_hold_breath_off,/Users/jandonyggarofalo/Documents/Desa/UNI/Semestre7/embebidos/esp-csi/examples/get-started/csi_send/data/raw/session_20260812_131528_hold_breath_off_hold_breath_off.csv,43.0,55.0,breathing,accepted,,trusted_breathing,breathing,1189,73.903,0.00128128,452.83840255181065,7.896720505230996,57.345122225331544,135.4909597597542,7,1.7309153602381284,0.25,634.8915599849722,0.6001268029212952,2.655943249693335,2.215118618985653
session_20260812_131528_hold_breath_off_hold_breath_off_w00012,session_20260812_131528_hold_breath_off_hold_breath_off,/Users/jandonyggarofalo/Documents/Desa/UNI/Semestre7/embebidos/esp-csi/examples/get-started/csi_send/data/raw/session_20260812_131528_hold_breath_off_hold_breath_off.csv,46.0,58.0,breathing,accepted,,trusted_breathing,breathing,1196,73.903,0.00096023,533.0082763674911,9.455581212274781,56.36970001119646,141.19038632222302,6,1.7289076149619502,0.3333333333333333,803.3135952191751,0.6498706936836243,2.726733952652887,2.215118618985653
session_20260812_131528_hold_breath_off_hold_breath_off_w00013,session_20260812_131528_hold_breath_off_hold_breath_off,/Users/jandonyggarofalo/Documents/Desa/UNI/Semestre7/embebidos/esp-csi/examples/get-started/csi_send/data/raw/session_20260812_131528_hold_breath_off_hold_breath_off.csv,49.0,61.0,breathing,rejected,mixed_or_unknown_label,not_evaluated,,1203,,,,,,,,,,,,,
session_20260812_131528_hold_breath_off_hold_breath_off_w00014,session_20260812_131528_hold_breath_off_hold_breath_off,/Users/jandonyggarofalo/Documents/Desa/UNI/Semestre7/embebidos/esp-csi/examples/get-started/csi_send/data/raw/session_20260812_131528_hold_breath_off_hold_breath_off.csv,52.0,64.0,breathing,rejected,mixed_or_unknown_label,not_evaluated,,1207,,,,,,,,,,,,,
session_20260812_131528_hold_breath_off_hold_breath_off_w00015,session_20260812_131528_hold_breath_off_hold_breath_off,/Users/jandonyggarofalo/Documents/Desa/UNI/Semestre7/embebidos/esp-csi/examples/get-started/csi_send/data/raw/session_20260812_131528_hold_breath_off_hold_breath_off.csv,55.0,67.0,hold_breath,rejected,mixed_or_unknown_label,not_evaluated,,1212,,,,,,,,,,,,,
session_20260812_131528_hold_breath_off_hold_breath_off_w00016,session_20260812_131528_hold_breath_off_hold_breath_off,/Users/jandonyggarofalo/Documents/Desa/UNI/Semestre7/embebidos/esp-csi/examples/get-started/csi_send/data/raw/session_20260812_131528_hold_breath_off_hold_breath_off.csv,58.0,70.0,hold_breath,rejected,mixed_or_unknown_label,not_evaluated,,1208,,,,,,,,,,,,,
session_20260812_131528_hold_breath_off_hold_breath_off_w00017,session_20260812_131528_hold_breath_off_hold_breath_off,/Users/jandonyggarofalo/Documents/Desa/UNI/Semestre7/embebidos/esp-csi/examples/get-started/csi_send/data/raw/session_20260812_131528_hold_breath_off_hold_breath_off.csv,61.0,73.0,hold_breath,rejected,transition_guard,not_evaluated,,1200,,,,,,,,,,,,,
session_20260812_131528_hold_breath_off_hold_breath_off_w00018,session_20260812_131528_hold_breath_off_hold_breath_off,/Users/jandonyggarofalo/Documents/Desa/UNI/Semestre7/embebidos/esp-csi/examples/get-started/csi_send/data/raw/session_20260812_131528_hold_breath_off_hold_breath_off.csv,64.0,76.0,hold_breath,accepted,,ambiguous_breathing_evidence,,1196,83.858,0.00086878,2084.349625657513,36.82374285386,56.60341573450259,988.3567650199553,9,1.4274936825950666,0.41666666666666663,4754.143056554472,0.5725757479667664,3.318970568638202,2.215118618985653
session_20260812_131528_hold_breath_off_hold_breath_off_w00019,session_20260812_131528_hold_breath_off_hold_breath_off,/Users/jandonyggarofalo/Documents/Desa/UNI/Semestre7/embebidos/esp-csi/examples/get-started/csi_send/data/raw/session_20260812_131528_hold_breath_off_hold_breath_off.csv,67.0,79.0,hold_breath,accepted,,ambiguous_breathing_evidence,,1197,83.858,0.00090069,1959.6542651236523,37.84496744031787,51.78110585546168,1078.2708183907007,7,1.5768306509936878,0.3333333333333333,4880.936929477457,0.5660548210144043,3.2921794570740763,2.215118618985653
session_20260812_131528_hold_breath_off_hold_breath_off_w00020,session_20260812_131528_hold_breath_off_hold_breath_off,/Users/jandonyggarofalo/Documents/Desa/UNI/Semestre7/embebidos/esp-csi/examples/get-started/csi_send/data/raw/session_20260812_131528_hold_breath_off_hold_breath_off.csv,70.0,82.0,hold_breath,accepted,,ambiguous_breathing_evidence,,1199,83.858,0.00110118,1401.0822915352198,25.012394076697607,56.01552123474896,751.2954801089166,6,1.2487587308074677,0.25,3255.0690893692285,0.536781907081604,3.146463644001041,2.215118618985653
session_20260812_131528_hold_breath_off_hold_breath_off_w00021,session_20260812_131528_hold_breath_off_hold_breath_off,/Users/jandonyggarofalo/Documents/Desa/UNI/Semestre7/embebidos/esp-csi/examples/get-started/csi_send/data/raw/session_20260812_131528_hold_breath_off_hold_breath_off.csv,73.0,85.0,hold_breath,accepted,,ambiguous_breathing_evidence,,1212,83.858,0.00070906,2153.4564029281605,37.710436795460375,57.1050506417719,795.7985991630352,7,1.2782805980758836,0.25,4775.159391664718,0.4776071608066559,3.33313608382586,2.215118618985653
session_20260812_131528_hold_breath_off_hold_breath_off_w00022,session_20260812_131528_hold_breath_off_hold_breath_off,/Users/jandonyggarofalo/Documents/Desa/UNI/Semestre7/embebidos/esp-csi/examples/get-started/csi_send/data/raw/session_20260812_131528_hold_breath_off_hold_breath_off.csv,76.0,88.0,hold_breath,accepted,,ambiguous_breathing_evidence,,1212,81.406,0.00123762,404.6618726758124,7.30042298101082,55.42992148925147,171.80800656348686,9,1.3573234112178387,0.41666666666666663,1123.3569006961934,0.4237278401851654,2.607092287004486,2.215118618985653
session_20260812_131528_hold_breath_off_hold_breath_off_w00023,session_20260812_131528_hold_breath_off_hold_breath_off,/Users/jandonyggarofalo/Documents/Desa/UNI/Semestre7/embebidos/esp-csi/examples/get-started/csi_send/data/raw/session_20260812_131528_hold_breath_off_hold_breath_off.csv,79.0,91.0,hold_breath,rejected,time_gap,not_evaluated,,1189,107.36,,,,,,,,,,,,
session_20260812_131528_hold_breath_off_hold_breath_off_w00024,session_20260812_131528_hold_breath_off_hold_breath_off,/Users/jandonyggarofalo/Documents/Desa/UNI/Semestre7/embebidos/esp-csi/examples/get-started/csi_send/data/raw/session_20260812_131528_hold_breath_off_hold_breath_off.csv,82.0,94.0,hold_breath,rejected,time_gap,not_evaluated,,1192,107.36,,,,,,,,,,,,
session_20260812_131528_hold_breath_off_hold_breath_off_w00025,session_20260812_131528_hold_breath_off_hold_breath_off,/Users/jandonyggarofalo/Documents/Desa/UNI/Semestre7/embebidos/esp-csi/examples/get-started/csi_send/data/raw/session_20260812_131528_hold_breath_off_hold_breath_off.csv,85.0,97.0,hold_breath,rejected,time_gap,not_evaluated,,1177,107.36,,,,,,,,,,,,
session_20260812_131528_hold_breath_off_hold_breath_off_w00026,session_20260812_131528_hold_breath_off_hold_breath_off,/Users/jandonyggarofalo/Documents/Desa/UNI/Semestre7/embebidos/esp-csi/examples/get-started/csi_send/data/raw/session_20260812_131528_hold_breath_off_hold_breath_off.csv,88.0,100.0,hold_breath,rejected,transition_guard,not_evaluated,,1175,,,,,,,,,,,,,
session_20260812_131729_hold_breath_off_hold_breath_off_w00000,session_20260812_131729_hold_breath_off_hold_breath_off,/Users/jandonyggarofalo/Documents/Desa/UNI/Semestre7/embebidos/esp-csi/examples/get-started/csi_send/data/raw/session_20260812_131729_hold_breath_off_hold_breath_off.csv,10.0,22.0,breathing,accepted,,trusted_breathing,breathing,1224,45.898,0.0003319,36.99109449179465,0.7038867043903874,52.5526256725915,18.704916238599235,8,1.6173562100388863,0.41666666666666663,95.405500255279,0.6053889989852905,1.5680971814023152,1.1157935452435284
session_20260812_131729_hold_breath_off_hold_breath_off_w00001,session_20260812_131729_hold_breath_off_hold_breath_off,/Users/jandonyggarofalo/Documents/Desa/UNI/Semestre7/embebidos/esp-csi/examples/get-started/csi_send/data/raw/session_20260812_131729_hold_breath_off_hold_breath_off.csv,13.0,25.0,breathing,accepted,,trusted_breathing,breathing,1224,39.045,0.0003319,44.73128249823475,0.8128265688463922,55.03176718456041,32.13872333811712,8,1.6467955609124099,0.41666666666666663,104.58568736701977,0.6072062253952026,1.6506113500823842,1.1157935452435284
session_20260812_131729_hold_breath_off_hold_breath_off_w00002,session_20260812_131729_hold_breath_off_hold_breath_off,/Users/jandonyggarofalo/Documents/Desa/UNI/Semestre7/embebidos/esp-csi/examples/get-started/csi_send/data/raw/session_20260812_131729_hold_breath_off_hold_breath_off.csv,16.0,28.0,breathing,accepted,,trusted_breathing,breathing,1218,45.979,0.00033354,11.961792925696669,0.24662451880296868,48.502042634311586,17.76043815903002,10,1.6570999904321622,0.41666666666666663,31.510664184741042,0.7689445614814758,1.2494536758402215,1.1157935452435284
session_20260812_131729_hold_breath_off_hold_breath_off_w00003,session_20260812_131729_hold_breath_off_hold_breath_off,/Users/jandonyggarofalo/Documents/Desa/UNI/Semestre7/embebidos/esp-csi/examples/get-started/csi_send/data/raw/session_20260812_131729_hold_breath_off_hold_breath_off.csv,19.0,31.0,breathing,accepted,,trusted_breathing,breathing,1218,45.979,0.00068632,27.9338460561979,1.565035115146904,17.84870242579701,128.1790838025568,4,1.3726830928465372,0.16666666666666666,106.61400585867163,0.8064320087432861,2.0278142616096813,1.1157935452435284
session_20260812_131729_hold_breath_off_hold_breath_off_w00004,session_20260812_131729_hold_breath_off_hold_breath_off,/Users/jandonyggarofalo/Documents/Desa/UNI/Semestre7/embebidos/esp-csi/examples/get-started/csi_send/data/raw/session_20260812_131729_hold_breath_off_hold_breath_off.csv,22.0,34.0,breathing,accepted,,trusted_breathing,breathing,1215,45.979,0.00067515,7.360909746626488,0.1403934288710801,52.43058600223663,4.163395227873166,8,1.5676430680086295,0.25,16.119277885655922,0.8331400752067566,0.866931492805413,1.1157935452435284
session_20260812_131729_hold_breath_off_hold_breath_off_w00005,session_20260812_131729_hold_breath_off_hold_breath_off,/Users/jandonyggarofalo/Documents/Desa/UNI/Semestre7/embebidos/esp-csi/examples/get-started/csi_send/data/raw/session_20260812_131729_hold_breath_off_hold_breath_off.csv,25.0,37.0,breathing,accepted,,trusted_breathing,breathing,1204,82.953,0.00080461,15.391532590333133,0.3173096225604568,48.506353088463584,5.423505283977709,7,1.5475202101191143,0.25,31.23175409301757,0.817595362663269,1.1872818662503326,1.1157935452435284
session_20260812_131729_hold_breath_off_hold_breath_off_w00006,session_20260812_131729_hold_breath_off_hold_breath_off,/Users/jandonyggarofalo/Documents/Desa/UNI/Semestre7/embebidos/esp-csi/examples/get-started/csi_send/data/raw/session_20260812_131729_hold_breath_off_hold_breath_off.csv,28.0,40.0,breathing,accepted,,trusted_breathing,breathing,1195,92.316,0.00137945,8.016206551804114,0.17181507435941187,46.65601421554393,11.214243849438063,8,1.971293601933713,0.41666666666666663,11.074017978237423,0.7972666025161743,1.0443052242367241,1.1157935452435284
session_20260812_131729_hold_breath_off_hold_breath_off_w00007,session_20260812_131729_hold_breath_off_hold_breath_off,/Users/jandonyggarofalo/Documents/Desa/UNI/Semestre7/embebidos/esp-csi/examples/get-started/csi_send/data/raw/session_20260812_131729_hold_breath_off_hold_breath_off.csv,31.0,43.0,breathing,accepted,,trusted_breathing,breathing,1201,92.316,0.00094322,7.355281082200082,0.1621739189354087,45.354278483485494,4.031626076845382,8,1.906767612911857,0.16666666666666666,12.949930921681988,0.7878175377845764,0.8665992739522452,1.1157935452435284
session_20260812_131729_hold_breath_off_hold_breath_off_w00008,session_20260812_131729_hold_breath_off_hold_breath_off,/Users/jandonyggarofalo/Documents/Desa/UNI/Semestre7/embebidos/esp-csi/examples/get-started/csi_send/data/raw/session_20260812_131729_hold_breath_off_hold_breath_off.csv,34.0,46.0,breathing,accepted,,trusted_breathing,breathing,1209,92.316,0.00094991,17.421543756794936,0.34288508804693435,50.80869470287216,9.911804467164059,8,1.732972188259379,0.3333333333333333,27.989448677849104,0.7314924597740173,1.2410866360535204,1.1157935452435284
session_20260812_131729_hold_breath_off_hold_breath_off_w00009,session_20260812_131729_hold_breath_off_hold_breath_off,/Users/jandonyggarofalo/Documents/Desa/UNI/Semestre7/embebidos/esp-csi/examples/get-started/csi_send/data/raw/session_20260812_131729_hold_breath_off_hold_breath_off.csv,37.0,49.0,breathing,accepted,,trusted_breathing,breathing,1218,92.316,0.00148168,33.22970203461344,1.1421508630336885,29.09396920326471,83.13294110429439,9,1.7338844755730867,0.41666666666666663,60.123214341387424,0.7640547752380371,1.7790421910334866,1.1157935452435284
session_20260812_131729_hold_breath_off_hold_breath_off_w00010,session_20260812_131729_hold_breath_off_hold_breath_off,/Users/jandonyggarofalo/Documents/Desa/UNI/Semestre7/embebidos/esp-csi/examples/get-started/csi_send/data/raw/session_20260812_131729_hold_breath_off_hold_breath_off.csv,40.0,52.0,breathing,accepted,,trusted_breathing,breathing,1222,72.868,0.00096537,37.96013021700988,1.0412366038198404,36.4567765652056,62.04156272340867,8,1.7775006143748215,0.16666666666666666,74.31817725264274,0.8023884892463684,1.7926827284324451,1.1157935452435284
session_20260812_131729_hold_breath_off_hold_breath_off_w00011,session_20260812_131729_hold_breath_off_hold_breath_off,/Users/jandonyggarofalo/Documents/Desa/UNI/Semestre7/embebidos/esp-csi/examples/get-started/csi_send/data/raw/session_20260812_131729_hold_breath_off_hold_breath_off.csv,43.0,55.0,breathing,rejected,time_gap,not_evaluated,,1178,237.717,,,,,,,,,,,,
session_20260812_131729_hold_breath_off_hold_breath_off_w00012,session_20260812_131729_hold_breath_off_hold_breath_off,/Users/jandonyggarofalo/Documents/Desa/UNI/Semestre7/embebidos/esp-csi/examples/get-started/csi_send/data/raw/session_20260812_131729_hold_breath_off_hold_breath_off.csv,46.0,58.0,breathing,rejected,time_gap,not_evaluated,,1145,286.99,,,,,,,,,,,,
session_20260812_131729_hold_breath_off_hold_breath_off_w00013,session_20260812_131729_hold_breath_off_hold_breath_off,/Users/jandonyggarofalo/Documents/Desa/UNI/Semestre7/embebidos/esp-csi/examples/get-started/csi_send/data/raw/session_20260812_131729_hold_breath_off_hold_breath_off.csv,49.0,61.0,breathing,rejected,transition_guard,not_evaluated,,910,,,,,,,,,,,,,
session_20260812_131729_hold_breath_off_hold_breath_off_w00014,session_20260812_131729_hold_breath_off_hold_breath_off,/Users/jandonyggarofalo/Documents/Desa/UNI/Semestre7/embebidos/esp-csi/examples/get-started/csi_send/data/raw/session_20260812_131729_hold_breath_off_hold_breath_off.csv,52.0,64.0,breathing,rejected,mixed_or_unknown_label,not_evaluated,,760,,,,,,,,,,,,,
session_20260812_131729_hold_breath_off_hold_breath_off_w00015,session_20260812_131729_hold_breath_off_hold_breath_off,/Users/jandonyggarofalo/Documents/Desa/UNI/Semestre7/embebidos/esp-csi/examples/get-started/csi_send/data/raw/session_20260812_131729_hold_breath_off_hold_breath_off.csv,55.0,67.0,hold_breath,rejected,mixed_or_unknown_label,not_evaluated,,794,,,,,,,,,,,,,
session_20260812_131729_hold_breath_off_hold_breath_off_w00016,session_20260812_131729_hold_breath_off_hold_breath_off,/Users/jandonyggarofalo/Documents/Desa/UNI/Semestre7/embebidos/esp-csi/examples/get-started/csi_send/data/raw/session_20260812_131729_hold_breath_off_hold_breath_off.csv,58.0,70.0,hold_breath,rejected,mixed_or_unknown_label,not_evaluated,,813,,,,,,,,,,,,,
session_20260812_131729_hold_breath_off_hold_breath_off_w00017,session_20260812_131729_hold_breath_off_hold_breath_off,/Users/jandonyggarofalo/Documents/Desa/UNI/Semestre7/embebidos/esp-csi/examples/get-started/csi_send/data/raw/session_20260812_131729_hold_breath_off_hold_breath_off.csv,61.0,73.0,hold_breath,rejected,transition_guard,not_evaluated,,1039,,,,,,,,,,,,,
session_20260812_131729_hold_breath_off_hold_breath_off_w00018,session_20260812_131729_hold_breath_off_hold_breath_off,/Users/jandonyggarofalo/Documents/Desa/UNI/Semestre7/embebidos/esp-csi/examples/get-started/csi_send/data/raw/session_20260812_131729_hold_breath_off_hold_breath_off.csv,64.0,76.0,hold_breath,accepted,,ambiguous_breathing_evidence,,1197,59.206,0.00167084,22.860767550983475,0.40216627174871084,56.84406962205655,15.275305269674881,9,1.323961001746666,0.41666666666666663,50.42815182111917,0.9025915861129761,1.3590908077548478,1.1157935452435284
session_20260812_131729_hold_breath_off_hold_breath_off_w00019,session_20260812_131729_hold_breath_off_hold_breath_off,/Users/jandonyggarofalo/Documents/Desa/UNI/Semestre7/embebidos/esp-csi/examples/get-started/csi_send/data/raw/session_20260812_131729_hold_breath_off_hold_breath_off.csv,67.0,79.0,hold_breath,accepted,,ambiguous_breathing_evidence,,1200,54.06,0.00126953,29.05842248492134,1.0404730578970205,27.928087387121398,74.36010161006904,8,1.6780045302283748,0.16666666666666666,61.83141865121882,0.8881855010986328,1.7912092110036215,1.1157935452435284
session_20260812_131729_hold_breath_off_hold_breath_off_w00020,session_20260812_131729_hold_breath_off_hold_breath_off,/Users/jandonyggarofalo/Documents/Desa/UNI/Semestre7/embebidos/esp-csi/examples/get-started/csi_send/data/raw/session_20260812_131729_hold_breath_off_hold_breath_off.csv,70.0,82.0,hold_breath,accepted,,ambiguous_breathing_evidence,,1214,52.277,0.00067571,23.56694187291899,0.587121556356243,40.13980004266668,34.0694073231024,8,1.8219827492445155,0.3333333333333333,37.3599069240202,0.8616612553596497,1.5323645785768418,1.1157935452435284
session_20260812_131729_hold_breath_off_hold_breath_off_w00021,session_20260812_131729_hold_breath_off_hold_breath_off,/Users/jandonyggarofalo/Documents/Desa/UNI/Semestre7/embebidos/esp-csi/examples/get-started/csi_send/data/raw/session_20260812_131729_hold_breath_off_hold_breath_off.csv,73.0,85.0,hold_breath,accepted,,ambiguous_breathing_evidence,,1224,52.277,0.00029361,24.836197735664335,0.5385705865803501,46.11502810303005,21.807771190458663,7,1.795743592164294,0.25,57.785925628307844,0.8558403253555298,1.3950851088630452,1.1157935452435284
session_20260812_131729_hold_breath_off_hold_breath_off_w00022,session_20260812_131729_hold_breath_off_hold_breath_off,/Users/jandonyggarofalo/Documents/Desa/UNI/Semestre7/embebidos/esp-csi/examples/get-started/csi_send/data/raw/session_20260812_131729_hold_breath_off_hold_breath_off.csv,76.0,88.0,hold_breath,accepted,,ambiguous_breathing_evidence,,1225,62.018,0.00017857,37.57884692933016,0.8397824741692839,44.748310527030895,30.24398374184965,10,1.8885191475847396,0.41666666666666663,58.4466001381943,0.8636511564254761,1.5749434500616994,1.1157935452435284
session_20260812_131729_hold_breath_off_hold_breath_off_w00023,session_20260812_131729_hold_breath_off_hold_breath_off,/Users/jandonyggarofalo/Documents/Desa/UNI/Semestre7/embebidos/esp-csi/examples/get-started/csi_send/data/raw/session_20260812_131729_hold_breath_off_hold_breath_off.csv,79.0,91.0,hold_breath,rejected,time_gap,not_evaluated,,1225,164.837,,,,,,,,,,,,
session_20260812_131729_hold_breath_off_hold_breath_off_w00024,session_20260812_131729_hold_breath_off_hold_breath_off,/Users/jandonyggarofalo/Documents/Desa/UNI/Semestre7/embebidos/esp-csi/examples/get-started/csi_send/data/raw/session_20260812_131729_hold_breath_off_hold_breath_off.csv,82.0,94.0,hold_breath,rejected,time_gap,not_evaluated,,1216,164.837,,,,,,,,,,,,
session_20260812_131729_hold_breath_off_hold_breath_off_w00025,session_20260812_131729_hold_breath_off_hold_breath_off,/Users/jandonyggarofalo/Documents/Desa/UNI/Semestre7/embebidos/esp-csi/examples/get-started/csi_send/data/raw/session_20260812_131729_hold_breath_off_hold_breath_off.csv,85.0,97.0,hold_breath,rejected,time_gap,not_evaluated,,1209,164.837,,,,,,,,,,,,
session_20260812_131923_hold_breath_off_hold_breath_off_w00000,session_20260812_131923_hold_breath_off_hold_breath_off,/Users/jandonyggarofalo/Documents/Desa/UNI/Semestre7/embebidos/esp-csi/examples/get-started/csi_send/data/raw/session_20260812_131923_hold_breath_off_hold_breath_off.csv,11.406646,23.406646,breathing,rejected,time_gap,not_evaluated,,716,4956.634,,,,,,,,,,,,
session_20260812_131923_hold_breath_off_hold_breath_off_w00001,session_20260812_131923_hold_breath_off_hold_breath_off,/Users/jandonyggarofalo/Documents/Desa/UNI/Semestre7/embebidos/esp-csi/examples/get-started/csi_send/data/raw/session_20260812_131923_hold_breath_off_hold_breath_off.csv,14.406646,26.406646,breathing,rejected,time_gap,not_evaluated,,889,309.83,,,,,,,,,,,,
session_20260812_131923_hold_breath_off_hold_breath_off_w00002,session_20260812_131923_hold_breath_off_hold_breath_off,/Users/jandonyggarofalo/Documents/Desa/UNI/Semestre7/embebidos/esp-csi/examples/get-started/csi_send/data/raw/session_20260812_131923_hold_breath_off_hold_breath_off.csv,17.406646,29.406646,breathing,rejected,time_gap,not_evaluated,,775,309.83,,,,,,,,,,,,
session_20260812_131923_hold_breath_off_hold_breath_off_w00003,session_20260812_131923_hold_breath_off_hold_breath_off,/Users/jandonyggarofalo/Documents/Desa/UNI/Semestre7/embebidos/esp-csi/examples/get-started/csi_send/data/raw/session_20260812_131923_hold_breath_off_hold_breath_off.csv,20.406646,32.406646,breathing,rejected,time_gap,not_evaluated,,538,4663.091,,,,,,,,,,,,
session_20260812_131923_hold_breath_off_hold_breath_off_w00004,session_20260812_131923_hold_breath_off_hold_breath_off,/Users/jandonyggarofalo/Documents/Desa/UNI/Semestre7/embebidos/esp-csi/examples/get-started/csi_send/data/raw/session_20260812_131923_hold_breath_off_hold_breath_off.csv,23.406646,35.406646,breathing,rejected,insufficient_samples,not_evaluated,,274,,,,,,,,,,,,,
session_20260812_131923_hold_breath_off_hold_breath_off_w00005,session_20260812_131923_hold_breath_off_hold_breath_off,/Users/jandonyggarofalo/Documents/Desa/UNI/Semestre7/embebidos/esp-csi/examples/get-started/csi_send/data/raw/session_20260812_131923_hold_breath_off_hold_breath_off.csv,26.406646,38.406646,breathing,rejected,insufficient_samples,not_evaluated,,113,,,,,,,,,,,,,
session_20260812_131923_hold_breath_off_hold_breath_off_w00006,session_20260812_131923_hold_breath_off_hold_breath_off,/Users/jandonyggarofalo/Documents/Desa/UNI/Semestre7/embebidos/esp-csi/examples/get-started/csi_send/data/raw/session_20260812_131923_hold_breath_off_hold_breath_off.csv,29.406646,41.406646,breathing,rejected,insufficient_samples,not_evaluated,,87,,,,,,,,,,,,,
session_20260812_131923_hold_breath_off_hold_breath_off_w00007,session_20260812_131923_hold_breath_off_hold_breath_off,/Users/jandonyggarofalo/Documents/Desa/UNI/Semestre7/embebidos/esp-csi/examples/get-started/csi_send/data/raw/session_20260812_131923_hold_breath_off_hold_breath_off.csv,32.406646,44.406646,breathing,rejected,insufficient_samples,not_evaluated,,51,,,,,,,,,,,,,
session_20260812_131923_hold_breath_off_hold_breath_off_w00008,session_20260812_131923_hold_breath_off_hold_breath_off,/Users/jandonyggarofalo/Documents/Desa/UNI/Semestre7/embebidos/esp-csi/examples/get-started/csi_send/data/raw/session_20260812_131923_hold_breath_off_hold_breath_off.csv,35.406646,47.406646,breathing,rejected,insufficient_samples,not_evaluated,,148,,,,,,,,,,,,,
session_20260812_131923_hold_breath_off_hold_breath_off_w00009,session_20260812_131923_hold_breath_off_hold_breath_off,/Users/jandonyggarofalo/Documents/Desa/UNI/Semestre7/embebidos/esp-csi/examples/get-started/csi_send/data/raw/session_20260812_131923_hold_breath_off_hold_breath_off.csv,38.406646,50.406646,breathing,rejected,insufficient_samples,not_evaluated,,403,,,,,,,,,,,,,
session_20260812_131923_hold_breath_off_hold_breath_off_w00010,session_20260812_131923_hold_breath_off_hold_breath_off,/Users/jandonyggarofalo/Documents/Desa/UNI/Semestre7/embebidos/esp-csi/examples/get-started/csi_send/data/raw/session_20260812_131923_hold_breath_off_hold_breath_off.csv,41.406646,53.406646,breathing,accepted,,trusted_breathing,breathing,704,58.68,0.00355114,27.39281191459751,0.46227562648478815,59.25644863181999,5.52980772098255,5,1.3458928994851311,0.25,59.23434927729087,0.841971755027771,1.4376366155439426,1.2040940972101681
session_20260812_131923_hold_breath_off_hold_breath_off_w00011,session_20260812_131923_hold_breath_off_hold_breath_off,/Users/jandonyggarofalo/Documents/Desa/UNI/Semestre7/embebidos/esp-csi/examples/get-started/csi_send/data/raw/session_20260812_131923_hold_breath_off_hold_breath_off.csv,44.406646,56.406646,breathing,accepted,,trusted_breathing,breathing,1005,91.851,0.00244092,13.3735464695095,0.23270139733530873,57.470847285809604,6.947310256354957,6,1.44788962996051,0.25,32.8649744474148,0.8613996505737305,1.12624659109891,1.2040940972101681
session_20260812_131923_hold_breath_off_hold_breath_off_w00012,session_20260812_131923_hold_breath_off_hold_breath_off,/Users/jandonyggarofalo/Documents/Desa/UNI/Semestre7/embebidos/esp-csi/examples/get-started/csi_send/data/raw/session_20260812_131923_hold_breath_off_hold_breath_off.csv,47.406646,59.406646,breathing,rejected,transition_guard,not_evaluated,,1210,,,,,,,,,,,,,
session_20260812_131923_hold_breath_off_hold_breath_off_w00013,session_20260812_131923_hold_breath_off_hold_breath_off,/Users/jandonyggarofalo/Documents/Desa/UNI/Semestre7/embebidos/esp-csi/examples/get-started/csi_send/data/raw/session_20260812_131923_hold_breath_off_hold_breath_off.csv,50.406646,62.406646,breathing,rejected,mixed_or_unknown_label,not_evaluated,,1193,,,,,,,,,,,,,
session_20260812_131923_hold_breath_off_hold_breath_off_w00014,session_20260812_131923_hold_breath_off_hold_breath_off,/Users/jandonyggarofalo/Documents/Desa/UNI/Semestre7/embebidos/esp-csi/examples/get-started/csi_send/data/raw/session_20260812_131923_hold_breath_off_hold_breath_off.csv,53.406646,65.406646,breathing,rejected,mixed_or_unknown_label,not_evaluated,,993,,,,,,,,,,,,,
session_20260812_131923_hold_breath_off_hold_breath_off_w00015,session_20260812_131923_hold_breath_off_hold_breath_off,/Users/jandonyggarofalo/Documents/Desa/UNI/Semestre7/embebidos/esp-csi/examples/get-started/csi_send/data/raw/session_20260812_131923_hold_breath_off_hold_breath_off.csv,56.406646,68.406646,breathing,rejected,mixed_or_unknown_label,not_evaluated,,723,,,,,,,,,,,,,
session_20260812_131923_hold_breath_off_hold_breath_off_w00016,session_20260812_131923_hold_breath_off_hold_breath_off,/Users/jandonyggarofalo/Documents/Desa/UNI/Semestre7/embebidos/esp-csi/examples/get-started/csi_send/data/raw/session_20260812_131923_hold_breath_off_hold_breath_off.csv,59.406646,71.406646,hold_breath,rejected,mixed_or_unknown_label,not_evaluated,,418,,,,,,,,,,,,,
session_20260812_131923_hold_breath_off_hold_breath_off_w00017,session_20260812_131923_hold_breath_off_hold_breath_off,/Users/jandonyggarofalo/Documents/Desa/UNI/Semestre7/embebidos/esp-csi/examples/get-started/csi_send/data/raw/session_20260812_131923_hold_breath_off_hold_breath_off.csv,62.406646,74.406646,hold_breath,rejected,insufficient_samples,not_evaluated,,168,,,,,,,,,,,,,
session_20260812_131923_hold_breath_off_hold_breath_off_w00018,session_20260812_131923_hold_breath_off_hold_breath_off,/Users/jandonyggarofalo/Documents/Desa/UNI/Semestre7/embebidos/esp-csi/examples/get-started/csi_send/data/raw/session_20260812_131923_hold_breath_off_hold_breath_off.csv,65.406646,77.406646,hold_breath,rejected,insufficient_samples,not_evaluated,,67,,,,,,,,,,,,,
session_20260812_131923_hold_breath_off_hold_breath_off_w00019,session_20260812_131923_hold_breath_off_hold_breath_off,/Users/jandonyggarofalo/Documents/Desa/UNI/Semestre7/embebidos/esp-csi/examples/get-started/csi_send/data/raw/session_20260812_131923_hold_breath_off_hold_breath_off.csv,68.406646,80.406646,hold_breath,rejected,insufficient_samples,not_evaluated,,69,,,,,,,,,,,,,
session_20260812_131923_hold_breath_off_hold_breath_off_w00020,session_20260812_131923_hold_breath_off_hold_breath_off,/Users/jandonyggarofalo/Documents/Desa/UNI/Semestre7/embebidos/esp-csi/examples/get-started/csi_send/data/raw/session_20260812_131923_hold_breath_off_hold_breath_off.csv,71.406646,83.406646,hold_breath,rejected,insufficient_samples,not_evaluated,,100,,,,,,,,,,,,,
session_20260812_131923_hold_breath_off_hold_breath_off_w00021,session_20260812_131923_hold_breath_off_hold_breath_off,/Users/jandonyggarofalo/Documents/Desa/UNI/Semestre7/embebidos/esp-csi/examples/get-started/csi_send/data/raw/session_20260812_131923_hold_breath_off_hold_breath_off.csv,74.406646,86.406646,hold_breath,rejected,insufficient_samples,not_evaluated,,64,,,,,,,,,,,,,
session_20260812_131923_hold_breath_off_hold_breath_off_w00022,session_20260812_131923_hold_breath_off_hold_breath_off,/Users/jandonyggarofalo/Documents/Desa/UNI/Semestre7/embebidos/esp-csi/examples/get-started/csi_send/data/raw/session_20260812_131923_hold_breath_off_hold_breath_off.csv,77.406646,89.406646,hold_breath,rejected,insufficient_samples,not_evaluated,,94,,,,,,,,,,,,,
session_20260812_131923_hold_breath_off_hold_breath_off_w00023,session_20260812_131923_hold_breath_off_hold_breath_off,/Users/jandonyggarofalo/Documents/Desa/UNI/Semestre7/embebidos/esp-csi/examples/get-started/csi_send/data/raw/session_20260812_131923_hold_breath_off_hold_breath_off.csv,80.406646,92.406646,hold_breath,rejected,insufficient_samples,not_evaluated,,61,,,,,,,,,,,,,
session_20260812_131923_hold_breath_off_hold_breath_off_w00024,session_20260812_131923_hold_breath_off_hold_breath_off,/Users/jandonyggarofalo/Documents/Desa/UNI/Semestre7/embebidos/esp-csi/examples/get-started/csi_send/data/raw/session_20260812_131923_hold_breath_off_hold_breath_off.csv,83.406646,95.406646,hold_breath,rejected,insufficient_samples,not_evaluated,,334,,,,,,,,,,,,,
session_20260812_131923_hold_breath_off_hold_breath_off_w00025,session_20260812_131923_hold_breath_off_hold_breath_off,/Users/jandonyggarofalo/Documents/Desa/UNI/Semestre7/embebidos/esp-csi/examples/get-started/csi_send/data/raw/session_20260812_131923_hold_breath_off_hold_breath_off.csv,86.406646,98.406646,hold_breath,rejected,time_gap,not_evaluated,,629,4888.269,,,,,,,,,,,,
session_20260812_131923_hold_breath_off_hold_breath_off_w00026,session_20260812_131923_hold_breath_off_hold_breath_off,/Users/jandonyggarofalo/Documents/Desa/UNI/Semestre7/embebidos/esp-csi/examples/get-started/csi_send/data/raw/session_20260812_131923_hold_breath_off_hold_breath_off.csv,89.406646,101.406646,hold_breath,accepted,,ambiguous_breathing_evidence,,908,82.848,0.00461178,84.36370178452,1.4524387236621328,58.084172784756085,29.72274015441366,9,1.4207834921675595,0.41666666666666663,219.2195276094123,0.8519814610481262,1.9261556278398395,1.2040940972101681
session_20260812_131923_hold_breath_off_hold_breath_off_w00027,session_20260812_131923_hold_breath_off_hold_breath_off,/Users/jandonyggarofalo/Documents/Desa/UNI/Semestre7/embebidos/esp-csi/examples/get-started/csi_send/data/raw/session_20260812_131923_hold_breath_off_hold_breath_off.csv,92.406646,104.406646,hold_breath,accepted,,ambiguous_breathing_evidence,,1207,82.848,0.00513282,67.67141146434658,2.0426363328332107,33.12944667465634,87.88689075481551,8,1.6930637359957261,0.16666666666666666,132.2922042472259,0.8384998440742493,1.9439241003589884,1.2040940972101681
session_20260812_131923_hold_breath_off_hold_breath_off_w00028,session_20260812_131923_hold_breath_off_hold_breath_off,/Users/jandonyggarofalo/Documents/Desa/UNI/Semestre7/embebidos/esp-csi/examples/get-started/csi_send/data/raw/session_20260812_131923_hold_breath_off_hold_breath_off.csv,95.406646,107.406646,hold_breath,rejected,transition_guard,not_evaluated,,1216,,,,,,,,,,,,,
session_20260812_132120_hold_breath_off_hold_breath_off_w00000,session_20260812_132120_hold_breath_off_hold_breath_off,/Users/jandonyggarofalo/Documents/Desa/UNI/Semestre7/embebidos/esp-csi/examples/get-started/csi_send/data/raw/session_20260812_132120_hold_breath_off_hold_breath_off.csv,10.0,22.0,breathing,accepted,,trusted_breathing,breathing,1232,48.467,0.00084339,11.284286501103134,0.2964177646075234,38.068860400476346,15.705072842391031,7,1.8966495013966107,0.3333333333333333,25.35216306637861,0.7296098470687866,1.196039955059614,1.1724884457935913
session_20260812_132120_hold_breath_off_hold_breath_off_w00001,session_20260812_132120_hold_breath_off_hold_breath_off,/Users/jandonyggarofalo/Documents/Desa/UNI/Semestre7/embebidos/esp-csi/examples/get-started/csi_send/data/raw/session_20260812_132120_hold_breath_off_hold_breath_off.csv,13.0,25.0,breathing,accepted,,trusted_breathing,breathing,1235,48.467,0.0003163,10.720025029696652,0.19680551239496066,54.470146182331604,8.26368824547786,11,1.441876845040222,0.5,20.77973600734292,0.6590486764907837,1.0301957993723188,1.1724884457935913
session_20260812_132120_hold_breath_off_hold_breath_off_w00002,session_20260812_132120_hold_breath_off_hold_breath_off,/Users/jandonyggarofalo/Documents/Desa/UNI/Semestre7/embebidos/esp-csi/examples/get-started/csi_send/data/raw/session_20260812_132120_hold_breath_off_hold_breath_off.csv,16.0,28.0,breathing,accepted,,trusted_breathing,breathing,1228,49.001,0.00016541,22.98700765324538,0.4020886950521731,57.168997626768714,8.471035961768182,10,1.2477319080930365,0.41666666666666663,60.336053979192904,0.5859331488609314,1.3614824404182644,1.1724884457935913
session_20260812_132120_hold_breath_off_hold_breath_off_w00003,session_20260812_132120_hold_breath_off_hold_breath_off,/Users/jandonyggarofalo/Documents/Desa/UNI/Semestre7/embebidos/esp-csi/examples/get-started/csi_send/data/raw/session_20260812_132120_hold_breath_off_hold_breath_off.csv,19.0,31.0,breathing,accepted,,trusted_breathing,breathing,1222,59.204,0.00068407,14.876077964266932,0.3586791180554827,41.474613980522655,14.543861441827964,8,1.9764487112588964,0.3333333333333333,22.608482181164316,0.513502299785614,1.1724884457935913,1.1724884457935913
session_20260812_132120_hold_breath_off_hold_breath_off_w00004,session_20260812_132120_hold_breath_off_hold_breath_off,/Users/jandonyggarofalo/Documents/Desa/UNI/Semestre7/embebidos/esp-csi/examples/get-started/csi_send/data/raw/session_20260812_132120_hold_breath_off_hold_breath_off.csv,22.0,34.0,breathing,accepted,,trusted_breathing,breathing,1210,59.204,0.00071668,4.663508437521964,0.14209241217558458,32.82024962547904,11.40364990709739,11,1.9287384111076318,0.5,10.403056314801312,0.46707049012184143,1.0171609494578904,1.1724884457935913
session_20260812_132120_hold_breath_off_hold_breath_off_w00005,session_20260812_132120_hold_breath_off_hold_breath_off,/Users/jandonyggarofalo/Documents/Desa/UNI/Semestre7/embebidos/esp-csi/examples/get-started/csi_send/data/raw/session_20260812_132120_hold_breath_off_hold_breath_off.csv,25.0,37.0,breathing,accepted,,trusted_breathing,breathing,1211,63.037,0.00116768,24.275925976462922,1.3631945598666642,17.808115357223528,86.60335335442507,3,1.4683444073065395,0.16666666666666666,74.49557606800052,0.45156243443489075,1.8721304828650422,1.1724884457935913
session_20260812_132120_hold_breath_off_hold_breath_off_w00006,session_20260812_132120_hold_breath_off_hold_breath_off,/Users/jandonyggarofalo/Documents/Desa/UNI/Semestre7/embebidos/esp-csi/examples/get-started/csi_send/data/raw/session_20260812_132120_hold_breath_off_hold_breath_off.csv,28.0,40.0,breathing,accepted,,trusted_breathing,breathing,1216,87.674,0.00116288,21.58231168522289,0.45344072019679155,47.59676562750838,15.889129480152985,9,1.6035403664206902,0.16666666666666666,52.74907530561816,0.47972938418388367,1.3340979601971221,1.1724884457935913
session_20260812_132120_hold_breath_off_hold_breath_off_w00007,session_20260812_132120_hold_breath_off_hold_breath_off,/Users/jandonyggarofalo/Documents/Desa/UNI/Semestre7/embebidos/esp-csi/examples/get-started/csi_send/data/raw/session_20260812_132120_hold_breath_off_hold_breath_off.csv,31.0,43.0,breathing,accepted,,trusted_breathing,breathing,1215,87.674,0.0005787,58.80919343223341,1.2018074429702525,48.933956746713314,22.792648938650007,5,1.9287271914318374,0.41666666666666663,89.03530378388034,0.528607189655304,1.769445223096444,1.1724884457935913
session_20260812_132120_hold_breath_off_hold_breath_off_w00008,session_20260812_132120_hold_breath_off_hold_breath_off,/Users/jandonyggarofalo/Documents/Desa/UNI/Semestre7/embebidos/esp-csi/examples/get-started/csi_send/data/raw/session_20260812_132120_hold_breath_off_hold_breath_off.csv,34.0,46.0,breathing,accepted,,trusted_breathing,breathing,1221,87.674,0.00104934,50.1051784190988,1.283539396139566,39.03672810492492,61.6559365768914,8,1.9594739149948186,0.3333333333333333,62.39384423836297,0.6074236631393433,1.7899748992360323,1.1724884457935913
session_20260812_132120_hold_breath_off_hold_breath_off_w00009,session_20260812_132120_hold_breath_off_hold_breath_off,/Users/jandonyggarofalo/Documents/Desa/UNI/Semestre7/embebidos/esp-csi/examples/get-started/csi_send/data/raw/session_20260812_132120_hold_breath_off_hold_breath_off.csv,37.0,49.0,breathing,accepted,,trusted_breathing,breathing,1210,87.674,0.00218233,11.050626195318868,0.20868154415900533,52.95449695755493,11.008656913147542,5,1.5467769816670949,0.16666666666666666,26.92639791398172,0.6461005210876465,1.0433868884705966,1.1724884457935913
session_20260812_132120_hold_breath_off_hold_breath_off_w00010,session_20260812_132120_hold_breath_off_hold_breath_off,/Users/jandonyggarofalo/Documents/Desa/UNI/Semestre7/embebidos/esp-csi/examples/get-started/csi_send/data/raw/session_20260812_132120_hold_breath_off_hold_breath_off.csv,40.0,52.0,breathing,accepted,,trusted_breathing,breathing,1209,55.168,0.00241677,18.83296600552365,0.3479326645057869,54.12819182188711,7.297617398090105,6,1.5373686906583506,0.16666666666666666,42.108978998582245,0.6914925575256348,1.2749187224805134,1.1724884457935913
session_20260812_132120_hold_breath_off_hold_breath_off_w00011,session_20260812_132120_hold_breath_off_hold_breath_off,/Users/jandonyggarofalo/Documents/Desa/UNI/Semestre7/embebidos/esp-csi/examples/get-started/csi_send/data/raw/session_20260812_132120_hold_breath_off_hold_breath_off.csv,43.0,55.0,breathing,accepted,,trusted_breathing,breathing,1217,53.901,0.0033638,17.58393955716438,0.5643521795291317,31.157741911804816,36.94637134424854,6,1.7711366586050645,0.41666666666666663,37.722816177051875,0.7361307144165039,1.5675717909702302,1.1724884457935913
session_20260812_132120_hold_breath_off_hold_breath_off_w00012,session_20260812_132120_hold_breath_off_hold_breath_off,/Users/jandonyggarofalo/Documents/Desa/UNI/Semestre7/embebidos/esp-csi/examples/get-started/csi_send/data/raw/session_20260812_132120_hold_breath_off_hold_breath_off.csv,46.0,58.0,breathing,accepted,,trusted_breathing,breathing,1219,53.901,0.00392868,39.12327281028434,1.0565401459462491,37.02961308224409,50.86558309568324,8,1.8454149117710683,0.16666666666666666,66.32520885949386,0.7704644203186035,1.7064240273806388,1.1724884457935913
session_20260812_132120_hold_breath_off_hold_breath_off_w00013,session_20260812_132120_hold_breath_off_hold_breath_off,/Users/jandonyggarofalo/Documents/Desa/UNI/Semestre7/embebidos/esp-csi/examples/get-started/csi_send/data/raw/session_20260812_132120_hold_breath_off_hold_breath_off.csv,49.0,61.0,breathing,rejected,mixed_or_unknown_label,not_evaluated,,1227,,,,,,,,,,,,,
session_20260812_132120_hold_breath_off_hold_breath_off_w00014,session_20260812_132120_hold_breath_off_hold_breath_off,/Users/jandonyggarofalo/Documents/Desa/UNI/Semestre7/embebidos/esp-csi/examples/get-started/csi_send/data/raw/session_20260812_132120_hold_breath_off_hold_breath_off.csv,52.0,64.0,breathing,rejected,mixed_or_unknown_label,not_evaluated,,1229,,,,,,,,,,,,,
session_20260812_132120_hold_breath_off_hold_breath_off_w00015,session_20260812_132120_hold_breath_off_hold_breath_off,/Users/jandonyggarofalo/Documents/Desa/UNI/Semestre7/embebidos/esp-csi/examples/get-started/csi_send/data/raw/session_20260812_132120_hold_breath_off_hold_breath_off.csv,55.0,67.0,hold_breath,rejected,mixed_or_unknown_label,not_evaluated,,1215,,,,,,,,,,,,,
session_20260812_132120_hold_breath_off_hold_breath_off_w00016,session_20260812_132120_hold_breath_off_hold_breath_off,/Users/jandonyggarofalo/Documents/Desa/UNI/Semestre7/embebidos/esp-csi/examples/get-started/csi_send/data/raw/session_20260812_132120_hold_breath_off_hold_breath_off.csv,58.0,70.0,hold_breath,rejected,mixed_or_unknown_label,not_evaluated,,1217,,,,,,,,,,,,,
session_20260812_132120_hold_breath_off_hold_breath_off_w00017,session_20260812_132120_hold_breath_off_hold_breath_off,/Users/jandonyggarofalo/Documents/Desa/UNI/Semestre7/embebidos/esp-csi/examples/get-started/csi_send/data/raw/session_20260812_132120_hold_breath_off_hold_breath_off.csv,61.0,73.0,hold_breath,rejected,transition_guard,not_evaluated,,1219,,,,,,,,,,,,,
session_20260812_132120_hold_breath_off_hold_breath_off_w00018,session_20260812_132120_hold_breath_off_hold_breath_off,/Users/jandonyggarofalo/Documents/Desa/UNI/Semestre7/embebidos/esp-csi/examples/get-started/csi_send/data/raw/session_20260812_132120_hold_breath_off_hold_breath_off.csv,64.0,76.0,hold_breath,accepted,,ambiguous_breathing_evidence,,1219,73.124,0.0004294,46.798136484745484,1.0317506066053594,45.357992702009845,37.05541970056295,7,1.885120057405712,0.25,79.98404274162431,0.8225910663604736,1.6702285596872672,1.1724884457935913
session_20260812_132120_hold_breath_off_hold_breath_off_w00019,session_20260812_132120_hold_breath_off_hold_breath_off,/Users/jandonyggarofalo/Documents/Desa/UNI/Semestre7/embebidos/esp-csi/examples/get-started/csi_send/data/raw/session_20260812_132120_hold_breath_off_hold_breath_off.csv,67.0,79.0,hold_breath,accepted,,ambiguous_breathing_evidence,,1233,66.972,0.0,46.64565072758609,0.7898435637384055,59.05682196959191,13.253511182785232,8,1.5843593672595169,0.25,89.85050296850281,0.8558562397956848,1.66881115605538,1.1724884457935913
session_20260812_132120_hold_breath_off_hold_breath_off_w00020,session_20260812_132120_hold_breath_off_hold_breath_off,/Users/jandonyggarofalo/Documents/Desa/UNI/Semestre7/embebidos/esp-csi/examples/get-started/csi_send/data/raw/session_20260812_132120_hold_breath_off_hold_breath_off.csv,70.0,82.0,hold_breath,accepted,,ambiguous_breathing_evidence,,1226,85.89,0.0,25.73015659278395,0.47410005275589184,54.271575046581596,13.80700921829259,8,1.7244161432693028,0.25,49.98120731659846,0.7604792714118958,1.410442429318604,1.1724884457935913
session_20260812_132120_hold_breath_off_hold_breath_off_w00021,session_20260812_132120_hold_breath_off_hold_breath_off,/Users/jandonyggarofalo/Documents/Desa/UNI/Semestre7/embebidos/esp-csi/examples/get-started/csi_send/data/raw/session_20260812_132120_hold_breath_off_hold_breath_off.csv,73.0,85.0,hold_breath,accepted,,high_confidence_hold,hold_breath,1218,85.89,0.00017318,5.869751793477392,0.3115185778201202,18.84238119772078,31.614122067585875,7,1.544739154509684,0.3333333333333333,14.06669429389495,0.6954008340835571,1.1481920492046733,1.1724884457935913
session_20260812_132120_hold_breath_off_hold_breath_off_w00022,session_20260812_132120_hold_breath_off_hold_breath_off,/Users/jandonyggarofalo/Documents/Desa/UNI/Semestre7/embebidos/esp-csi/examples/get-started/csi_send/data/raw/session_20260812_132120_hold_breath_off_hold_breath_off.csv,76.0,88.0,hold_breath,accepted,,ambiguous_breathing_evidence,,1205,85.89,0.00030472,25.566688824626887,0.47351420774353453,53.993498835879414,15.072966717647274,9,1.3302023873508542,0.41666666666666663,70.89937586410743,0.6274601221084595,1.4076744856208225,1.1724884457935913
session_20260812_132120_hold_breath_off_hold_breath_off_w00023,session_20260812_132120_hold_breath_off_hold_breath_off,/Users/jandonyggarofalo/Documents/Desa/UNI/Semestre7/embebidos/esp-csi/examples/get-started/csi_send/data/raw/session_20260812_132120_hold_breath_off_hold_breath_off.csv,79.0,91.0,hold_breath,accepted,,ambiguous_breathing_evidence,,1181,85.89,0.00024476,50.052957726903415,1.1697399516562628,42.789816365585736,34.30319230738052,7,1.7342969411402047,0.41666666666666663,117.81936453931466,0.6036617159843445,1.699429745881677,1.1724884457935913
session_20260812_132120_hold_breath_off_hold_breath_off_w00024,session_20260812_132120_hold_breath_off_hold_breath_off,/Users/jandonyggarofalo/Documents/Desa/UNI/Semestre7/embebidos/esp-csi/examples/get-started/csi_send/data/raw/session_20260812_132120_hold_breath_off_hold_breath_off.csv,82.0,94.0,hold_breath,accepted,,ambiguous_breathing_evidence,,1202,79.732,0.00014299,38.08285380364832,0.7139059815990854,53.34435455813495,16.813276408312912,7,1.7580221116902914,0.41666666666666663,66.67568099057355,0.6323196291923523,1.5807294855301424,1.1724884457935913
session_20260812_132120_hold_breath_off_hold_breath_off_w00025,session_20260812_132120_hold_breath_off_hold_breath_off,/Users/jandonyggarofalo/Documents/Desa/UNI/Semestre7/embebidos/esp-csi/examples/get-started/csi_send/data/raw/session_20260812_132120_hold_breath_off_hold_breath_off.csv,85.0,97.0,hold_breath,accepted,,ambiguous_breathing_evidence,,1205,79.732,0.00011022,35.93434001302997,0.7878393981022289,45.611250338005526,35.06560498419875,7,1.7334403748479201,0.3333333333333333,62.074588497593915,0.6866180300712585,1.5555096728095485,1.1724884457935913
session_20260812_132120_hold_breath_off_hold_breath_off_w00026,session_20260812_132120_hold_breath_off_hold_breath_off,/Users/jandonyggarofalo/Documents/Desa/UNI/Semestre7/embebidos/esp-csi/examples/get-started/csi_send/data/raw/session_20260812_132120_hold_breath_off_hold_breath_off.csv,88.0,100.0,hold_breath,accepted,,ambiguous_breathing_evidence,,1209,79.732,0.00014862,29.043554508944254,0.9360616785244041,31.02739400110591,45.64450993382379,6,1.8153628136872808,0.16666666666666666,47.870980572844445,0.7442790865898132,1.6593885485991215,1.1724884457935913
session_20260812_132120_hold_breath_off_hold_breath_off_w00027,session_20260812_132120_hold_breath_off_hold_breath_off,/Users/jandonyggarofalo/Documents/Desa/UNI/Semestre7/embebidos/esp-csi/examples/get-started/csi_send/data/raw/session_20260812_132120_hold_breath_off_hold_breath_off.csv,91.0,103.0,hold_breath,accepted,,ambiguous_breathing_evidence,,1233,41.354,0.00020909,14.508417026194172,0.5041117116108152,28.780162594925375,46.68672142836136,6,1.8485649293938888,0.16666666666666666,22.90095906607245,0.7349395155906677,1.359853670478828,1.1724884457935913
session_20260812_132120_hold_breath_off_hold_breath_off_w00028,session_20260812_132120_hold_breath_off_hold_breath_off,/Users/jandonyggarofalo/Documents/Desa/UNI/Semestre7/embebidos/esp-csi/examples/get-started/csi_send/data/raw/session_20260812_132120_hold_breath_off_hold_breath_off.csv,94.0,106.0,hold_breath,accepted,,ambiguous_breathing_evidence,,1220,53.602,0.00028817,31.406256555161256,1.2008737986262332,26.152836868506082,54.72090516437479,3,1.5840286886937507,0.16666666666666666,81.54044936494076,0.7218175530433655,1.7381532726419266,1.1724884457935913
session_20260812_132120_hold_breath_off_hold_breath_off_w00029,session_20260812_132120_hold_breath_off_hold_breath_off,/Users/jandonyggarofalo/Documents/Desa/UNI/Semestre7/embebidos/esp-csi/examples/get-started/csi_send/data/raw/session_20260812_132120_hold_breath_off_hold_breath_off.csv,97.0,109.0,hold_breath,accepted,,ambiguous_breathing_evidence,,1219,63.023,0.00074985,20.31791829639996,0.41433784740000307,49.03708030499068,13.815375944602208,10,1.9132401907467023,0.16666666666666666,29.592211430738093,0.663417637348175,1.3078792095814433,1.1724884457935913
session_20260812_132120_hold_breath_off_hold_breath_off_w00030,session_20260812_132120_hold_breath_off_hold_breath_off,/Users/jandonyggarofalo/Documents/Desa/UNI/Semestre7/embebidos/esp-csi/examples/get-started/csi_send/data/raw/session_20260812_132120_hold_breath_off_hold_breath_off.csv,100.0,112.0,hold_breath,accepted,,ambiguous_breathing_evidence,,1221,63.023,0.00154842,26.609262878633313,0.459799222550162,57.87148297248914,6.332530613909948,8,1.5990161279125295,0.25,51.30522061368433,0.6543184518814087,1.4250328440299453,1.1724884457935913
session_20260812_132120_hold_breath_off_hold_breath_off_w00031,session_20260812_132120_hold_breath_off_hold_breath_off,/Users/jandonyggarofalo/Documents/Desa/UNI/Semestre7/embebidos/esp-csi/examples/get-started/csi_send/data/raw/session_20260812_132120_hold_breath_off_hold_breath_off.csv,103.0,115.0,hold_breath,accepted,,ambiguous_breathing_evidence,,1222,63.023,0.00246778,22.49910999408251,0.7061801803659321,31.86029659228321,36.20429465786886,7,1.711569167189874,0.3333333333333333,47.96742756686503,0.6674115657806396,1.5587600908532115,1.1724884457935913
session_20260812_132120_hold_breath_off_hold_breath_off_w00032,session_20260812_132120_hold_breath_off_hold_breath_off,/Users/jandonyggarofalo/Documents/Desa/UNI/Semestre7/embebidos/esp-csi/examples/get-started/csi_send/data/raw/session_20260812_132120_hold_breath_off_hold_breath_off.csv,106.0,118.0,hold_breath,rejected,transition_guard,not_evaluated,,1219,,,,,,,,,,,,,
session_20260812_132357_hold_breath_off_hold_breath_off_w00000,session_20260812_132357_hold_breath_off_hold_breath_off,/Users/jandonyggarofalo/Documents/Desa/UNI/Semestre7/embebidos/esp-csi/examples/get-started/csi_send/data/raw/session_20260812_132357_hold_breath_off_hold_breath_off.csv,10.0,22.0,breathing,accepted,,trusted_breathing,breathing,1225,60.49,0.00435587,20.32476021346783,0.5698129918320961,35.66917656279265,46.24719985412196,7,1.868164843549026,0.16666666666666666,33.47753662259659,0.8851450681686401,1.524753493808306,1.3734294664501376
session_20260812_132357_hold_breath_off_hold_breath_off_w00001,session_20260812_132357_hold_breath_off_hold_breath_off,/Users/jandonyggarofalo/Documents/Desa/UNI/Semestre7/embebidos/esp-csi/examples/get-started/csi_send/data/raw/session_20260812_132357_hold_breath_off_hold_breath_off.csv,13.0,25.0,breathing,accepted,,trusted_breathing,breathing,1214,60.49,0.00420228,85.1271952580789,6.01183214999371,14.159942116506663,489.7024425110713,7,1.3590562728787632,0.16666666666666666,278.0818396324483,0.8837268352508545,2.4441726278251705,1.3734294664501376
session_20260812_132357_hold_breath_off_hold_breath_off_w00002,session_20260812_132357_hold_breath_off_hold_breath_off,/Users/jandonyggarofalo/Documents/Desa/UNI/Semestre7/embebidos/esp-csi/examples/get-started/csi_send/data/raw/session_20260812_132357_hold_breath_off_hold_breath_off.csv,16.0,28.0,breathing,accepted,,trusted_breathing,breathing,1222,46.596,0.0042323,25.9369810161546,0.4464066571610461,58.10168956942649,9.46875338250499,8,1.5686571998327914,0.41666666666666663,56.60977899891855,0.8721008896827698,1.413919424164128,1.3734294664501376
session_20260812_132357_hold_breath_off_hold_breath_off_w00003,session_20260812_132357_hold_breath_off_hold_breath_off,/Users/jandonyggarofalo/Documents/Desa/UNI/Semestre7/embebidos/esp-csi/examples/get-started/csi_send/data/raw/session_20260812_132357_hold_breath_off_hold_breath_off.csv,19.0,31.0,breathing,accepted,,trusted_breathing,breathing,1220,46.596,0.004854,23.6281362460997,0.4410119462481578,53.57708889080875,13.291051208643072,8,1.7007222299848905,0.25,35.13070455055326,0.8708552718162537,1.3734294664501376,1.3734294664501376
session_20260812_132357_hold_breath_off_hold_breath_off_w00004,session_20260812_132357_hold_breath_off_hold_breath_off,/Users/jandonyggarofalo/Documents/Desa/UNI/Semestre7/embebidos/esp-csi/examples/get-started/csi_send/data/raw/session_20260812_132357_hold_breath_off_hold_breath_off.csv,22.0,34.0,breathing,accepted,,trusted_breathing,breathing,1213,46.596,0.00732301,73.32158764828213,1.3608993838482937,53.877302406363484,17.30616292038093,7,1.583625219568527,0.25,128.15005020561395,0.8719373941421509,1.8652318602648583,1.3734294664501376
session_20260812_132357_hold_breath_off_hold_breath_off_w00005,session_20260812_132357_hold_breath_off_hold_breath_off,/Users/jandonyggarofalo/Documents/Desa/UNI/Semestre7/embebidos/esp-csi/examples/get-started/csi_send/data/raw/session_20260812_132357_hold_breath_off_hold_breath_off.csv,25.0,37.0,breathing,accepted,,trusted_breathing,breathing,1219,41.81,0.007883,70.80304533455862,1.425165453409932,49.68057930754744,43.139529163650195,8,1.6995932712069302,0.16666666666666666,124.31908381260183,0.8762817978858948,1.8500519376834355,1.3734294664501376
session_20260812_132357_hold_breath_off_hold_breath_off_w00006,session_20260812_132357_hold_breath_off_hold_breath_off,/Users/jandonyggarofalo/Documents/Desa/UNI/Semestre7/embebidos/esp-csi/examples/get-started/csi_send/data/raw/session_20260812_132357_hold_breath_off_hold_breath_off.csv,28.0,40.0,breathing,accepted,,trusted_breathing,breathing,1219,41.81,0.008024,40.03808019849853,0.8250814637053934,48.52621463417841,16.230771843047602,9,1.864825758334844,0.41666666666666663,68.52086348921253,0.8634840846061707,1.6024732451512669,1.3734294664501376
session_20260812_132357_hold_breath_off_hold_breath_off_w00007,session_20260812_132357_hold_breath_off_hold_breath_off,/Users/jandonyggarofalo/Documents/Desa/UNI/Semestre7/embebidos/esp-csi/examples/get-started/csi_send/data/raw/session_20260812_132357_hold_breath_off_hold_breath_off.csv,31.0,43.0,breathing,accepted,,trusted_breathing,breathing,1207,88.096,0.00919118,44.54655347727285,2.1052821309312115,21.159422208912112,180.58240802390034,8,1.608673771802997,0.16666666666666666,107.97649758192631,0.8506551384925842,2.0333292362162427,1.3734294664501376
session_20260812_132357_hold_breath_off_hold_breath_off_w00008,session_20260812_132357_hold_breath_off_hold_breath_off,/Users/jandonyggarofalo/Documents/Desa/UNI/Semestre7/embebidos/esp-csi/examples/get-started/csi_send/data/raw/session_20260812_132357_hold_breath_off_hold_breath_off.csv,34.0,46.0,breathing,accepted,,trusted_breathing,breathing,1216,88.096,0.00668817,7.684814902572708,0.16369203851306333,46.94678478154868,10.512983946955273,8,1.7258961850685521,0.3333333333333333,21.99721134417837,0.8147888779640198,1.0217260012582907,1.3734294664501376
session_20260812_132357_hold_breath_off_hold_breath_off_w00009,session_20260812_132357_hold_breath_off_hold_breath_off,/Users/jandonyggarofalo/Documents/Desa/UNI/Semestre7/embebidos/esp-csi/examples/get-started/csi_send/data/raw/session_20260812_132357_hold_breath_off_hold_breath_off.csv,37.0,49.0,breathing,accepted,,trusted_breathing,breathing,1221,88.096,0.00595695,14.390183284289913,0.4070110169603581,35.355758651752,21.442353968561125,5,1.552247043879699,0.16666666666666666,45.133669604792466,0.8141250014305115,1.3312724610319036,1.3734294664501376
session_20260812_132357_hold_breath_off_hold_breath_off_w00010,session_20260812_132357_hold_breath_off_hold_breath_off,/Users/jandonyggarofalo/Documents/Desa/UNI/Semestre7/embebidos/esp-csi/examples/get-started/csi_send/data/raw/session_20260812_132357_hold_breath_off_hold_breath_off.csv,40.0,52.0,breathing,accepted,,trusted_breathing,breathing,1224,88.096,0.00356158,50.56531893971186,1.9404120039125798,26.05906314624298,120.81083695819713,5,1.5543015845921817,0.16666666666666666,150.96732693457616,0.8293214440345764,2.082105893060377,1.3734294664501376
session_20260812_132357_hold_breath_off_hold_breath_off_w00011,session_20260812_132357_hold_breath_off_hold_breath_off,/Users/jandonyggarofalo/Documents/Desa/UNI/Semestre7/embebidos/esp-csi/examples/get-started/csi_send/data/raw/session_20260812_132357_hold_breath_off_hold_breath_off.csv,43.0,55.0,breathing,accepted,,trusted_breathing,breathing,1233,64.841,0.00256615,18.01861835378699,0.35993003531928086,50.06144690801719,11.46613937557862,8,1.5911619125357828,0.3333333333333333,44.22296202810173,0.8263149857521057,1.2557214867356936,1.3734294664501376
session_20260812_132357_hold_breath_off_hold_breath_off_w00012,session_20260812_132357_hold_breath_off_hold_breath_off,/Users/jandonyggarofalo/Documents/Desa/UNI/Semestre7/embebidos/esp-csi/examples/get-started/csi_send/data/raw/session_20260812_132357_hold_breath_off_hold_breath_off.csv,46.0,58.0,breathing,accepted,,trusted_breathing,breathing,1230,58.027,0.0037284,54.454440473668264,1.398459633036876,38.93887187531956,72.15116569073791,5,1.8437850749761697,0.3333333333333333,101.28368358576675,0.8451489210128784,1.8582433520471973,1.3734294664501376
session_20260812_132357_hold_breath_off_hold_breath_off_w00013,session_20260812_132357_hold_breath_off_hold_breath_off,/Users/jandonyggarofalo/Documents/Desa/UNI/Semestre7/embebidos/esp-csi/examples/get-started/csi_send/data/raw/session_20260812_132357_hold_breath_off_hold_breath_off.csv,49.0,61.0,breathing,rejected,mixed_or_unknown_label,not_evaluated,,1223,,,,,,,,,,,,,
session_20260812_132357_hold_breath_off_hold_breath_off_w00014,session_20260812_132357_hold_breath_off_hold_breath_off,/Users/jandonyggarofalo/Documents/Desa/UNI/Semestre7/embebidos/esp-csi/examples/get-started/csi_send/data/raw/session_20260812_132357_hold_breath_off_hold_breath_off.csv,52.0,64.0,breathing,rejected,mixed_or_unknown_label,not_evaluated,,1222,,,,,,,,,,,,,
session_20260812_132357_hold_breath_off_hold_breath_off_w00015,session_20260812_132357_hold_breath_off_hold_breath_off,/Users/jandonyggarofalo/Documents/Desa/UNI/Semestre7/embebidos/esp-csi/examples/get-started/csi_send/data/raw/session_20260812_132357_hold_breath_off_hold_breath_off.csv,55.0,67.0,hold_breath,rejected,mixed_or_unknown_label,not_evaluated,,1229,,,,,,,,,,,,,
session_20260812_132357_hold_breath_off_hold_breath_off_w00016,session_20260812_132357_hold_breath_off_hold_breath_off,/Users/jandonyggarofalo/Documents/Desa/UNI/Semestre7/embebidos/esp-csi/examples/get-started/csi_send/data/raw/session_20260812_132357_hold_breath_off_hold_breath_off.csv,58.0,70.0,hold_breath,rejected,mixed_or_unknown_label,not_evaluated,,1229,,,,,,,,,,,,,
session_20260812_132357_hold_breath_off_hold_breath_off_w00017,session_20260812_132357_hold_breath_off_hold_breath_off,/Users/jandonyggarofalo/Documents/Desa/UNI/Semestre7/embebidos/esp-csi/examples/get-started/csi_send/data/raw/session_20260812_132357_hold_breath_off_hold_breath_off.csv,61.0,73.0,hold_breath,rejected,transition_guard,not_evaluated,,1234,,,,,,,,,,,,,
session_20260812_132357_hold_breath_off_hold_breath_off_w00018,session_20260812_132357_hold_breath_off_hold_breath_off,/Users/jandonyggarofalo/Documents/Desa/UNI/Semestre7/embebidos/esp-csi/examples/get-started/csi_send/data/raw/session_20260812_132357_hold_breath_off_hold_breath_off.csv,64.0,76.0,hold_breath,accepted,,ambiguous_breathing_evidence,,1232,63.366,0.00837688,13.554122464892227,0.5055905158648751,26.808498260058172,26.2943426130463,9,1.7327683385025383,0.41666666666666663,28.909395401073166,0.8522018790245056,1.4198623174542908,1.3734294664501376
session_20260812_132357_hold_breath_off_hold_breath_off_w00019,session_20260812_132357_hold_breath_off_hold_breath_off,/Users/jandonyggarofalo/Documents/Desa/UNI/Semestre7/embebidos/esp-csi/examples/get-started/csi_send/data/raw/session_20260812_132357_hold_breath_off_hold_breath_off.csv,67.0,79.0,hold_breath,accepted,,ambiguous_breathing_evidence,,1231,63.366,0.00966567,44.937928168880816,1.1020011772462441,40.778475646581434,56.409661679835445,9,1.877252145131022,0.41666666666666663,98.03523438342938,0.8598315119743347,1.751353495027277,1.3734294664501376
session_20260812_132357_hold_breath_off_hold_breath_off_w00020,session_20260812_132357_hold_breath_off_hold_breath_off,/Users/jandonyggarofalo/Documents/Desa/UNI/Semestre7/embebidos/esp-csi/examples/get-started/csi_send/data/raw/session_20260812_132357_hold_breath_off_hold_breath_off.csv,70.0,82.0,hold_breath,accepted,,ambiguous_breathing_evidence,,1230,63.366,0.01028328,65.09882637245326,2.048901375429531,31.772552428871396,84.17733269454078,7,1.8392860224483307,0.41666666666666663,102.90978199203934,0.8602429032325745,1.9251951602526456,1.3734294664501376
session_20260812_132357_hold_breath_off_hold_breath_off_w00021,session_20260812_132357_hold_breath_off_hold_breath_off,/Users/jandonyggarofalo/Documents/Desa/UNI/Semestre7/embebidos/esp-csi/examples/get-started/csi_send/data/raw/session_20260812_132357_hold_breath_off_hold_breath_off.csv,73.0,85.0,hold_breath,accepted,,ambiguous_breathing_evidence,,1229,63.366,0.00945891,32.49151560863437,0.6009425975296849,54.06758605920812,24.94710379176962,6,1.6264366937370967,0.3333333333333333,72.99413129172221,0.8548447489738464,1.5117699700435072,1.3734294664501376
session_20260812_132357_hold_breath_off_hold_breath_off_w00022,session_20260812_132357_hold_breath_off_hold_breath_off,/Users/jandonyggarofalo/Documents/Desa/UNI/Semestre7/embebidos/esp-csi/examples/get-started/csi_send/data/raw/session_20260812_132357_hold_breath_off_hold_breath_off.csv,76.0,88.0,hold_breath,accepted,,ambiguous_breathing_evidence,,1229,52.927,0.00729124,51.67079334443154,0.9686607473905395,53.34250766697563,21.967348519563444,6,1.6551219575375844,0.3333333333333333,97.03947696792578,0.8414932489395142,1.7132451296792837,1.3734294664501376
session_20260812_132357_hold_breath_off_hold_breath_off_w00023,session_20260812_132357_hold_breath_off_hold_breath_off,/Users/jandonyggarofalo/Documents/Desa/UNI/Semestre7/embebidos/esp-csi/examples/get-started/csi_send/data/raw/session_20260812_132357_hold_breath_off_hold_breath_off.csv,79.0,91.0,hold_breath,accepted,,ambiguous_breathing_evidence,,1225,52.927,0.00513393,48.337508532675116,1.0497905084544028,46.044909096954925,47.267501905577355,8,1.772734054917935,0.16666666666666666,83.53654857568684,0.8436952233314514,1.6842842617440406,1.3734294664501376
session_20260812_132357_hold_breath_off_hold_breath_off_w00024,session_20260812_132357_hold_breath_off_hold_breath_off,/Users/jandonyggarofalo/Documents/Desa/UNI/Semestre7/embebidos/esp-csi/examples/get-started/csi_send/data/raw/session_20260812_132357_hold_breath_off_hold_breath_off.csv,82.0,94.0,hold_breath,accepted,,ambiguous_breathing_evidence,,1229,52.927,0.00306397,61.94825681625055,1.2825860977153796,48.299491883272594,32.56296609967099,6,1.6558347488811649,0.41666666666666663,127.276569011919,0.8590413331985474,1.7920290901191152,1.3734294664501376
session_20260812_132357_hold_breath_off_hold_breath_off_w00025,session_20260812_132357_hold_breath_off_hold_breath_off,/Users/jandonyggarofalo/Documents/Desa/UNI/Semestre7/embebidos/esp-csi/examples/get-started/csi_send/data/raw/session_20260812_132357_hold_breath_off_hold_breath_off.csv,85.0,97.0,hold_breath,accepted,,ambiguous_breathing_evidence,,1226,48.478,0.00275923,108.1405078246247,2.143267570052391,50.455906362606335,56.918871138872895,8,1.4838108550186153,0.41666666666666663,244.28890982113677,0.8738625645637512,2.0339884046784342,1.3734294664501376
session_20260812_132357_hold_breath_off_hold_breath_off_w00026,session_20260812_132357_hold_breath_off_hold_breath_off,/Users/jandonyggarofalo/Documents/Desa/UNI/Semestre7/embebidos/esp-csi/examples/get-started/csi_send/data/raw/session_20260812_132357_hold_breath_off_hold_breath_off.csv,88.0,100.0,hold_breath,accepted,,ambiguous_breathing_evidence,,1229,60.333,0.00235201,92.39669775724258,1.9605676933577043,47.12752233459236,76.59174156607237,7,1.7451371057448992,0.41666666666666663,183.34204649488137,0.8855423331260681,1.9656564498842324,1.3734294664501376
session_20260812_132357_hold_breath_off_hold_breath_off_w00027,session_20260812_132357_hold_breath_off_hold_breath_off,/Users/jandonyggarofalo/Documents/Desa/UNI/Semestre7/embebidos/esp-csi/examples/get-started/csi_send/data/raw/session_20260812_132357_hold_breath_off_hold_breath_off.csv,91.0,103.0,hold_breath,accepted,,high_confidence_hold,hold_breath,1231,60.333,0.00187855,20.627588276621445,0.3897841540509246,52.92054092551327,20.443149054615567,8,1.703104652842206,0.3333333333333333,38.22731693647577,0.8927502036094666,1.3144484543724786,1.3734294664501376
session_20260812_132357_hold_breath_off_hold_breath_off_w00028,session_20260812_132357_hold_breath_off_hold_breath_off,/Users/jandonyggarofalo/Documents/Desa/UNI/Semestre7/embebidos/esp-csi/examples/get-started/csi_send/data/raw/session_20260812_132357_hold_breath_off_hold_breath_off.csv,94.0,106.0,hold_breath,accepted,,high_confidence_hold,hold_breath,1228,60.333,0.00182589,11.10520760112303,0.3208524575387718,34.61157095780221,17.083191503241622,9,1.8694849103665216,0.41666666666666663,18.875122280139514,0.8825528621673584,1.2325690093721415,1.3734294664501376
session_20260812_132357_hold_breath_off_hold_breath_off_w00029,session_20260812_132357_hold_breath_off_hold_breath_off,/Users/jandonyggarofalo/Documents/Desa/UNI/Semestre7/embebidos/esp-csi/examples/get-started/csi_send/data/raw/session_20260812_132357_hold_breath_off_hold_breath_off.csv,97.0,109.0,hold_breath,accepted,,ambiguous_breathing_evidence,,1228,60.333,0.00110062,50.665469290238704,1.0316096255691927,49.11302496061416,42.265708075174544,11,1.7993742905183105,0.41666666666666663,101.22337144345992,0.8996226191520691,1.7047120696701163,1.3734294664501376
session_20260812_132357_hold_breath_off_hold_breath_off_w00030,session_20260812_132357_hold_breath_off_hold_breath_off,/Users/jandonyggarofalo/Documents/Desa/UNI/Semestre7/embebidos/esp-csi/examples/get-started/csi_send/data/raw/session_20260812_132357_hold_breath_off_hold_breath_off.csv,100.0,112.0,hold_breath,rejected,transition_guard,not_evaluated,,1231,,,,,,,,,,,,,
session_20260812_132610_hold_breath_off_hold_breath_off_w00000,session_20260812_132610_hold_breath_off_hold_breath_off,/Users/jandonyggarofalo/Documents/Desa/UNI/Semestre7/embebidos/esp-csi/examples/get-started/csi_send/data/raw/session_20260812_132610_hold_breath_off_hold_breath_off.csv,10.0,22.0,breathing,accepted,,trusted_breathing,breathing,1210,83.554,0.00474561,63.15447794226991,1.2946598234829612,48.780750585369724,36.53685840870593,9,1.7470460690930405,0.41666666666666663,140.34150195791582,0.8577628135681152,1.8004041494546308,1.3358011927057871
session_20260812_132610_hold_breath_off_hold_breath_off_w00001,session_20260812_132610_hold_breath_off_hold_breath_off,/Users/jandonyggarofalo/Documents/Desa/UNI/Semestre7/embebidos/esp-csi/examples/get-started/csi_send/data/raw/session_20260812_132610_hold_breath_off_hold_breath_off.csv,13.0,25.0,breathing,rejected,time_gap,not_evaluated,,1198,102.599,,,,,,,,,,,,
session_20260812_132610_hold_breath_off_hold_breath_off_w00002,session_20260812_132610_hold_breath_off_hold_breath_off,/Users/jandonyggarofalo/Documents/Desa/UNI/Semestre7/embebidos/esp-csi/examples/get-started/csi_send/data/raw/session_20260812_132610_hold_breath_off_hold_breath_off.csv,16.0,28.0,breathing,rejected,time_gap,not_evaluated,,1196,102.599,,,,,,,,,,,,
session_20260812_132610_hold_breath_off_hold_breath_off_w00003,session_20260812_132610_hold_breath_off_hold_breath_off,/Users/jandonyggarofalo/Documents/Desa/UNI/Semestre7/embebidos/esp-csi/examples/get-started/csi_send/data/raw/session_20260812_132610_hold_breath_off_hold_breath_off.csv,19.0,31.0,breathing,rejected,time_gap,not_evaluated,,1208,102.599,,,,,,,,,,,,
session_20260812_132610_hold_breath_off_hold_breath_off_w00004,session_20260812_132610_hold_breath_off_hold_breath_off,/Users/jandonyggarofalo/Documents/Desa/UNI/Semestre7/embebidos/esp-csi/examples/get-started/csi_send/data/raw/session_20260812_132610_hold_breath_off_hold_breath_off.csv,22.0,34.0,breathing,rejected,time_gap,not_evaluated,,1210,102.599,,,,,,,,,,,,
session_20260812_132610_hold_breath_off_hold_breath_off_w00005,session_20260812_132610_hold_breath_off_hold_breath_off,/Users/jandonyggarofalo/Documents/Desa/UNI/Semestre7/embebidos/esp-csi/examples/get-started/csi_send/data/raw/session_20260812_132610_hold_breath_off_hold_breath_off.csv,25.0,37.0,breathing,accepted,,trusted_breathing,breathing,1205,43.153,0.00195799,13.754794328225188,0.30266432187179015,45.445707783180104,15.26536047752035,9,2.016854920696646,0.41666666666666663,18.24887047464495,0.8569549918174744,1.183707064222622,1.3358011927057871
session_20260812_132610_hold_breath_off_hold_breath_off_w00006,session_20260812_132610_hold_breath_off_hold_breath_off,/Users/jandonyggarofalo/Documents/Desa/UNI/Semestre7/embebidos/esp-csi/examples/get-started/csi_send/data/raw/session_20260812_132610_hold_breath_off_hold_breath_off.csv,28.0,40.0,breathing,accepted,,trusted_breathing,breathing,1210,78.538,0.00213068,6.588046662959283,0.19572006311564605,33.66055864713732,14.265623706678388,8,2.073277140599901,0.25,10.940291052963993,0.8678429126739502,1.0390288760207418,1.3358011927057871
session_20260812_132610_hold_breath_off_hold_breath_off_w00007,session_20260812_132610_hold_breath_off_hold_breath_off,/Users/jandonyggarofalo/Documents/Desa/UNI/Semestre7/embebidos/esp-csi/examples/get-started/csi_send/data/raw/session_20260812_132610_hold_breath_off_hold_breath_off.csv,31.0,43.0,breathing,accepted,,trusted_breathing,breathing,1208,78.538,0.00185612,21.667120204589615,0.46080762299764827,47.01988231790422,13.520478458186963,8,1.6395222112501036,0.25,54.12863356094283,0.872861385345459,1.3358011927057871,1.3358011927057871
session_20260812_132610_hold_breath_off_hold_breath_off_w00008,session_20260812_132610_hold_breath_off_hold_breath_off,/Users/jandonyggarofalo/Documents/Desa/UNI/Semestre7/embebidos/esp-csi/examples/get-started/csi_send/data/raw/session_20260812_132610_hold_breath_off_hold_breath_off.csv,34.0,46.0,breathing,accepted,,trusted_breathing,breathing,1211,78.538,0.00228375,47.5473107657037,0.8325411809636674,57.11106171422118,23.512947008404957,7,1.477700094976898,0.3333333333333333,104.82222814417635,0.8655897974967957,1.6771259586521368,1.3358011927057871
session_20260812_132610_hold_breath_off_hold_breath_off_w00009,session_20260812_132610_hold_breath_off_hold_breath_off,/Users/jandonyggarofalo/Documents/Desa/UNI/Semestre7/embebidos/esp-csi/examples/get-started/csi_send/data/raw/session_20260812_132610_hold_breath_off_hold_breath_off.csv,37.0,49.0,breathing,accepted,,trusted_breathing,breathing,1220,78.538,0.00253586,86.24514316274522,1.7399712425695284,49.56699343796732,46.83780523629699,6,1.6291702656381,0.41666666666666663,173.94311828480807,0.8733606338500977,1.9357346474321575,1.3358011927057871
session_20260812_132610_hold_breath_off_hold_breath_off_w00010,session_20260812_132610_hold_breath_off_hold_breath_off,/Users/jandonyggarofalo/Documents/Desa/UNI/Semestre7/embebidos/esp-csi/examples/get-started/csi_send/data/raw/session_20260812_132610_hold_breath_off_hold_breath_off.csv,40.0,52.0,breathing,accepted,,trusted_breathing,breathing,1221,67.716,0.00381987,48.408483366653755,0.8667861691622728,55.8482415719479,20.827895082642385,7,1.7032167966246354,0.41666666666666663,78.45872379114587,0.8566475510597229,1.6849214764477318,1.3358011927057871
session_20260812_132610_hold_breath_off_hold_breath_off_w00011,session_20260812_132610_hold_breath_off_hold_breath_off,/Users/jandonyggarofalo/Documents/Desa/UNI/Semestre7/embebidos/esp-csi/examples/get-started/csi_send/data/raw/session_20260812_132610_hold_breath_off_hold_breath_off.csv,43.0,55.0,breathing,accepted,,trusted_breathing,breathing,1224,51.968,0.00572534,55.499766122097256,1.9999696892894823,27.750303626744756,106.53197027296142,6,1.7240513441976726,0.16666666666666666,121.53445784695677,0.8615726232528687,2.0274799592259396,1.3358011927057871
session_20260812_132610_hold_breath_off_hold_breath_off_w00012,session_20260812_132610_hold_breath_off_hold_breath_off,/Users/jandonyggarofalo/Documents/Desa/UNI/Semestre7/embebidos/esp-csi/examples/get-started/csi_send/data/raw/session_20260812_132610_hold_breath_off_hold_breath_off.csv,46.0,58.0,breathing,accepted,,trusted_breathing,breathing,1230,36.799,0.00432546,42.145645138335276,1.124573878505984,37.476991013066225,51.99104632710748,7,1.878656319336954,0.5,54.88251149739998,0.8534897565841675,1.7159285577589665,1.3358011927057871
session_20260812_132610_hold_breath_off_hold_breath_off_w00013,session_20260812_132610_hold_breath_off_hold_breath_off,/Users/jandonyggarofalo/Documents/Desa/UNI/Semestre7/embebidos/esp-csi/examples/get-started/csi_send/data/raw/session_20260812_132610_hold_breath_off_hold_breath_off.csv,49.0,61.0,breathing,rejected,mixed_or_unknown_label,not_evaluated,,1223,,,,,,,,,,,,,
session_20260812_132610_hold_breath_off_hold_breath_off_w00014,session_20260812_132610_hold_breath_off_hold_breath_off,/Users/jandonyggarofalo/Documents/Desa/UNI/Semestre7/embebidos/esp-csi/examples/get-started/csi_send/data/raw/session_20260812_132610_hold_breath_off_hold_breath_off.csv,52.0,64.0,breathing,rejected,mixed_or_unknown_label,not_evaluated,,1215,,,,,,,,,,,,,
session_20260812_132610_hold_breath_off_hold_breath_off_w00015,session_20260812_132610_hold_breath_off_hold_breath_off,/Users/jandonyggarofalo/Documents/Desa/UNI/Semestre7/embebidos/esp-csi/examples/get-started/csi_send/data/raw/session_20260812_132610_hold_breath_off_hold_breath_off.csv,55.0,67.0,hold_breath,rejected,mixed_or_unknown_label,not_evaluated,,1210,,,,,,,,,,,,,
session_20260812_132610_hold_breath_off_hold_breath_off_w00016,session_20260812_132610_hold_breath_off_hold_breath_off,/Users/jandonyggarofalo/Documents/Desa/UNI/Semestre7/embebidos/esp-csi/examples/get-started/csi_send/data/raw/session_20260812_132610_hold_breath_off_hold_breath_off.csv,58.0,70.0,hold_breath,rejected,mixed_or_unknown_label,not_evaluated,,1198,,,,,,,,,,,,,
session_20260812_132610_hold_breath_off_hold_breath_off_w00017,session_20260812_132610_hold_breath_off_hold_breath_off,/Users/jandonyggarofalo/Documents/Desa/UNI/Semestre7/embebidos/esp-csi/examples/get-started/csi_send/data/raw/session_20260812_132610_hold_breath_off_hold_breath_off.csv,61.0,73.0,hold_breath,rejected,transition_guard,not_evaluated,,1208,,,,,,,,,,,,,
session_20260812_132610_hold_breath_off_hold_breath_off_w00018,session_20260812_132610_hold_breath_off_hold_breath_off,/Users/jandonyggarofalo/Documents/Desa/UNI/Semestre7/embebidos/esp-csi/examples/get-started/csi_send/data/raw/session_20260812_132610_hold_breath_off_hold_breath_off.csv,64.0,76.0,hold_breath,accepted,,high_confidence_hold,hold_breath,1218,55.583,0.00170618,11.34797929838164,0.48107430029195364,23.58882877649296,43.663575469847,6,1.7364115181902475,0.3333333333333333,18.759036816350324,0.7868027687072754,1.2732105357444077,1.3358011927057871
session_20260812_132610_hold_breath_off_hold_breath_off_w00019,session_20260812_132610_hold_breath_off_hold_breath_off,/Users/jandonyggarofalo/Documents/Desa/UNI/Semestre7/embebidos/esp-csi/examples/get-started/csi_send/data/raw/session_20260812_132610_hold_breath_off_hold_breath_off.csv,67.0,79.0,hold_breath,accepted,,high_confidence_hold,hold_breath,1227,69.971,0.0038967,6.851026496528026,0.7250808554408679,9.448637962386934,67.75144278295797,5,1.314842210499652,0.25,12.492252526912207,0.8160788416862488,1.0966407547717736,1.3358011927057871
session_20260812_132610_hold_breath_off_hold_breath_off_w00020,session_20260812_132610_hold_breath_off_hold_breath_off,/Users/jandonyggarofalo/Documents/Desa/UNI/Semestre7/embebidos/esp-csi/examples/get-started/csi_send/data/raw/session_20260812_132610_hold_breath_off_hold_breath_off.csv,70.0,82.0,hold_breath,accepted,,ambiguous_breathing_evidence,,1235,69.971,0.00428264,26.260624960384384,0.546305881567296,48.06945311479579,26.027411557890986,6,1.7331158800633806,0.3333333333333333,55.79399467635017,0.8445545434951782,1.4193050573824442,1.3358011927057871
session_20260812_132610_hold_breath_off_hold_breath_off_w00021,session_20260812_132610_hold_breath_off_hold_breath_off,/Users/jandonyggarofalo/Documents/Desa/UNI/Semestre7/embebidos/esp-csi/examples/get-started/csi_send/data/raw/session_20260812_132610_hold_breath_off_hold_breath_off.csv,73.0,85.0,hold_breath,accepted,,ambiguous_breathing_evidence,,1216,69.971,0.00547389,48.5220975661814,1.4159746360903167,34.26763186953879,62.524361075492685,9,1.7860003266802646,0.41666666666666663,91.13490837817952,0.865330159664154,1.7960492624528368,1.3358011927057871
session_20260812_132610_hold_breath_off_hold_breath_off_w00022,session_20260812_132610_hold_breath_off_hold_breath_off,/Users/jandonyggarofalo/Documents/Desa/UNI/Semestre7/embebidos/esp-csi/examples/get-started/csi_send/data/raw/session_20260812_132610_hold_breath_off_hold_breath_off.csv,76.0,88.0,hold_breath,accepted,,ambiguous_breathing_evidence,,1209,69.971,0.01391904,37.17164570213437,0.6614467361029506,56.19748903907602,18.50850222377876,10,1.6810171742377003,0.5,68.89784507957005,0.87623131275177,1.5702117890627587,1.3358011927057871
session_20260812_132610_hold_breath_off_hold_breath_off_w00023,session_20260812_132610_hold_breath_off_hold_breath_off,/Users/jandonyggarofalo/Documents/Desa/UNI/Semestre7/embebidos/esp-csi/examples/get-started/csi_send/data/raw/session_20260812_132610_hold_breath_off_hold_breath_off.csv,79.0,91.0,hold_breath,accepted,,ambiguous_breathing_evidence,,1202,40.866,0.01468256,55.332244850559505,1.16864614267451,47.34730456892735,27.99391937205088,9,1.921221047107084,0.25,73.70552150195948,0.8914557099342346,1.7429782900665705,1.3358011927057871
session_20260812_132610_hold_breath_off_hold_breath_off_w00024,session_20260812_132610_hold_breath_off_hold_breath_off,/Users/jandonyggarofalo/Documents/Desa/UNI/Semestre7/embebidos/esp-csi/examples/get-started/csi_send/data/raw/session_20260812_132610_hold_breath_off_hold_breath_off.csv,82.0,94.0,hold_breath,rejected,time_gap,not_evaluated,,1203,116.296,,,,,,,,,,,,
session_20260812_132610_hold_breath_off_hold_breath_off_w00025,session_20260812_132610_hold_breath_off_hold_breath_off,/Users/jandonyggarofalo/Documents/Desa/UNI/Semestre7/embebidos/esp-csi/examples/get-started/csi_send/data/raw/session_20260812_132610_hold_breath_off_hold_breath_off.csv,85.0,97.0,hold_breath,rejected,time_gap,not_evaluated,,1222,116.296,,,,,,,,,,,,
session_20260812_132610_hold_breath_off_hold_breath_off_w00026,session_20260812_132610_hold_breath_off_hold_breath_off,/Users/jandonyggarofalo/Documents/Desa/UNI/Semestre7/embebidos/esp-csi/examples/get-started/csi_send/data/raw/session_20260812_132610_hold_breath_off_hold_breath_off.csv,88.0,100.0,hold_breath,rejected,time_gap,not_evaluated,,1222,116.296,,,,,,,,,,,,
session_20260812_132610_hold_breath_off_hold_breath_off_w00027,session_20260812_132610_hold_breath_off_hold_breath_off,/Users/jandonyggarofalo/Documents/Desa/UNI/Semestre7/embebidos/esp-csi/examples/get-started/csi_send/data/raw/session_20260812_132610_hold_breath_off_hold_breath_off.csv,91.0,103.0,hold_breath,rejected,time_gap,not_evaluated,,1223,116.296,,,,,,,,,,,,
session_20260812_132610_hold_breath_off_hold_breath_off_w00028,session_20260812_132610_hold_breath_off_hold_breath_off,/Users/jandonyggarofalo/Documents/Desa/UNI/Semestre7/embebidos/esp-csi/examples/get-started/csi_send/data/raw/session_20260812_132610_hold_breath_off_hold_breath_off.csv,94.0,106.0,hold_breath,accepted,,ambiguous_breathing_evidence,,1221,84.338,0.00298807,65.82027397004477,2.1639758003449554,30.41636323267666,120.41479090960725,6,1.7263248659657353,0.3333333333333333,148.29518645573432,0.8512455224990845,2.08067983589102,1.3358011927057871
session_20260812_133128_hold_breath_off_hold_breath_off_w00000,session_20260812_133128_hold_breath_off_hold_breath_off,/Users/jandonyggarofalo/Documents/Desa/UNI/Semestre7/embebidos/esp-csi/examples/get-started/csi_send/data/raw/session_20260812_133128_hold_breath_off_hold_breath_off.csv,10.0,22.0,breathing,accepted,,trusted_breathing,breathing,1198,57.031,0.00311065,43.04843422586403,0.9884204882842735,43.55275384927025,46.49910768518729,8,1.8995722684873868,0.41666666666666663,93.9564220175511,0.8614234328269958,1.667444618887435,1.7760848073323408
session_20260812_133128_hold_breath_off_hold_breath_off_w00001,session_20260812_133128_hold_breath_off_hold_breath_off,/Users/jandonyggarofalo/Documents/Desa/UNI/Semestre7/embebidos/esp-csi/examples/get-started/csi_send/data/raw/session_20260812_133128_hold_breath_off_hold_breath_off.csv,13.0,25.0,breathing,accepted,,trusted_breathing,breathing,1190,57.031,0.00530462,75.54232746694626,1.3639608159688035,55.3845290733181,20.719505924545235,9,1.2007985562870542,0.41666666666666663,179.8322001796003,0.8699284791946411,1.8781903613556885,1.7760848073323408
session_20260812_133128_hold_breath_off_hold_breath_off_w00002,session_20260812_133128_hold_breath_off_hold_breath_off,/Users/jandonyggarofalo/Documents/Desa/UNI/Semestre7/embebidos/esp-csi/examples/get-started/csi_send/data/raw/session_20260812_133128_hold_breath_off_hold_breath_off.csv,16.0,28.0,breathing,accepted,,trusted_breathing,breathing,1192,51.744,0.00843514,55.68901710220795,1.4327461629924763,38.86872534759077,64.90799641169842,7,1.95705197741033,0.41666666666666663,91.91780375992832,0.8796781897544861,1.8122982034806427,1.7760848073323408
session_20260812_133128_hold_breath_off_hold_breath_off_w00003,session_20260812_133128_hold_breath_off_hold_breath_off,/Users/jandonyggarofalo/Documents/Desa/UNI/Semestre7/embebidos/esp-csi/examples/get-started/csi_send/data/raw/session_20260812_133128_hold_breath_off_hold_breath_off.csv,19.0,31.0,breathing,rejected,time_gap,not_evaluated,,1041,240.293,,,,,,,,,,,,
session_20260812_133128_hold_breath_off_hold_breath_off_w00004,session_20260812_133128_hold_breath_off_hold_breath_off,/Users/jandonyggarofalo/Documents/Desa/UNI/Semestre7/embebidos/esp-csi/examples/get-started/csi_send/data/raw/session_20260812_133128_hold_breath_off_hold_breath_off.csv,22.0,34.0,breathing,rejected,time_gap,not_evaluated,,776,3749.736,,,,,,,,,,,,
session_20260812_133128_hold_breath_off_hold_breath_off_w00005,session_20260812_133128_hold_breath_off_hold_breath_off,/Users/jandonyggarofalo/Documents/Desa/UNI/Semestre7/embebidos/esp-csi/examples/get-started/csi_send/data/raw/session_20260812_133128_hold_breath_off_hold_breath_off.csv,25.0,37.0,breathing,rejected,time_gap,not_evaluated,,483,3749.736,,,,,,,,,,,,
session_20260812_133128_hold_breath_off_hold_breath_off_w00006,session_20260812_133128_hold_breath_off_hold_breath_off,/Users/jandonyggarofalo/Documents/Desa/UNI/Semestre7/embebidos/esp-csi/examples/get-started/csi_send/data/raw/session_20260812_133128_hold_breath_off_hold_breath_off.csv,28.0,40.0,breathing,rejected,insufficient_samples,not_evaluated,,368,,,,,,,,,,,,,
session_20260812_133128_hold_breath_off_hold_breath_off_w00007,session_20260812_133128_hold_breath_off_hold_breath_off,/Users/jandonyggarofalo/Documents/Desa/UNI/Semestre7/embebidos/esp-csi/examples/get-started/csi_send/data/raw/session_20260812_133128_hold_breath_off_hold_breath_off.csv,31.0,43.0,breathing,rejected,time_gap,not_evaluated,,515,4859.298,,,,,,,,,,,,
session_20260812_133128_hold_breath_off_hold_breath_off_w00008,session_20260812_133128_hold_breath_off_hold_breath_off,/Users/jandonyggarofalo/Documents/Desa/UNI/Semestre7/embebidos/esp-csi/examples/get-started/csi_send/data/raw/session_20260812_133128_hold_breath_off_hold_breath_off.csv,34.0,46.0,breathing,rejected,time_gap,not_evaluated,,775,113.897,,,,,,,,,,,,
session_20260812_133128_hold_breath_off_hold_breath_off_w00009,session_20260812_133128_hold_breath_off_hold_breath_off,/Users/jandonyggarofalo/Documents/Desa/UNI/Semestre7/embebidos/esp-csi/examples/get-started/csi_send/data/raw/session_20260812_133128_hold_breath_off_hold_breath_off.csv,37.0,49.0,breathing,rejected,time_gap,not_evaluated,,1079,113.897,,,,,,,,,,,,
session_20260812_133128_hold_breath_off_hold_breath_off_w00010,session_20260812_133128_hold_breath_off_hold_breath_off,/Users/jandonyggarofalo/Documents/Desa/UNI/Semestre7/embebidos/esp-csi/examples/get-started/csi_send/data/raw/session_20260812_133128_hold_breath_off_hold_breath_off.csv,40.0,52.0,breathing,rejected,time_gap,not_evaluated,,1195,107.047,,,,,,,,,,,,
session_20260812_133128_hold_breath_off_hold_breath_off_w00011,session_20260812_133128_hold_breath_off_hold_breath_off,/Users/jandonyggarofalo/Documents/Desa/UNI/Semestre7/embebidos/esp-csi/examples/get-started/csi_send/data/raw/session_20260812_133128_hold_breath_off_hold_breath_off.csv,43.0,55.0,breathing,rejected,time_gap,not_evaluated,,1199,104.406,,,,,,,,,,,,
session_20260812_133128_hold_breath_off_hold_breath_off_w00012,session_20260812_133128_hold_breath_off_hold_breath_off,/Users/jandonyggarofalo/Documents/Desa/UNI/Semestre7/embebidos/esp-csi/examples/get-started/csi_send/data/raw/session_20260812_133128_hold_breath_off_hold_breath_off.csv,46.0,58.0,breathing,accepted,,trusted_breathing,breathing,1206,51.26,0.00564236,104.47391655739348,3.0098546274675257,34.71061878003806,134.3238418055415,7,1.7373464219529158,0.3333333333333333,229.5688403072437,0.8086225986480713,2.1281531045943116,1.7760848073323408
session_20260812_133128_hold_breath_off_hold_breath_off_w00013,session_20260812_133128_hold_breath_off_hold_breath_off,/Users/jandonyggarofalo/Documents/Desa/UNI/Semestre7/embebidos/esp-csi/examples/get-started/csi_send/data/raw/session_20260812_133128_hold_breath_off_hold_breath_off.csv,49.0,61.0,breathing,rejected,mixed_or_unknown_label,not_evaluated,,1207,,,,,,,,,,,,,
session_20260812_133128_hold_breath_off_hold_breath_off_w00014,session_20260812_133128_hold_breath_off_hold_breath_off,/Users/jandonyggarofalo/Documents/Desa/UNI/Semestre7/embebidos/esp-csi/examples/get-started/csi_send/data/raw/session_20260812_133128_hold_breath_off_hold_breath_off.csv,52.0,64.0,breathing,rejected,mixed_or_unknown_label,not_evaluated,,1211,,,,,,,,,,,,,
session_20260812_133128_hold_breath_off_hold_breath_off_w00015,session_20260812_133128_hold_breath_off_hold_breath_off,/Users/jandonyggarofalo/Documents/Desa/UNI/Semestre7/embebidos/esp-csi/examples/get-started/csi_send/data/raw/session_20260812_133128_hold_breath_off_hold_breath_off.csv,55.0,67.0,hold_breath,rejected,mixed_or_unknown_label,not_evaluated,,1208,,,,,,,,,,,,,
session_20260812_133128_hold_breath_off_hold_breath_off_w00016,session_20260812_133128_hold_breath_off_hold_breath_off,/Users/jandonyggarofalo/Documents/Desa/UNI/Semestre7/embebidos/esp-csi/examples/get-started/csi_send/data/raw/session_20260812_133128_hold_breath_off_hold_breath_off.csv,58.0,70.0,hold_breath,rejected,mixed_or_unknown_label,not_evaluated,,1200,,,,,,,,,,,,,
session_20260812_133128_hold_breath_off_hold_breath_off_w00017,session_20260812_133128_hold_breath_off_hold_breath_off,/Users/jandonyggarofalo/Documents/Desa/UNI/Semestre7/embebidos/esp-csi/examples/get-started/csi_send/data/raw/session_20260812_133128_hold_breath_off_hold_breath_off.csv,61.0,73.0,hold_breath,rejected,transition_guard,not_evaluated,,1188,,,,,,,,,,,,,
session_20260812_133128_hold_breath_off_hold_breath_off_w00018,session_20260812_133128_hold_breath_off_hold_breath_off,/Users/jandonyggarofalo/Documents/Desa/UNI/Semestre7/embebidos/esp-csi/examples/get-started/csi_send/data/raw/session_20260812_133128_hold_breath_off_hold_breath_off.csv,64.0,76.0,hold_breath,accepted,,high_confidence_hold,hold_breath,1186,48.678,0.0084317,36.142928743026175,0.758591069334202,47.64481181501432,41.549310264817514,9,1.6288703841630723,0.41666666666666663,105.76209862762815,0.7893176078796387,1.618563818717733,1.7760848073323408
session_20260812_133128_hold_breath_off_hold_breath_off_w00019,session_20260812_133128_hold_breath_off_hold_breath_off,/Users/jandonyggarofalo/Documents/Desa/UNI/Semestre7/embebidos/esp-csi/examples/get-started/csi_send/data/raw/session_20260812_133128_hold_breath_off_hold_breath_off.csv,67.0,79.0,hold_breath,accepted,,ambiguous_breathing_evidence,,1188,48.678,0.00923953,36.64007807132685,1.4643117412154527,25.02204758727722,89.35833567009358,7,1.7239329504132281,0.41666666666666663,69.14707467064758,0.8066546320915222,1.8397738116142586,1.7760848073323408
session_20260812_133128_hold_breath_off_hold_breath_off_w00020,session_20260812_133128_hold_breath_off_hold_breath_off,/Users/jandonyggarofalo/Documents/Desa/UNI/Semestre7/embebidos/esp-csi/examples/get-started/csi_send/data/raw/session_20260812_133128_hold_breath_off_hold_breath_off.csv,70.0,82.0,hold_breath,accepted,,high_confidence_hold,hold_breath,1196,54.133,0.00798234,28.493654880293537,0.6685103010726494,42.62261155068485,20.431030244080628,6,1.8090986665621684,0.41666666666666663,62.74827761818608,0.782859206199646,1.454748159753288,1.7760848073323408
session_20260812_133128_hold_breath_off_hold_breath_off_w00021,session_20260812_133128_hold_breath_off_hold_breath_off,/Users/jandonyggarofalo/Documents/Desa/UNI/Semestre7/embebidos/esp-csi/examples/get-started/csi_send/data/raw/session_20260812_133128_hold_breath_off_hold_breath_off.csv,73.0,85.0,hold_breath,accepted,,ambiguous_breathing_evidence,,1205,54.133,0.00917401,90.98046936399665,4.943149490060556,18.405364747094406,337.1120356113466,6,1.453948307112269,0.16666666666666666,281.49001549584347,0.80661541223526,2.4494629949530435,1.7760848073323408
session_20260812_133128_hold_breath_off_hold_breath_off_w00022,session_20260812_133128_hold_breath_off_hold_breath_off,/Users/jandonyggarofalo/Documents/Desa/UNI/Semestre7/embebidos/esp-csi/examples/get-started/csi_send/data/raw/session_20260812_133128_hold_breath_off_hold_breath_off.csv,76.0,88.0,hold_breath,accepted,,high_confidence_hold,hold_breath,1203,54.133,0.00802681,43.32926471489679,0.7530322417876814,57.53972049321097,12.00359851281783,8,1.3047681347971065,0.41666666666666663,116.63457776253912,0.8137159943580627,1.6367813192450378,1.7760848073323408
session_20260812_133128_hold_breath_off_hold_breath_off_w00023,session_20260812_133128_hold_breath_off_hold_breath_off,/Users/jandonyggarofalo/Documents/Desa/UNI/Semestre7/embebidos/esp-csi/examples/get-started/csi_send/data/raw/session_20260812_133128_hold_breath_off_hold_breath_off.csv,79.0,91.0,hold_breath,accepted,,high_confidence_hold,hold_breath,1193,54.133,0.00863108,23.763120098549752,0.5225517900622723,45.475148206214044,23.724122282815607,9,1.6696841231059878,0.3333333333333333,52.360434520219755,0.7920616865158081,1.3759034629346267,1.7760848073323408
session_20260812_133128_hold_breath_off_hold_breath_off_w00024,session_20260812_133128_hold_breath_off_hold_breath_off,/Users/jandonyggarofalo/Documents/Desa/UNI/Semestre7/embebidos/esp-csi/examples/get-started/csi_send/data/raw/session_20260812_133128_hold_breath_off_hold_breath_off.csv,82.0,94.0,hold_breath,accepted,,high_confidence_hold,hold_breath,1190,56.003,0.00890888,6.960805246530116,0.24105521140318972,28.876393943039773,14.176791659671878,9,1.8722207619593418,0.41666666666666663,12.409153969389926,0.8083268404006958,1.0937421732030048,1.7760848073323408
session_20260812_133128_hold_breath_off_hold_breath_off_w00025,session_20260812_133128_hold_breath_off_hold_breath_off,/Users/jandonyggarofalo/Documents/Desa/UNI/Semestre7/embebidos/esp-csi/examples/get-started/csi_send/data/raw/session_20260812_133128_hold_breath_off_hold_breath_off.csv,85.0,97.0,hold_breath,accepted,,high_confidence_hold,hold_breath,1190,56.003,0.00613839,5.902466839866655,0.14430760794854142,40.9019796234895,9.606967188412222,6,1.8899314550283774,0.16666666666666666,13.600350936678849,0.8086329102516174,0.9825863074170352,1.7760848073323408
session_20260812_133128_hold_breath_off_hold_breath_off_w00026,session_20260812_133128_hold_breath_off_hold_breath_off,/Users/jandonyggarofalo/Documents/Desa/UNI/Semestre7/embebidos/esp-csi/examples/get-started/csi_send/data/raw/session_20260812_133128_hold_breath_off_hold_breath_off.csv,88.0,100.0,hold_breath,accepted,,high_confidence_hold,hold_breath,1188,56.003,0.00651042,9.976666411212062,0.2963083751486816,33.6698765472704,11.960378573392514,7,1.866242490496288,0.25,19.136129943766644,0.8462363481521606,1.0777449262856493,1.7760848073323408
session_20260812_133128_hold_breath_off_hold_breath_off_w00027,session_20260812_133128_hold_breath_off_hold_breath_off,/Users/jandonyggarofalo/Documents/Desa/UNI/Semestre7/embebidos/esp-csi/examples/get-started/csi_send/data/raw/session_20260812_133128_hold_breath_off_hold_breath_off.csv,91.0,103.0,hold_breath,accepted,,high_confidence_hold,hold_breath,1193,56.003,0.00616225,25.46466485727219,0.4989073522995408,51.040869090925575,18.55773722875084,8,1.6849004434490618,0.25,48.87920359060549,0.8603208065032959,1.4059379647613741,1.7760848073323408
session_20260812_133128_hold_breath_off_hold_breath_off_w00028,session_20260812_133128_hold_breath_off_hold_breath_off,/Users/jandonyggarofalo/Documents/Desa/UNI/Semestre7/embebidos/esp-csi/examples/get-started/csi_send/data/raw/session_20260812_133128_hold_breath_off_hold_breath_off.csv,94.0,106.0,hold_breath,accepted,,high_confidence_hold,hold_breath,1194,48.07,0.00594116,35.72762739789723,0.7347330432965535,48.626678388586086,37.90094038025186,8,1.8810451107445145,0.3333333333333333,55.91196954107164,0.7393465638160706,1.5786499856115586,1.7760848073323408
session_20260812_133128_hold_breath_off_hold_breath_off_w00029,session_20260812_133128_hold_breath_off_hold_breath_off,/Users/jandonyggarofalo/Documents/Desa/UNI/Semestre7/embebidos/esp-csi/examples/get-started/csi_send/data/raw/session_20260812_133128_hold_breath_off_hold_breath_off.csv,97.0,109.0,hold_breath,accepted,,ambiguous_breathing_evidence,,1204,48.07,0.00510668,98.0375790533603,4.4240191440142835,22.16029720078933,341.6551434085115,5,1.6225545766881155,0.25,176.60297385095956,0.7620751261711121,2.246998012470247,1.7760848073323408
session_20260812_133128_hold_breath_off_hold_breath_off_w00030,session_20260812_133128_hold_breath_off_hold_breath_off,/Users/jandonyggarofalo/Documents/Desa/UNI/Semestre7/embebidos/esp-csi/examples/get-started/csi_send/data/raw/session_20260812_133128_hold_breath_off_hold_breath_off.csv,100.0,112.0,hold_breath,accepted,,ambiguous_breathing_evidence,,1205,48.07,0.00439575,102.57963715998972,1.7948469669898746,57.152302701309495,36.02776485555278,6,1.6440199348708142,0.25,201.85806374613767,0.7212360501289368,2.011061158565838,1.7760848073323408
session_20260812_133128_hold_breath_off_hold_breath_off_w00031,session_20260812_133128_hold_breath_off_hold_breath_off,/Users/jandonyggarofalo/Documents/Desa/UNI/Semestre7/embebidos/esp-csi/examples/get-started/csi_send/data/raw/session_20260812_133128_hold_breath_off_hold_breath_off.csv,103.0,115.0,hold_breath,accepted,,ambiguous_breathing_evidence,,1212,48.07,0.00504718,88.32095893427046,1.5777438546011266,55.979276152238995,35.04184777530392,7,1.746406983021958,0.25,148.30460852911722,0.7209928631782532,1.9460637757112307,1.7760848073323408
session_20260812_133128_hold_breath_off_hold_breath_off_w00032,session_20260812_133128_hold_breath_off_hold_breath_off,/Users/jandonyggarofalo/Documents/Desa/UNI/Semestre7/embebidos/esp-csi/examples/get-started/csi_send/data/raw/session_20260812_133128_hold_breath_off_hold_breath_off.csv,106.0,118.0,hold_breath,rejected,time_gap,not_evaluated,,1183,183.154,,,,,,,,,,,,
session_20260812_133128_hold_breath_off_hold_breath_off_w00033,session_20260812_133128_hold_breath_off_hold_breath_off,/Users/jandonyggarofalo/Documents/Desa/UNI/Semestre7/embebidos/esp-csi/examples/get-started/csi_send/data/raw/session_20260812_133128_hold_breath_off_hold_breath_off.csv,109.0,121.0,hold_breath,rejected,time_gap,not_evaluated,,1025,1905.177,,,,,,,,,,,,
session_20260812_133128_hold_breath_off_hold_breath_off_w00034,session_20260812_133128_hold_breath_off_hold_breath_off,/Users/jandonyggarofalo/Documents/Desa/UNI/Semestre7/embebidos/esp-csi/examples/get-started/csi_send/data/raw/session_20260812_133128_hold_breath_off_hold_breath_off.csv,112.0,124.0,hold_breath,rejected,time_gap,not_evaluated,,1027,1905.177,,,,,,,,,,,,
session_20260812_133128_hold_breath_off_hold_breath_off_w00035,session_20260812_133128_hold_breath_off_hold_breath_off,/Users/jandonyggarofalo/Documents/Desa/UNI/Semestre7/embebidos/esp-csi/examples/get-started/csi_send/data/raw/session_20260812_133128_hold_breath_off_hold_breath_off.csv,115.0,127.0,hold_breath,rejected,time_gap,not_evaluated,,1018,1905.177,,,,,,,,,,,,
session_20260812_133128_hold_breath_off_hold_breath_off_w00036,session_20260812_133128_hold_breath_off_hold_breath_off,/Users/jandonyggarofalo/Documents/Desa/UNI/Semestre7/embebidos/esp-csi/examples/get-started/csi_send/data/raw/session_20260812_133128_hold_breath_off_hold_breath_off.csv,118.0,130.0,hold_breath,rejected,time_gap,not_evaluated,,1053,1905.177,,,,,,,,,,,,
session_20260812_133128_hold_breath_off_hold_breath_off_w00037,session_20260812_133128_hold_breath_off_hold_breath_off,/Users/jandonyggarofalo/Documents/Desa/UNI/Semestre7/embebidos/esp-csi/examples/get-started/csi_send/data/raw/session_20260812_133128_hold_breath_off_hold_breath_off.csv,121.0,133.0,hold_breath,rejected,transition_guard,not_evaluated,,1194,,,,,,,,,,,,,
session_20260812_133631_hold_breath_off_hold_breath_off_w00000,session_20260812_133631_hold_breath_off_hold_breath_off,/Users/jandonyggarofalo/Documents/Desa/UNI/Semestre7/embebidos/esp-csi/examples/get-started/csi_send/data/raw/session_20260812_133631_hold_breath_off_hold_breath_off.csv,10.0,22.0,breathing,accepted,,trusted_breathing,breathing,1196,89.81,0.00092757,24.576082651483492,1.6452737346522468,14.937382232424124,121.32312019562895,5,1.3502185494568477,0.16666666666666666,80.43322272879558,0.732941210269928,1.9054354699868066,1.4039076896014162
session_20260812_133631_hold_breath_off_hold_breath_off_w00001,session_20260812_133631_hold_breath_off_hold_breath_off,/Users/jandonyggarofalo/Documents/Desa/UNI/Semestre7/embebidos/esp-csi/examples/get-started/csi_send/data/raw/session_20260812_133631_hold_breath_off_hold_breath_off.csv,13.0,25.0,breathing,accepted,,trusted_breathing,breathing,1208,89.81,0.0010283,8.867232409707672,0.16304351171589182,54.3856809530986,12.414591185217393,7,1.6973406875514985,0.3333333333333333,16.58054932333949,0.7458805441856384,1.093932422728517,1.4039076896014162
session_20260812_133631_hold_breath_off_hold_breath_off_w00002,session_20260812_133631_hold_breath_off_hold_breath_off,/Users/jandonyggarofalo/Documents/Desa/UNI/Semestre7/embebidos/esp-csi/examples/get-started/csi_send/data/raw/session_20260812_133631_hold_breath_off_hold_breath_off.csv,16.0,28.0,breathing,accepted,,trusted_breathing,breathing,1211,89.81,0.00189668,13.966915810719746,0.30709131989663463,45.48131095133349,13.549128514336514,7,1.6029646398199309,0.25,31.977548353198852,0.7498967051506042,1.1451005153294123,1.4039076896014162
session_20260812_133631_hold_breath_off_hold_breath_off_w00003,session_20260812_133631_hold_breath_off_hold_breath_off,/Users/jandonyggarofalo/Documents/Desa/UNI/Semestre7/embebidos/esp-csi/examples/get-started/csi_send/data/raw/session_20260812_133631_hold_breath_off_hold_breath_off.csv,19.0,31.0,breathing,accepted,,trusted_breathing,breathing,1206,89.81,0.00258473,19.06766005683543,0.36494859548004394,52.247522782495096,21.2673823310128,7,1.5994042783110907,0.3333333333333333,47.81624252145738,0.7642326354980469,1.3277140386024706,1.4039076896014162
session_20260812_133631_hold_breath_off_hold_breath_off_w00004,session_20260812_133631_hold_breath_off_hold_breath_off,/Users/jandonyggarofalo/Documents/Desa/UNI/Semestre7/embebidos/esp-csi/examples/get-started/csi_send/data/raw/session_20260812_133631_hold_breath_off_hold_breath_off.csv,22.0,34.0,breathing,accepted,,trusted_breathing,breathing,1208,79.202,0.00358288,27.595924079882074,0.6136689600811233,44.968746791737836,29.534613651040328,10,1.8588493448780643,0.3333333333333333,44.51143905567192,0.7402806878089905,1.4703312941266493,1.4039076896014162
session_20260812_133631_hold_breath_off_hold_breath_off_w00005,session_20260812_133631_hold_breath_off_hold_breath_off,/Users/jandonyggarofalo/Documents/Desa/UNI/Semestre7/embebidos/esp-csi/examples/get-started/csi_send/data/raw/session_20260812_133631_hold_breath_off_hold_breath_off.csv,25.0,37.0,breathing,accepted,,trusted_breathing,breathing,1199,79.202,0.00453503,31.65443944496645,1.6792960468508773,18.849826690361127,94.47580229444331,6,1.3835119426111047,0.16666666666666666,109.12293045328339,0.6995300054550171,1.9753205886607172,1.4039076896014162
session_20260812_133631_hold_breath_off_hold_breath_off_w00006,session_20260812_133631_hold_breath_off_hold_breath_off,/Users/jandonyggarofalo/Documents/Desa/UNI/Semestre7/embebidos/esp-csi/examples/get-started/csi_send/data/raw/session_20260812_133631_hold_breath_off_hold_breath_off.csv,28.0,40.0,breathing,accepted,,trusted_breathing,breathing,1191,79.202,0.00354875,34.69131705167386,0.6592144189443987,52.625240065550315,9.705736454769664,6,1.6913358072529343,0.16666666666666666,58.26319618049215,0.6697763800621033,1.5402207880927634,1.4039076896014162
session_20260812_133631_hold_breath_off_hold_breath_off_w00007,session_20260812_133631_hold_breath_off_hold_breath_off,/Users/jandonyggarofalo/Documents/Desa/UNI/Semestre7/embebidos/esp-csi/examples/get-started/csi_send/data/raw/session_20260812_133631_hold_breath_off_hold_breath_off.csv,31.0,43.0,breathing,accepted,,trusted_breathing,breathing,1194,42.138,0.00306219,80.42812496761665,3.4148784012236155,23.552266147683085,207.0358512029748,7,1.5724266400966085,0.16666666666666666,202.47492602735517,0.6475287079811096,2.3063712489719523,1.4039076896014162
session_20260812_133631_hold_breath_off_hold_breath_off_w00008,session_20260812_133631_hold_breath_off_hold_breath_off,/Users/jandonyggarofalo/Documents/Desa/UNI/Semestre7/embebidos/esp-csi/examples/get-started/csi_send/data/raw/session_20260812_133631_hold_breath_off_hold_breath_off.csv,34.0,46.0,breathing,accepted,,trusted_breathing,breathing,1190,42.138,0.00249475,26.872345415702277,0.46955225371890297,57.22972300273987,22.425876607555015,6,1.5988655607561633,0.3333333333333333,53.96529772512866,0.6681451201438904,1.4293055732677313,1.4039076896014162
session_20260812_133631_hold_breath_off_hold_breath_off_w00009,session_20260812_133631_hold_breath_off_hold_breath_off,/Users/jandonyggarofalo/Documents/Desa/UNI/Semestre7/embebidos/esp-csi/examples/get-started/csi_send/data/raw/session_20260812_133631_hold_breath_off_hold_breath_off.csv,37.0,49.0,breathing,accepted,,trusted_breathing,breathing,1193,58.531,0.00154547,83.00654695979412,2.0355046386850058,40.77934551570364,126.06893053130989,6,1.731273690040744,0.3333333333333333,168.21416363227507,0.7248069643974304,2.100608068639927,1.4039076896014162
session_20260812_133631_hold_breath_off_hold_breath_off_w00010,session_20260812_133631_hold_breath_off_hold_breath_off,/Users/jandonyggarofalo/Documents/Desa/UNI/Semestre7/embebidos/esp-csi/examples/get-started/csi_send/data/raw/session_20260812_133631_hold_breath_off_hold_breath_off.csv,40.0,52.0,breathing,accepted,,trusted_breathing,breathing,1197,94.237,0.00180138,156.0923388905507,4.700725045074449,33.206013411500294,247.11210612734644,6,1.7657330945137004,0.3333333333333333,246.25820178507016,0.7213088274002075,2.3913907038627675,1.4039076896014162
session_20260812_133631_hold_breath_off_hold_breath_off_w00011,session_20260812_133631_hold_breath_off_hold_breath_off,/Users/jandonyggarofalo/Documents/Desa/UNI/Semestre7/embebidos/esp-csi/examples/get-started/csi_send/data/raw/session_20260812_133631_hold_breath_off_hold_breath_off.csv,43.0,55.0,breathing,accepted,,trusted_breathing,breathing,1192,94.237,0.00393902,57.82652563158914,1.6351556972436185,35.36453790243457,60.71671277640286,7,1.8476390901738917,0.3333333333333333,89.83083863499785,0.7849093079566956,1.7833082506721096,1.4039076896014162
session_20260812_133631_hold_breath_off_hold_breath_off_w00012,session_20260812_133631_hold_breath_off_hold_breath_off,/Users/jandonyggarofalo/Documents/Desa/UNI/Semestre7/embebidos/esp-csi/examples/get-started/csi_send/data/raw/session_20260812_133631_hold_breath_off_hold_breath_off.csv,46.0,58.0,breathing,rejected,time_gap,not_evaluated,,1206,175.502,,,,,,,,,,,,
session_20260812_133631_hold_breath_off_hold_breath_off_w00013,session_20260812_133631_hold_breath_off_hold_breath_off,/Users/jandonyggarofalo/Documents/Desa/UNI/Semestre7/embebidos/esp-csi/examples/get-started/csi_send/data/raw/session_20260812_133631_hold_breath_off_hold_breath_off.csv,49.0,61.0,breathing,rejected,mixed_or_unknown_label,not_evaluated,,1201,,,,,,,,,,,,,
session_20260812_133631_hold_breath_off_hold_breath_off_w00014,session_20260812_133631_hold_breath_off_hold_breath_off,/Users/jandonyggarofalo/Documents/Desa/UNI/Semestre7/embebidos/esp-csi/examples/get-started/csi_send/data/raw/session_20260812_133631_hold_breath_off_hold_breath_off.csv,52.0,64.0,breathing,rejected,mixed_or_unknown_label,not_evaluated,,1209,,,,,,,,,,,,,
session_20260812_133631_hold_breath_off_hold_breath_off_w00015,session_20260812_133631_hold_breath_off_hold_breath_off,/Users/jandonyggarofalo/Documents/Desa/UNI/Semestre7/embebidos/esp-csi/examples/get-started/csi_send/data/raw/session_20260812_133631_hold_breath_off_hold_breath_off.csv,55.0,67.0,hold_breath,rejected,mixed_or_unknown_label,not_evaluated,,1212,,,,,,,,,,,,,
session_20260812_133631_hold_breath_off_hold_breath_off_w00016,session_20260812_133631_hold_breath_off_hold_breath_off,/Users/jandonyggarofalo/Documents/Desa/UNI/Semestre7/embebidos/esp-csi/examples/get-started/csi_send/data/raw/session_20260812_133631_hold_breath_off_hold_breath_off.csv,58.0,70.0,hold_breath,rejected,mixed_or_unknown_label,not_evaluated,,1206,,,,,,,,,,,,,
session_20260812_133631_hold_breath_off_hold_breath_off_w00017,session_20260812_133631_hold_breath_off_hold_breath_off,/Users/jandonyggarofalo/Documents/Desa/UNI/Semestre7/embebidos/esp-csi/examples/get-started/csi_send/data/raw/session_20260812_133631_hold_breath_off_hold_breath_off.csv,61.0,73.0,hold_breath,rejected,transition_guard,not_evaluated,,1208,,,,,,,,,,,,,
session_20260812_133631_hold_breath_off_hold_breath_off_w00018,session_20260812_133631_hold_breath_off_hold_breath_off,/Users/jandonyggarofalo/Documents/Desa/UNI/Semestre7/embebidos/esp-csi/examples/get-started/csi_send/data/raw/session_20260812_133631_hold_breath_off_hold_breath_off.csv,64.0,76.0,hold_breath,accepted,,ambiguous_breathing_evidence,,1207,43.229,0.00611666,30.993689913251252,0.5387068983979069,57.533493640730676,45.58405581952834,8,1.4655301414634558,0.41666666666666663,74.17775543923976,0.5977192521095276,1.6588129637069744,1.4039076896014162
session_20260812_133631_hold_breath_off_hold_breath_off_w00019,session_20260812_133631_hold_breath_off_hold_breath_off,/Users/jandonyggarofalo/Documents/Desa/UNI/Semestre7/embebidos/esp-csi/examples/get-started/csi_send/data/raw/session_20260812_133631_hold_breath_off_hold_breath_off.csv,67.0,79.0,hold_breath,accepted,,ambiguous_breathing_evidence,,1209,62.548,0.00666227,20.955327189207853,0.7715459817951251,27.160179281116562,44.47731356944706,6,1.6351810629483217,0.16666666666666666,45.78085200188411,0.7865639328956604,1.6481385479715185,1.4039076896014162
session_20260812_133631_hold_breath_off_hold_breath_off_w00020,session_20260812_133631_hold_breath_off_hold_breath_off,/Users/jandonyggarofalo/Documents/Desa/UNI/Semestre7/embebidos/esp-csi/examples/get-started/csi_send/data/raw/session_20260812_133631_hold_breath_off_hold_breath_off.csv,70.0,82.0,hold_breath,accepted,,ambiguous_breathing_evidence,,1207,62.548,0.00422665,56.312996424981705,1.442896787898126,39.02773704761937,61.98197499705675,6,1.6997810886451248,0.3333333333333333,131.77140832439542,0.7318971753120422,1.792265410506982,1.4039076896014162
session_20260812_133631_hold_breath_off_hold_breath_off_w00021,session_20260812_133631_hold_breath_off_hold_breath_off,/Users/jandonyggarofalo/Documents/Desa/UNI/Semestre7/embebidos/esp-csi/examples/get-started/csi_send/data/raw/session_20260812_133631_hold_breath_off_hold_breath_off.csv,73.0,85.0,hold_breath,accepted,,ambiguous_breathing_evidence,,1212,62.548,0.00365486,62.87634374042477,1.0554523611568514,59.572886521802104,17.229734158244653,9,1.3280668063158088,0.3333333333333333,130.64612154229252,0.7612730860710144,1.7984872795401843,1.4039076896014162
session_20260812_133631_hold_breath_off_hold_breath_off_w00022,session_20260812_133631_hold_breath_off_hold_breath_off,/Users/jandonyggarofalo/Documents/Desa/UNI/Semestre7/embebidos/esp-csi/examples/get-started/csi_send/data/raw/session_20260812_133631_hold_breath_off_hold_breath_off.csv,76.0,88.0,hold_breath,accepted,,high_confidence_hold,hold_breath,1213,62.548,0.00332337,21.10203289946889,0.36312871621807147,58.1117161958028,10.359214441926479,10,1.5051249537903393,0.25,44.5271527178864,0.780159592628479,1.3243242957950367,1.4039076896014162
session_20260812_133631_hold_breath_off_hold_breath_off_w00023,session_20260812_133631_hold_breath_off_hold_breath_off,/Users/jandonyggarofalo/Documents/Desa/UNI/Semestre7/embebidos/esp-csi/examples/get-started/csi_send/data/raw/session_20260812_133631_hold_breath_off_hold_breath_off.csv,79.0,91.0,hold_breath,accepted,,ambiguous_breathing_evidence,,1218,36.593,0.00310447,40.04397616758925,2.5285143849325626,15.836958020170178,168.80415598968943,5,1.3831652509322667,0.16666666666666666,128.8206775104921,0.7517472505569458,2.1099855789240287,1.4039076896014162
session_20260812_133631_hold_breath_off_hold_breath_off_w00024,session_20260812_133631_hold_breath_off_hold_breath_off,/Users/jandonyggarofalo/Documents/Desa/UNI/Semestre7/embebidos/esp-csi/examples/get-started/csi_send/data/raw/session_20260812_133631_hold_breath_off_hold_breath_off.csv,82.0,94.0,hold_breath,accepted,,ambiguous_breathing_evidence,,1226,36.593,0.00846885,31.14995512794049,0.8209625610167572,37.943210332665494,37.11051482933247,7,1.7641128170004765,0.41666666666666663,73.52375974476094,0.8284198641777039,1.5694969793012956,1.4039076896014162
session_20260812_133631_hold_breath_off_hold_breath_off_w00025,session_20260812_133631_hold_breath_off_hold_breath_off,/Users/jandonyggarofalo/Documents/Desa/UNI/Semestre7/embebidos/esp-csi/examples/get-started/csi_send/data/raw/session_20260812_133631_hold_breath_off_hold_breath_off.csv,85.0,97.0,hold_breath,accepted,,ambiguous_breathing_evidence,,1231,42.414,0.00480427,141.6041417763069,7.770478743353787,18.2233484516517,562.883006999828,5,1.5124505888453013,0.16666666666666666,381.48892108422666,0.884795069694519,2.581481930018682,1.4039076896014162
session_20260812_133631_hold_breath_off_hold_breath_off_w00026,session_20260812_133631_hold_breath_off_hold_breath_off,/Users/jandonyggarofalo/Documents/Desa/UNI/Semestre7/embebidos/esp-csi/examples/get-started/csi_send/data/raw/session_20260812_133631_hold_breath_off_hold_breath_off.csv,88.0,100.0,hold_breath,accepted,,ambiguous_breathing_evidence,,1222,64.963,0.00191157,57.09893540659241,1.0466635706131713,54.55328436919549,27.61952270900534,10,1.5897630584805775,0.41666666666666663,110.27928797777534,0.8386608362197876,1.7566280110242702,1.4039076896014162
session_20260812_133631_hold_breath_off_hold_breath_off_w00027,session_20260812_133631_hold_breath_off_hold_breath_off,/Users/jandonyggarofalo/Documents/Desa/UNI/Semestre7/embebidos/esp-csi/examples/get-started/csi_send/data/raw/session_20260812_133631_hold_breath_off_hold_breath_off.csv,91.0,103.0,hold_breath,accepted,,high_confidence_hold,hold_breath,1224,64.963,0.00173611,11.496723416361899,0.5338449588311504,21.53569725845563,60.94233570815499,8,1.6675940963640206,0.3333333333333333,18.934714928430402,0.8310829997062683,1.2772587709862266,1.4039076896014162
session_20260812_133631_hold_breath_off_hold_breath_off_w00028,session_20260812_133631_hold_breath_off_hold_breath_off,/Users/jandonyggarofalo/Documents/Desa/UNI/Semestre7/embebidos/esp-csi/examples/get-started/csi_send/data/raw/session_20260812_133631_hold_breath_off_hold_breath_off.csv,94.0,106.0,hold_breath,accepted,,high_confidence_hold,hold_breath,1225,64.963,0.00140944,21.223196488380786,0.3826526497953056,55.46334645710244,9.830425134906163,8,1.7532425614309735,0.41666666666666663,29.129999287307164,0.7931106090545654,1.326810794867804,1.4039076896014162
session_20260812_133631_hold_breath_off_hold_breath_off_w00029,session_20260812_133631_hold_breath_off_hold_breath_off,/Users/jandonyggarofalo/Documents/Desa/UNI/Semestre7/embebidos/esp-csi/examples/get-started/csi_send/data/raw/session_20260812_133631_hold_breath_off_hold_breath_off.csv,97.0,109.0,hold_breath,accepted,,ambiguous_breathing_evidence,,1228,64.963,0.00211854,33.29237715043696,0.8034388480566673,41.43735049770382,26.475531530958143,6,1.7022983423621922,0.41666666666666663,91.69154857162346,0.7921240329742432,1.5223448058643796,1.4039076896014162
session_20260812_133631_hold_breath_off_hold_breath_off_w00030,session_20260812_133631_hold_breath_off_hold_breath_off,/Users/jandonyggarofalo/Documents/Desa/UNI/Semestre7/embebidos/esp-csi/examples/get-started/csi_send/data/raw/session_20260812_133631_hold_breath_off_hold_breath_off.csv,100.0,112.0,hold_breath,accepted,,ambiguous_breathing_evidence,,1241,58.307,0.00195785,57.448918249846784,0.9890897290629249,58.0826153196601,16.557792833605525,9,1.5877774252078338,0.41666666666666663,112.47231106050961,0.8082135319709778,1.7592818554343133,1.4039076896014162
session_20260812_133631_hold_breath_off_hold_breath_off_w00031,session_20260812_133631_hold_breath_off_hold_breath_off,/Users/jandonyggarofalo/Documents/Desa/UNI/Semestre7/embebidos/esp-csi/examples/get-started/csi_send/data/raw/session_20260812_133631_hold_breath_off_hold_breath_off.csv,103.0,115.0,hold_breath,accepted,,ambiguous_breathing_evidence,,1244,58.307,0.00226085,20.214477686727186,0.729495228797308,27.710226042226957,35.271255858321794,8,1.8519871815204905,0.5,40.511364350422596,0.842812180519104,1.5474209233088174,1.4039076896014162
session_20260812_133631_hold_breath_off_hold_breath_off_w00032,session_20260812_133631_hold_breath_off_hold_breath_off,/Users/jandonyggarofalo/Documents/Desa/UNI/Semestre7/embebidos/esp-csi/examples/get-started/csi_send/data/raw/session_20260812_133631_hold_breath_off_hold_breath_off.csv,106.0,118.0,hold_breath,accepted,,high_confidence_hold,hold_breath,1239,58.307,0.00269244,12.307391323230013,0.3000557706817384,41.017012588113616,12.613736752857092,8,2.0211127547066323,0.3333333333333333,23.474530566551064,0.8612672090530396,1.1008437630792058,1.4039076896014162
session_20260812_133631_hold_breath_off_hold_breath_off_w00033,session_20260812_133631_hold_breath_off_hold_breath_off,/Users/jandonyggarofalo/Documents/Desa/UNI/Semestre7/embebidos/esp-csi/examples/get-started/csi_send/data/raw/session_20260812_133631_hold_breath_off_hold_breath_off.csv,109.0,121.0,hold_breath,accepted,,ambiguous_breathing_evidence,,1241,38.756,0.00341836,15.192570620842542,0.40946784490376076,37.10320800495634,32.894419817286916,9,1.9976796627306257,0.5,32.11594901505908,0.8387610912322998,1.5067207597897678,1.4039076896014162
session_20260812_133631_hold_breath_off_hold_breath_off_w00034,session_20260812_133631_hold_breath_off_hold_breath_off,/Users/jandonyggarofalo/Documents/Desa/UNI/Semestre7/embebidos/esp-csi/examples/get-started/csi_send/data/raw/session_20260812_133631_hold_breath_off_hold_breath_off.csv,112.0,124.0,hold_breath,accepted,,high_confidence_hold,hold_breath,1238,42.463,0.00619068,24.28308484176881,0.5143496611737605,47.21123911369342,11.227909162080019,9,1.8788390440518057,0.5,47.50470193820451,0.8419142365455627,1.385303857224356,1.4039076896014162
session_20260812_133631_hold_breath_off_hold_breath_off_w00035,session_20260812_133631_hold_breath_off_hold_breath_off,/Users/jandonyggarofalo/Documents/Desa/UNI/Semestre7/embebidos/esp-csi/examples/get-started/csi_send/data/raw/session_20260812_133631_hold_breath_off_hold_breath_off.csv,115.0,127.0,hold_breath,accepted,,ambiguous_breathing_evidence,,1236,48.817,0.00563183,35.851693916171506,0.6531957440217118,54.886600600577296,19.119740529493654,8,1.6029078432076118,0.41666666666666663,66.35074021701317,0.8100621700286865,1.5545096799777969,1.4039076896014162
session_20260812_133631_hold_breath_off_hold_breath_off_w00036,session_20260812_133631_hold_breath_off_hold_breath_off,/Users/jandonyggarofalo/Documents/Desa/UNI/Semestre7/embebidos/esp-csi/examples/get-started/csi_send/data/raw/session_20260812_133631_hold_breath_off_hold_breath_off.csv,118.0,130.0,hold_breath,accepted,,ambiguous_breathing_evidence,,1241,48.817,0.00358834,68.31852757945614,1.418375147179064,48.16675455381696,56.589278185533175,9,1.621526060666095,0.3333333333333333,147.28157388881178,0.8066922426223755,1.8345384977423111,1.4039076896014162
session_20260812_133631_hold_breath_off_hold_breath_off_w00037,session_20260812_133631_hold_breath_off_hold_breath_off,/Users/jandonyggarofalo/Documents/Desa/UNI/Semestre7/embebidos/esp-csi/examples/get-started/csi_send/data/raw/session_20260812_133631_hold_breath_off_hold_breath_off.csv,121.0,133.0,hold_breath,accepted,,ambiguous_breathing_evidence,,1237,48.817,0.00219786,58.855695975715456,1.2433352291753668,47.3369487122984,53.26375284587609,11,1.8750117574270349,0.41666666666666663,100.81160143056223,0.8406373858451843,1.7697884996538233,1.4039076896014162
session_20260812_133631_hold_breath_off_hold_breath_off_w00038,session_20260812_133631_hold_breath_off_hold_breath_off,/Users/jandonyggarofalo/Documents/Desa/UNI/Semestre7/embebidos/esp-csi/examples/get-started/csi_send/data/raw/session_20260812_133631_hold_breath_off_hold_breath_off.csv,124.0,136.0,hold_breath,accepted,,ambiguous_breathing_evidence,,1239,48.817,0.0005801,16.382432017937212,0.6269044318350476,26.132263844358434,41.25615501791012,8,1.8082142157411867,0.5,29.948549248124554,0.8466687202453613,1.4763757893699445,1.4039076896014162
session_20260812_133631_hold_breath_off_hold_breath_off_w00039,session_20260812_133631_hold_breath_off_hold_breath_off,/Users/jandonyggarofalo/Documents/Desa/UNI/Semestre7/embebidos/esp-csi/examples/get-started/csi_send/data/raw/session_20260812_133631_hold_breath_off_hold_breath_off.csv,127.0,139.0,hold_breath,accepted,,high_confidence_hold,hold_breath,1238,75.184,0.000833,21.751016577747933,0.41833939877816817,51.993708078233865,20.622229414111395,6,1.68324627882376,0.16666666666666666,53.65894176745212,0.8129861950874329,1.3374795593959234,1.4039076896014162
session_20260812_133631_hold_breath_off_hold_breath_off_w00040,session_20260812_133631_hold_breath_off_hold_breath_off,/Users/jandonyggarofalo/Documents/Desa/UNI/Semestre7/embebidos/esp-csi/examples/get-started/csi_send/data/raw/session_20260812_133631_hold_breath_off_hold_breath_off.csv,130.0,142.0,hold_breath,accepted,,ambiguous_breathing_evidence,,1221,80.262,0.00104295,39.86085431597701,0.686735798262485,58.04394414383405,10.782326071285778,6,1.5162117090805385,0.25,78.88397102851833,0.7989717721939087,1.6005466024612836,1.4039076896014162
session_20260812_133631_hold_breath_off_hold_breath_off_w00041,session_20260812_133631_hold_breath_off_hold_breath_off,/Users/jandonyggarofalo/Documents/Desa/UNI/Semestre7/embebidos/esp-csi/examples/get-started/csi_send/data/raw/session_20260812_133631_hold_breath_off_hold_breath_off.csv,133.0,145.0,hold_breath,accepted,,ambiguous_breathing_evidence,,1225,80.262,0.00102041,65.16478926473559,1.948197428890097,33.448760530305705,50.00942938734266,3,1.5930926937206364,0.16666666666666666,187.73602541705282,0.8010324239730835,1.8140129951394326,1.4039076896014162
session_20260812_133631_hold_breath_off_hold_breath_off_w00042,session_20260812_133631_hold_breath_off_hold_breath_off,/Users/jandonyggarofalo/Documents/Desa/UNI/Semestre7/embebidos/esp-csi/examples/get-started/csi_send/data/raw/session_20260812_133631_hold_breath_off_hold_breath_off.csv,136.0,148.0,hold_breath,accepted,,ambiguous_breathing_evidence,,1221,80.262,0.00115812,27.465526364314183,0.5467477904186817,50.23436188600184,27.06552506540533,7,1.668761130926708,0.3333333333333333,44.11201083261606,0.7905389070510864,1.438787926493262,1.4039076896014162
session_20260812_133631_hold_breath_off_hold_breath_off_w00043,session_20260812_133631_hold_breath_off_hold_breath_off,/Users/jandonyggarofalo/Documents/Desa/UNI/Semestre7/embebidos/esp-csi/examples/get-started/csi_send/data/raw/session_20260812_133631_hold_breath_off_hold_breath_off.csv,139.0,151.0,hold_breath,accepted,,ambiguous_breathing_evidence,,1221,80.262,0.00089578,90.18664080494432,2.498544992445317,36.095664107550405,119.87807268224104,5,1.8305481683504052,0.3333333333333333,165.26787099806165,0.764970064163208,2.0787397520397426,1.4039076896014162
session_20260812_133631_hold_breath_off_hold_breath_off_w00044,session_20260812_133631_hold_breath_off_hold_breath_off,/Users/jandonyggarofalo/Documents/Desa/UNI/Semestre7/embebidos/esp-csi/examples/get-started/csi_send/data/raw/session_20260812_133631_hold_breath_off_hold_breath_off.csv,142.0,154.0,hold_breath,rejected,transition_guard,not_evaluated,,1239,,,,,,,,,,,,,
session_20260812_133911_hold_breath_off_hold_breath_off_w00000,session_20260812_133911_hold_breath_off_hold_breath_off,/Users/jandonyggarofalo/Documents/Desa/UNI/Semestre7/embebidos/esp-csi/examples/get-started/csi_send/data/raw/session_20260812_133911_hold_breath_off_hold_breath_off.csv,10.0,22.0,breathing,rejected,time_gap,not_evaluated,,1218,131.046,,,,,,,,,,,,
session_20260812_133911_hold_breath_off_hold_breath_off_w00001,session_20260812_133911_hold_breath_off_hold_breath_off,/Users/jandonyggarofalo/Documents/Desa/UNI/Semestre7/embebidos/esp-csi/examples/get-started/csi_send/data/raw/session_20260812_133911_hold_breath_off_hold_breath_off.csv,13.0,25.0,breathing,accepted,,trusted_breathing,breathing,1216,58.834,7.71e-05,28.058455331968823,1.0588666762619137,26.498572446340717,74.07502708037063,6,1.593246083111765,0.16666666666666666,84.18214732207372,0.5255580544471741,1.8696718189216306,1.3386367422610865
session_20260812_133911_hold_breath_off_hold_breath_off_w00002,session_20260812_133911_hold_breath_off_hold_breath_off,/Users/jandonyggarofalo/Documents/Desa/UNI/Semestre7/embebidos/esp-csi/examples/get-started/csi_send/data/raw/session_20260812_133911_hold_breath_off_hold_breath_off.csv,16.0,28.0,breathing,accepted,,trusted_breathing,breathing,1219,57.56,2.564e-05,11.231783940983165,0.22261837983511723,50.45308455326805,5.591366899722666,8,1.5790763146318276,0.5,22.3260444399532,0.514404296875,1.050448740606524,1.3386367422610865
session_20260812_133911_hold_breath_off_hold_breath_off_w00003,session_20260812_133911_hold_breath_off_hold_breath_off,/Users/jandonyggarofalo/Documents/Desa/UNI/Semestre7/embebidos/esp-csi/examples/get-started/csi_send/data/raw/session_20260812_133911_hold_breath_off_hold_breath_off.csv,19.0,31.0,breathing,accepted,,trusted_breathing,breathing,1227,45.527,3.184e-05,21.337412477603145,0.7190530535804488,29.674322876908843,35.10787807637556,5,1.7937941762268874,0.16666666666666666,43.45033626824482,0.5145938992500305,1.5454045814571173,1.3386367422610865
session_20260812_133911_hold_breath_off_hold_breath_off_w00004,session_20260812_133911_hold_breath_off_hold_breath_off,/Users/jandonyggarofalo/Documents/Desa/UNI/Semestre7/embebidos/esp-csi/examples/get-started/csi_send/data/raw/session_20260812_133911_hold_breath_off_hold_breath_off.csv,22.0,34.0,breathing,accepted,,trusted_breathing,breathing,1222,48.79,0.00012147,26.146409804213768,0.475874722621754,54.943892922299916,9.67547701180378,6,1.6643211877601185,0.25,56.151155216743014,0.5123690962791443,1.4174120637860246,1.3386367422610865
session_20260812_133911_hold_breath_off_hold_breath_off_w00005,session_20260812_133911_hold_breath_off_hold_breath_off,/Users/jandonyggarofalo/Documents/Desa/UNI/Semestre7/embebidos/esp-csi/examples/get-started/csi_send/data/raw/session_20260812_133911_hold_breath_off_hold_breath_off.csv,25.0,37.0,breathing,accepted,,trusted_breathing,breathing,1225,48.79,0.00021684,23.705404689322886,1.4493486222498264,16.355902455344793,125.0643337641247,6,1.5640420707005227,0.16666666666666666,36.460699230845876,0.6024048924446106,1.5618249931501833,1.3386367422610865
session_20260812_133911_hold_breath_off_hold_breath_off_w00006,session_20260812_133911_hold_breath_off_hold_breath_off,/Users/jandonyggarofalo/Documents/Desa/UNI/Semestre7/embebidos/esp-csi/examples/get-started/csi_send/data/raw/session_20260812_133911_hold_breath_off_hold_breath_off.csv,28.0,40.0,breathing,accepted,,trusted_breathing,breathing,1231,48.79,0.00041252,18.991565514488606,1.2068064188667325,15.737043835337857,104.36999260793489,5,1.478696660347737,0.16666666666666666,43.58603601517085,0.6598368287086487,1.6393473733760584,1.3386367422610865
session_20260812_133911_hold_breath_off_hold_breath_off_w00007,session_20260812_133911_hold_breath_off_hold_breath_off,/Users/jandonyggarofalo/Documents/Desa/UNI/Semestre7/embebidos/esp-csi/examples/get-started/csi_send/data/raw/session_20260812_133911_hold_breath_off_hold_breath_off.csv,31.0,43.0,breathing,accepted,,trusted_breathing,breathing,1232,48.79,0.00071023,18.68601466520355,0.3763806518568974,49.64658670142923,9.54756120374045,10,1.695732748882977,0.41666666666666663,39.87250408842354,0.6695480942726135,1.2715166853558417,1.3386367422610865
session_20260812_133911_hold_breath_off_hold_breath_off_w00008,session_20260812_133911_hold_breath_off_hold_breath_off,/Users/jandonyggarofalo/Documents/Desa/UNI/Semestre7/embebidos/esp-csi/examples/get-started/csi_send/data/raw/session_20260812_133911_hold_breath_off_hold_breath_off.csv,34.0,46.0,breathing,accepted,,trusted_breathing,breathing,1232,48.531,0.00035511,24.427168199005926,0.6981865756577136,34.98659104976314,26.6075620722795,7,1.8930475369457929,0.41666666666666663,35.308285497132495,0.7156075239181519,1.4250050839816832,1.3386367422610865
session_20260812_133911_hold_breath_off_hold_breath_off_w00009,session_20260812_133911_hold_breath_off_hold_breath_off,/Users/jandonyggarofalo/Documents/Desa/UNI/Semestre7/embebidos/esp-csi/examples/get-started/csi_send/data/raw/session_20260812_133911_hold_breath_off_hold_breath_off.csv,37.0,49.0,breathing,accepted,,trusted_breathing,breathing,1226,74.162,0.00086664,18.23637369989589,1.1771236822816549,15.492317395681203,66.04319389801556,5,1.2733280917229792,0.16666666666666666,72.03448064723065,0.7207372188568115,1.8198280679030425,1.3386367422610865
session_20260812_133911_hold_breath_off_hold_breath_off_w00010,session_20260812_133911_hold_breath_off_hold_breath_off,/Users/jandonyggarofalo/Documents/Desa/UNI/Semestre7/embebidos/esp-csi/examples/get-started/csi_send/data/raw/session_20260812_133911_hold_breath_off_hold_breath_off.csv,40.0,52.0,breathing,accepted,,trusted_breathing,breathing,1214,74.162,0.00189199,8.31287478529647,0.34098706817602764,24.378856446780965,28.666885383568456,6,1.7810420508296276,0.16666666666666666,10.295155901300253,0.7636102437973022,1.0126329275992374,1.3386367422610865
session_20260812_133911_hold_breath_off_hold_breath_off_w00011,session_20260812_133911_hold_breath_off_hold_breath_off,/Users/jandonyggarofalo/Documents/Desa/UNI/Semestre7/embebidos/esp-csi/examples/get-started/csi_send/data/raw/session_20260812_133911_hold_breath_off_hold_breath_off.csv,43.0,55.0,breathing,accepted,,trusted_breathing,breathing,1207,74.162,0.00168289,22.96202019470065,0.499428355663022,45.97660492098245,16.22089902118915,8,1.8233496915710006,0.41666666666666663,41.306969216806706,0.8036653399467468,1.3610100945628347,1.3386367422610865
session_20260812_133911_hold_breath_off_hold_breath_off_w00012,session_20260812_133911_hold_breath_off_hold_breath_off,/Users/jandonyggarofalo/Documents/Desa/UNI/Semestre7/embebidos/esp-csi/examples/get-started/csi_send/data/raw/session_20260812_133911_hold_breath_off_hold_breath_off.csv,46.0,58.0,breathing,accepted,,trusted_breathing,breathing,1212,74.162,0.00168239,87.66089216699739,2.66061390031505,32.947618651689474,114.02470700678573,3,1.7964622280846558,0.16666666666666666,157.43082021116618,0.8285261392593384,2.0569989649691105,1.3386367422610865
session_20260812_133911_hold_breath_off_hold_breath_off_w00013,session_20260812_133911_hold_breath_off_hold_breath_off,/Users/jandonyggarofalo/Documents/Desa/UNI/Semestre7/embebidos/esp-csi/examples/get-started/csi_send/data/raw/session_20260812_133911_hold_breath_off_hold_breath_off.csv,49.0,61.0,breathing,rejected,mixed_or_unknown_label,not_evaluated,,1218,,,,,,,,,,,,,
session_20260812_133911_hold_breath_off_hold_breath_off_w00014,session_20260812_133911_hold_breath_off_hold_breath_off,/Users/jandonyggarofalo/Documents/Desa/UNI/Semestre7/embebidos/esp-csi/examples/get-started/csi_send/data/raw/session_20260812_133911_hold_breath_off_hold_breath_off.csv,52.0,64.0,breathing,rejected,mixed_or_unknown_label,not_evaluated,,1214,,,,,,,,,,,,,
session_20260812_133911_hold_breath_off_hold_breath_off_w00015,session_20260812_133911_hold_breath_off_hold_breath_off,/Users/jandonyggarofalo/Documents/Desa/UNI/Semestre7/embebidos/esp-csi/examples/get-started/csi_send/data/raw/session_20260812_133911_hold_breath_off_hold_breath_off.csv,55.0,67.0,hold_breath,rejected,mixed_or_unknown_label,not_evaluated,,1203,,,,,,,,,,,,,
session_20260812_133911_hold_breath_off_hold_breath_off_w00016,session_20260812_133911_hold_breath_off_hold_breath_off,/Users/jandonyggarofalo/Documents/Desa/UNI/Semestre7/embebidos/esp-csi/examples/get-started/csi_send/data/raw/session_20260812_133911_hold_breath_off_hold_breath_off.csv,58.0,70.0,hold_breath,rejected,mixed_or_unknown_label,not_evaluated,,1190,,,,,,,,,,,,,
session_20260812_133911_hold_breath_off_hold_breath_off_w00017,session_20260812_133911_hold_breath_off_hold_breath_off,/Users/jandonyggarofalo/Documents/Desa/UNI/Semestre7/embebidos/esp-csi/examples/get-started/csi_send/data/raw/session_20260812_133911_hold_breath_off_hold_breath_off.csv,61.0,73.0,hold_breath,rejected,transition_guard,not_evaluated,,1193,,,,,,,,,,,,,
session_20260812_133911_hold_breath_off_hold_breath_off_w00018,session_20260812_133911_hold_breath_off_hold_breath_off,/Users/jandonyggarofalo/Documents/Desa/UNI/Semestre7/embebidos/esp-csi/examples/get-started/csi_send/data/raw/session_20260812_133911_hold_breath_off_hold_breath_off.csv,64.0,76.0,hold_breath,rejected,time_gap,not_evaluated,,1201,133.304,,,,,,,,,,,,
session_20260812_133911_hold_breath_off_hold_breath_off_w00019,session_20260812_133911_hold_breath_off_hold_breath_off,/Users/jandonyggarofalo/Documents/Desa/UNI/Semestre7/embebidos/esp-csi/examples/get-started/csi_send/data/raw/session_20260812_133911_hold_breath_off_hold_breath_off.csv,67.0,79.0,hold_breath,rejected,time_gap,not_evaluated,,1216,105.966,,,,,,,,,,,,
session_20260812_133911_hold_breath_off_hold_breath_off_w00020,session_20260812_133911_hold_breath_off_hold_breath_off,/Users/jandonyggarofalo/Documents/Desa/UNI/Semestre7/embebidos/esp-csi/examples/get-started/csi_send/data/raw/session_20260812_133911_hold_breath_off_hold_breath_off.csv,70.0,82.0,hold_breath,rejected,time_gap,not_evaluated,,1218,105.966,,,,,,,,,,,,
session_20260812_133911_hold_breath_off_hold_breath_off_w00021,session_20260812_133911_hold_breath_off_hold_breath_off,/Users/jandonyggarofalo/Documents/Desa/UNI/Semestre7/embebidos/esp-csi/examples/get-started/csi_send/data/raw/session_20260812_133911_hold_breath_off_hold_breath_off.csv,73.0,85.0,hold_breath,rejected,time_gap,not_evaluated,,1221,120.344,,,,,,,,,,,,
session_20260812_133911_hold_breath_off_hold_breath_off_w00022,session_20260812_133911_hold_breath_off_hold_breath_off,/Users/jandonyggarofalo/Documents/Desa/UNI/Semestre7/embebidos/esp-csi/examples/get-started/csi_send/data/raw/session_20260812_133911_hold_breath_off_hold_breath_off.csv,76.0,88.0,hold_breath,rejected,time_gap,not_evaluated,,1221,120.344,,,,,,,,,,,,
session_20260812_133911_hold_breath_off_hold_breath_off_w00023,session_20260812_133911_hold_breath_off_hold_breath_off,/Users/jandonyggarofalo/Documents/Desa/UNI/Semestre7/embebidos/esp-csi/examples/get-started/csi_send/data/raw/session_20260812_133911_hold_breath_off_hold_breath_off.csv,79.0,91.0,hold_breath,rejected,time_gap,not_evaluated,,1217,120.344,,,,,,,,,,,,
session_20260812_133911_hold_breath_off_hold_breath_off_w00024,session_20260812_133911_hold_breath_off_hold_breath_off,/Users/jandonyggarofalo/Documents/Desa/UNI/Semestre7/embebidos/esp-csi/examples/get-started/csi_send/data/raw/session_20260812_133911_hold_breath_off_hold_breath_off.csv,82.0,94.0,hold_breath,rejected,time_gap,not_evaluated,,1221,120.344,,,,,,,,,,,,
session_20260812_133911_hold_breath_off_hold_breath_off_w00025,session_20260812_133911_hold_breath_off_hold_breath_off,/Users/jandonyggarofalo/Documents/Desa/UNI/Semestre7/embebidos/esp-csi/examples/get-started/csi_send/data/raw/session_20260812_133911_hold_breath_off_hold_breath_off.csv,85.0,97.0,hold_breath,accepted,,ambiguous_breathing_evidence,,1199,91.496,0.00031928,458.38757609344674,8.267456213704211,55.444814492463095,130.1293402347328,6,1.647778411965429,0.3333333333333333,851.0693235031523,0.6583185195922852,2.6612328382194144,1.3386367422610865
session_20260812_133911_hold_breath_off_hold_breath_off_w00026,session_20260812_133911_hold_breath_off_hold_breath_off,/Users/jandonyggarofalo/Documents/Desa/UNI/Semestre7/embebidos/esp-csi/examples/get-started/csi_send/data/raw/session_20260812_133911_hold_breath_off_hold_breath_off.csv,88.0,100.0,hold_breath,rejected,time_gap,not_evaluated,,1194,107.548,,,,,,,,,,,,
session_20260812_133911_hold_breath_off_hold_breath_off_w00027,session_20260812_133911_hold_breath_off_hold_breath_off,/Users/jandonyggarofalo/Documents/Desa/UNI/Semestre7/embebidos/esp-csi/examples/get-started/csi_send/data/raw/session_20260812_133911_hold_breath_off_hold_breath_off.csv,91.0,103.0,hold_breath,rejected,time_gap,not_evaluated,,1185,107.548,,,,,,,,,,,,
session_20260812_133911_hold_breath_off_hold_breath_off_w00028,session_20260812_133911_hold_breath_off_hold_breath_off,/Users/jandonyggarofalo/Documents/Desa/UNI/Semestre7/embebidos/esp-csi/examples/get-started/csi_send/data/raw/session_20260812_133911_hold_breath_off_hold_breath_off.csv,94.0,106.0,hold_breath,rejected,time_gap,not_evaluated,,1171,107.548,,,,,,,,,,,,
session_20260812_133911_hold_breath_off_hold_breath_off_w00029,session_20260812_133911_hold_breath_off_hold_breath_off,/Users/jandonyggarofalo/Documents/Desa/UNI/Semestre7/embebidos/esp-csi/examples/get-started/csi_send/data/raw/session_20260812_133911_hold_breath_off_hold_breath_off.csv,97.0,109.0,hold_breath,rejected,time_gap,not_evaluated,,1198,107.548,,,,,,,,,,,,
session_20260812_133911_hold_breath_off_hold_breath_off_w00030,session_20260812_133911_hold_breath_off_hold_breath_off,/Users/jandonyggarofalo/Documents/Desa/UNI/Semestre7/embebidos/esp-csi/examples/get-started/csi_send/data/raw/session_20260812_133911_hold_breath_off_hold_breath_off.csv,100.0,112.0,hold_breath,accepted,,ambiguous_breathing_evidence,,1205,73.914,0.00291753,92.98761150706821,9.030572811298955,10.296978215015644,780.1671866817294,3,1.2307636365165793,0.16666666666666666,274.7809610894318,0.7931382060050964,2.4389866382119445,1.3386367422610865
session_20260812_133911_hold_breath_off_hold_breath_off_w00031,session_20260812_133911_hold_breath_off_hold_breath_off,/Users/jandonyggarofalo/Documents/Desa/UNI/Semestre7/embebidos/esp-csi/examples/get-started/csi_send/data/raw/session_20260812_133911_hold_breath_off_hold_breath_off.csv,103.0,115.0,hold_breath,accepted,,ambiguous_breathing_evidence,,1214,73.914,0.00261275,59.26465580138504,1.0069499844765848,58.85561022391008,14.685687659544719,9,1.509481593785246,0.25,102.13319989016568,0.7567703127861023,1.7727957664390965,1.3386367422610865
session_20260812_133911_hold_breath_off_hold_breath_off_w00032,session_20260812_133911_hold_breath_off_hold_breath_off,/Users/jandonyggarofalo/Documents/Desa/UNI/Semestre7/embebidos/esp-csi/examples/get-started/csi_send/data/raw/session_20260812_133911_hold_breath_off_hold_breath_off.csv,106.0,118.0,hold_breath,accepted,,ambiguous_breathing_evidence,,1227,94.745,0.00102511,38.71410954906217,0.7204789916607106,53.73384928236709,17.275384898793643,9,1.7905577349662123,0.3333333333333333,65.78770954797517,0.778149425983429,1.5878692746449945,1.3386367422610865
session_20260812_133911_hold_breath_off_hold_breath_off_w00033,session_20260812_133911_hold_breath_off_hold_breath_off,/Users/jandonyggarofalo/Documents/Desa/UNI/Semestre7/embebidos/esp-csi/examples/get-started/csi_send/data/raw/session_20260812_133911_hold_breath_off_hold_breath_off.csv,109.0,121.0,hold_breath,accepted,,ambiguous_breathing_evidence,,1216,94.745,0.00021844,143.0643320858071,3.018728082693414,47.39225533626492,126.88094904853045,5,1.8962545777986257,0.41666666666666663,205.60964779827657,0.7934585809707642,2.1555313716414206,1.3386367422610865
session_20260812_133911_hold_breath_off_hold_breath_off_w00034,session_20260812_133911_hold_breath_off_hold_breath_off,/Users/jandonyggarofalo/Documents/Desa/UNI/Semestre7/embebidos/esp-csi/examples/get-started/csi_send/data/raw/session_20260812_133911_hold_breath_off_hold_breath_off.csv,112.0,124.0,hold_breath,accepted,,ambiguous_breathing_evidence,,1217,94.745,0.00031455,605.7047466896058,18.037189004016877,33.580883726099565,813.8248095669046,6,1.866137397374471,0.16666666666666666,1082.214636802312,0.8173123002052307,2.910530925249105,1.3386367422610865
session_20260812_133911_hold_breath_off_hold_breath_off_w00035,session_20260812_133911_hold_breath_off_hold_breath_off,/Users/jandonyggarofalo/Documents/Desa/UNI/Semestre7/embebidos/esp-csi/examples/get-started/csi_send/data/raw/session_20260812_133911_hold_breath_off_hold_breath_off.csv,115.0,127.0,hold_breath,rejected,transition_guard,not_evaluated,,1226,,,,,,,,,,,,,
session_20260812_134202_hold_breath_off_hold_breath_off_w00000,session_20260812_134202_hold_breath_off_hold_breath_off,/Users/jandonyggarofalo/Documents/Desa/UNI/Semestre7/embebidos/esp-csi/examples/get-started/csi_send/data/raw/session_20260812_134202_hold_breath_off_hold_breath_off.csv,10.0,22.0,breathing,accepted,,trusted_breathing,breathing,1234,44.876,0.00196262,53.3350552922793,1.049392621784876,50.824690573403025,38.179985224786286,8,1.861669828270746,0.41666666666666663,72.77474997168991,0.7871798872947693,1.7270127496586944,1.2363216121519172
session_20260812_134202_hold_breath_off_hold_breath_off_w00001,session_20260812_134202_hold_breath_off_hold_breath_off,/Users/jandonyggarofalo/Documents/Desa/UNI/Semestre7/embebidos/esp-csi/examples/get-started/csi_send/data/raw/session_20260812_134202_hold_breath_off_hold_breath_off.csv,13.0,25.0,breathing,accepted,,trusted_breathing,breathing,1229,48.796,0.00078824,44.41263931450332,0.94336897194413,47.07875776635839,29.48305294023896,8,1.7196155565539488,0.3333333333333333,88.47720023840017,0.7782993912696838,1.6475065828036175,1.2363216121519172
session_20260812_134202_hold_breath_off_hold_breath_off_w00002,session_20260812_134202_hold_breath_off_hold_breath_off,/Users/jandonyggarofalo/Documents/Desa/UNI/Semestre7/embebidos/esp-csi/examples/get-started/csi_send/data/raw/session_20260812_134202_hold_breath_off_hold_breath_off.csv,16.0,28.0,breathing,accepted,,trusted_breathing,breathing,1229,48.796,0.00061025,10.325549041878281,0.3275793301963021,31.520758759898467,22.744795294740584,7,1.8875856862933496,0.41666666666666663,17.231441586672418,0.7798773646354675,1.2363216121519172,1.2363216121519172
session_20260812_134202_hold_breath_off_hold_breath_off_w00003,session_20260812_134202_hold_breath_off_hold_breath_off,/Users/jandonyggarofalo/Documents/Desa/UNI/Semestre7/embebidos/esp-csi/examples/get-started/csi_send/data/raw/session_20260812_134202_hold_breath_off_hold_breath_off.csv,19.0,31.0,breathing,accepted,,trusted_breathing,breathing,1226,58.636,0.00164407,15.11958308733798,1.1092899998105878,13.629964292390655,60.07342343845984,3,1.2174245800665244,0.16666666666666666,63.96656612300414,0.7891597747802734,1.778682382040045,1.2363216121519172
session_20260812_134202_hold_breath_off_hold_breath_off_w00004,session_20260812_134202_hold_breath_off_hold_breath_off,/Users/jandonyggarofalo/Documents/Desa/UNI/Semestre7/embebidos/esp-csi/examples/get-started/csi_send/data/raw/session_20260812_134202_hold_breath_off_hold_breath_off.csv,22.0,34.0,breathing,accepted,,trusted_breathing,breathing,1224,58.636,0.00261693,8.36627899365026,0.1496261315178043,55.91455789658524,3.761605368148924,10,1.7666720080415896,0.25,9.873893731310059,0.7586328387260437,0.9225323430778568,1.2363216121519172
session_20260812_134202_hold_breath_off_hold_breath_off_w00005,session_20260812_134202_hold_breath_off_hold_breath_off,/Users/jandonyggarofalo/Documents/Desa/UNI/Semestre7/embebidos/esp-csi/examples/get-started/csi_send/data/raw/session_20260812_134202_hold_breath_off_hold_breath_off.csv,25.0,37.0,breathing,accepted,,trusted_breathing,breathing,1223,58.636,0.00358366,14.784088284771437,0.6100162926932204,24.235562987138408,52.427997475049864,9,1.6737875728448657,0.3333333333333333,30.307656466876345,0.7591819167137146,1.4815523559369967,1.2363216121519172
session_20260812_134202_hold_breath_off_hold_breath_off_w00006,session_20260812_134202_hold_breath_off_hold_breath_off,/Users/jandonyggarofalo/Documents/Desa/UNI/Semestre7/embebidos/esp-csi/examples/get-started/csi_send/data/raw/session_20260812_134202_hold_breath_off_hold_breath_off.csv,28.0,40.0,breathing,accepted,,trusted_breathing,breathing,1223,58.636,0.00263824,29.789819728866803,1.134543912995229,26.257088322121046,86.74774721949183,6,1.6589437420706081,0.16666666666666666,69.83889881160901,0.7673220038414001,1.8440973829911613,1.2363216121519172
session_20260812_134202_hold_breath_off_hold_breath_off_w00007,session_20260812_134202_hold_breath_off_hold_breath_off,/Users/jandonyggarofalo/Documents/Desa/UNI/Semestre7/embebidos/esp-csi/examples/get-started/csi_send/data/raw/session_20260812_134202_hold_breath_off_hold_breath_off.csv,31.0,43.0,breathing,accepted,,trusted_breathing,breathing,1221,50.985,0.00193873,11.709817370716342,0.35170527934268214,33.29440317918473,17.165614238129823,6,1.72284332061822,0.41666666666666663,26.1549370847652,0.7230698466300964,1.2346593484234634,1.2363216121519172
session_20260812_134202_hold_breath_off_hold_breath_off_w00008,session_20260812_134202_hold_breath_off_hold_breath_off,/Users/jandonyggarofalo/Documents/Desa/UNI/Semestre7/embebidos/esp-csi/examples/get-started/csi_send/data/raw/session_20260812_134202_hold_breath_off_hold_breath_off.csv,34.0,46.0,breathing,accepted,,trusted_breathing,breathing,1222,50.985,0.0018796,9.924158764847034,0.3887276158939593,25.52985267588683,19.79635857460552,4,1.5782426334877502,0.16666666666666666,26.012031700161124,0.7480875849723816,1.296585311655718,1.2363216121519172
session_20260812_134202_hold_breath_off_hold_breath_off_w00009,session_20260812_134202_hold_breath_off_hold_breath_off,/Users/jandonyggarofalo/Documents/Desa/UNI/Semestre7/embebidos/esp-csi/examples/get-started/csi_send/data/raw/session_20260812_134202_hold_breath_off_hold_breath_off.csv,37.0,49.0,breathing,accepted,,trusted_breathing,breathing,1223,71.607,0.00067074,45.84831009535865,1.9992932991711183,22.9322581705965,135.9619898296571,7,1.6260449479199943,0.16666666666666666,114.73728864272175,0.7999532222747803,2.059704582853229,1.2363216121519172
session_20260812_134202_hold_breath_off_hold_breath_off_w00010,session_20260812_134202_hold_breath_off_hold_breath_off,/Users/jandonyggarofalo/Documents/Desa/UNI/Semestre7/embebidos/esp-csi/examples/get-started/csi_send/data/raw/session_20260812_134202_hold_breath_off_hold_breath_off.csv,40.0,52.0,breathing,accepted,,trusted_breathing,breathing,1228,71.607,0.00174318,27.0696462223175,0.48231577514096846,56.124322730994265,10.381364649097913,7,1.7653228769283476,0.25,45.112656986193315,0.8057453036308289,1.432482579941216,1.2363216121519172
session_20260812_134202_hold_breath_off_hold_breath_off_w00011,session_20260812_134202_hold_breath_off_hold_breath_off,/Users/jandonyggarofalo/Documents/Desa/UNI/Semestre7/embebidos/esp-csi/examples/get-started/csi_send/data/raw/session_20260812_134202_hold_breath_off_hold_breath_off.csv,43.0,55.0,breathing,accepted,,trusted_breathing,breathing,1230,71.607,0.00162602,30.776778231434367,0.5693890280032978,54.05228537561855,12.040891631048124,8,1.7852145657599567,0.25,50.26841815717138,0.8534851670265198,1.4882231551464595,1.2363216121519172
session_20260812_134202_hold_breath_off_hold_breath_off_w00012,session_20260812_134202_hold_breath_off_hold_breath_off,/Users/jandonyggarofalo/Documents/Desa/UNI/Semestre7/embebidos/esp-csi/examples/get-started/csi_send/data/raw/session_20260812_134202_hold_breath_off_hold_breath_off.csv,46.0,58.0,breathing,accepted,,trusted_breathing,breathing,1224,71.607,0.00209355,16.57681828150799,0.32002933460199495,51.79780879172212,8.742576847150813,6,1.7331779937860534,0.3333333333333333,36.60426080384994,0.8155230283737183,1.2195011766735282,1.2363216121519172
session_20260812_134202_hold_breath_off_hold_breath_off_w00013,session_20260812_134202_hold_breath_off_hold_breath_off,/Users/jandonyggarofalo/Documents/Desa/UNI/Semestre7/embebidos/esp-csi/examples/get-started/csi_send/data/raw/session_20260812_134202_hold_breath_off_hold_breath_off.csv,49.0,61.0,breathing,rejected,mixed_or_unknown_label,not_evaluated,,1225,,,,,,,,,,,,,
session_20260812_134202_hold_breath_off_hold_breath_off_w00014,session_20260812_134202_hold_breath_off_hold_breath_off,/Users/jandonyggarofalo/Documents/Desa/UNI/Semestre7/embebidos/esp-csi/examples/get-started/csi_send/data/raw/session_20260812_134202_hold_breath_off_hold_breath_off.csv,52.0,64.0,breathing,rejected,mixed_or_unknown_label,not_evaluated,,1217,,,,,,,,,,,,,
session_20260812_134202_hold_breath_off_hold_breath_off_w00015,session_20260812_134202_hold_breath_off_hold_breath_off,/Users/jandonyggarofalo/Documents/Desa/UNI/Semestre7/embebidos/esp-csi/examples/get-started/csi_send/data/raw/session_20260812_134202_hold_breath_off_hold_breath_off.csv,55.0,67.0,hold_breath,rejected,mixed_or_unknown_label,not_evaluated,,1215,,,,,,,,,,,,,
session_20260812_134202_hold_breath_off_hold_breath_off_w00016,session_20260812_134202_hold_breath_off_hold_breath_off,/Users/jandonyggarofalo/Documents/Desa/UNI/Semestre7/embebidos/esp-csi/examples/get-started/csi_send/data/raw/session_20260812_134202_hold_breath_off_hold_breath_off.csv,58.0,70.0,hold_breath,rejected,mixed_or_unknown_label,not_evaluated,,1215,,,,,,,,,,,,,
session_20260812_134202_hold_breath_off_hold_breath_off_w00017,session_20260812_134202_hold_breath_off_hold_breath_off,/Users/jandonyggarofalo/Documents/Desa/UNI/Semestre7/embebidos/esp-csi/examples/get-started/csi_send/data/raw/session_20260812_134202_hold_breath_off_hold_breath_off.csv,61.0,73.0,hold_breath,rejected,transition_guard,not_evaluated,,1206,,,,,,,,,,,,,
session_20260812_134202_hold_breath_off_hold_breath_off_w00018,session_20260812_134202_hold_breath_off_hold_breath_off,/Users/jandonyggarofalo/Documents/Desa/UNI/Semestre7/embebidos/esp-csi/examples/get-started/csi_send/data/raw/session_20260812_134202_hold_breath_off_hold_breath_off.csv,64.0,76.0,hold_breath,accepted,,ambiguous_breathing_evidence,,1215,43.996,0.01988812,1161.6500474628465,21.183745493651507,54.836858185013746,334.3237378077986,6,1.6542263327267006,0.25,1727.6978724777134,0.5864257216453552,3.06507531450334,1.2363216121519172
session_20260812_134202_hold_breath_off_hold_breath_off_w00019,session_20260812_134202_hold_breath_off_hold_breath_off,/Users/jandonyggarofalo/Documents/Desa/UNI/Semestre7/embebidos/esp-csi/examples/get-started/csi_send/data/raw/session_20260812_134202_hold_breath_off_hold_breath_off.csv,67.0,79.0,hold_breath,accepted,,ambiguous_breathing_evidence,,1218,43.996,0.01296952,1897.4482468439787,34.11897370959793,55.6126999303662,444.2666215002887,6,1.4529661584726294,0.25,4517.271276078624,0.5880903601646423,3.278169939288679,1.2363216121519172
session_20260812_134202_hold_breath_off_hold_breath_off_w00020,session_20260812_134202_hold_breath_off_hold_breath_off,/Users/jandonyggarofalo/Documents/Desa/UNI/Semestre7/embebidos/esp-csi/examples/get-started/csi_send/data/raw/session_20260812_134202_hold_breath_off_hold_breath_off.csv,70.0,82.0,hold_breath,accepted,,ambiguous_breathing_evidence,,1220,42.218,0.00851691,627.1007070070449,11.713388158969058,53.53708922612746,701.302602947858,5,1.5889519773100613,0.25,1528.3903966009743,0.6000136137008667,2.845905450824911,1.2363216121519172
session_20260812_134202_hold_breath_off_hold_breath_off_w00021,session_20260812_134202_hold_breath_off_hold_breath_off,/Users/jandonyggarofalo/Documents/Desa/UNI/Semestre7/embebidos/esp-csi/examples/get-started/csi_send/data/raw/session_20260812_134202_hold_breath_off_hold_breath_off.csv,73.0,85.0,hold_breath,accepted,,ambiguous_breathing_evidence,,1226,61.321,0.01284666,46.7849684190432,0.9384783653831662,49.851941338990564,159.03481478079573,9,1.9156824461194297,0.3333333333333333,71.41551604697385,0.5920802354812622,1.8537925787440663,1.2363216121519172
session_20260812_134202_hold_breath_off_hold_breath_off_w00022,session_20260812_134202_hold_breath_off_hold_breath_off,/Users/jandonyggarofalo/Documents/Desa/UNI/Semestre7/embebidos/esp-csi/examples/get-started/csi_send/data/raw/session_20260812_134202_hold_breath_off_hold_breath_off.csv,76.0,88.0,hold_breath,accepted,,high_confidence_hold,hold_breath,1225,74.659,0.00114796,10.717333473239796,0.20372495427009277,52.606876322958705,6.0768370761980695,11,1.638279619111528,0.5,22.292491029064937,0.6496994495391846,1.0300867441337336,1.2363216121519172
session_20260812_134202_hold_breath_off_hold_breath_off_w00023,session_20260812_134202_hold_breath_off_hold_breath_off,/Users/jandonyggarofalo/Documents/Desa/UNI/Semestre7/embebidos/esp-csi/examples/get-started/csi_send/data/raw/session_20260812_134202_hold_breath_off_hold_breath_off.csv,79.0,91.0,hold_breath,accepted,,high_confidence_hold,hold_breath,1228,74.659,0.00143781,9.425861582777632,0.24905021757405563,37.84723287759017,8.056202330131468,7,1.804473237762639,0.16666666666666666,16.73286910010709,0.7080151438713074,0.9743210579276675,1.2363216121519172
session_20260812_134202_hold_breath_off_hold_breath_off_w00024,session_20260812_134202_hold_breath_off_hold_breath_off,/Users/jandonyggarofalo/Documents/Desa/UNI/Semestre7/embebidos/esp-csi/examples/get-started/csi_send/data/raw/session_20260812_134202_hold_breath_off_hold_breath_off.csv,82.0,94.0,hold_breath,accepted,,high_confidence_hold,hold_breath,1228,74.659,0.00062347,8.787832465482598,0.4136262472452148,21.245828870844264,32.70256761885162,7,1.6820190124896823,0.25,16.868140161832084,0.7097988724708557,1.2270672010254071,1.2363216121519172
session_20260812_134202_hold_breath_off_hold_breath_off_w00025,session_20260812_134202_hold_breath_off_hold_breath_off,/Users/jandonyggarofalo/Documents/Desa/UNI/Semestre7/embebidos/esp-csi/examples/get-started/csi_send/data/raw/session_20260812_134202_hold_breath_off_hold_breath_off.csv,85.0,97.0,hold_breath,accepted,,ambiguous_breathing_evidence,,1235,74.659,0.00165106,29.713549840980363,1.302956792675616,22.804708496849624,60.88739384980394,5,1.7004699779149648,0.5,41.032709605428664,0.7790770530700684,1.613130196660584,1.2363216121519172
session_20260812_134202_hold_breath_off_hold_breath_off_w00026,session_20260812_134202_hold_breath_off_hold_breath_off,/Users/jandonyggarofalo/Documents/Desa/UNI/Semestre7/embebidos/esp-csi/examples/get-started/csi_send/data/raw/session_20260812_134202_hold_breath_off_hold_breath_off.csv,88.0,100.0,hold_breath,accepted,,ambiguous_breathing_evidence,,1236,60.957,0.00137793,93.99808316016802,1.8593525018429666,50.55420264148286,48.711517904188106,9,1.6626085001829738,0.41666666666666663,197.97183568432717,0.7981379628181458,1.9731189974140682,1.2363216121519172
session_20260812_134202_hold_breath_off_hold_breath_off_w00027,session_20260812_134202_hold_breath_off_hold_breath_off,/Users/jandonyggarofalo/Documents/Desa/UNI/Semestre7/embebidos/esp-csi/examples/get-started/csi_send/data/raw/session_20260812_134202_hold_breath_off_hold_breath_off.csv,91.0,103.0,hold_breath,accepted,,ambiguous_breathing_evidence,,1237,60.957,0.00381467,73.58609117995394,1.2431421159169727,59.19362737189207,27.830432801689003,9,1.1009212366083385,0.41666666666666663,230.1496825144638,0.8124963641166687,1.866795734247391,1.2363216121519172
session_20260812_134202_hold_breath_off_hold_breath_off_w00028,session_20260812_134202_hold_breath_off_hold_breath_off,/Users/jandonyggarofalo/Documents/Desa/UNI/Semestre7/embebidos/esp-csi/examples/get-started/csi_send/data/raw/session_20260812_134202_hold_breath_off_hold_breath_off.csv,94.0,106.0,hold_breath,rejected,transition_guard,not_evaluated,,1240,,,,,,,,,,,,,
session_20260812_134404_hold_breath_off_hold_breath_off_w00000,session_20260812_134404_hold_breath_off_hold_breath_off,/Users/jandonyggarofalo/Documents/Desa/UNI/Semestre7/embebidos/esp-csi/examples/get-started/csi_send/data/raw/session_20260812_134404_hold_breath_off_hold_breath_off.csv,10.0,22.0,breathing,accepted,,trusted_breathing,breathing,1175,68.505,0.00120346,256.3886825235937,6.058679573970403,42.31758411932874,194.89688550090196,8,1.768799242454557,0.3333333333333333,650.6444470690365,0.7936893701553345,2.408898850698451,2.8465574002565597
session_20260812_134404_hold_breath_off_hold_breath_off_w00001,session_20260812_134404_hold_breath_off_hold_breath_off,/Users/jandonyggarofalo/Documents/Desa/UNI/Semestre7/embebidos/esp-csi/examples/get-started/csi_send/data/raw/session_20260812_134404_hold_breath_off_hold_breath_off.csv,13.0,25.0,breathing,rejected,time_gap,not_evaluated,,1181,128.672,,,,,,,,,,,,
session_20260812_134404_hold_breath_off_hold_breath_off_w00002,session_20260812_134404_hold_breath_off_hold_breath_off,/Users/jandonyggarofalo/Documents/Desa/UNI/Semestre7/embebidos/esp-csi/examples/get-started/csi_send/data/raw/session_20260812_134404_hold_breath_off_hold_breath_off.csv,16.0,28.0,breathing,rejected,time_gap,not_evaluated,,1185,128.672,,,,,,,,,,,,
session_20260812_134404_hold_breath_off_hold_breath_off_w00003,session_20260812_134404_hold_breath_off_hold_breath_off,/Users/jandonyggarofalo/Documents/Desa/UNI/Semestre7/embebidos/esp-csi/examples/get-started/csi_send/data/raw/session_20260812_134404_hold_breath_off_hold_breath_off.csv,19.0,31.0,breathing,rejected,time_gap,not_evaluated,,1201,128.672,,,,,,,,,,,,
session_20260812_134404_hold_breath_off_hold_breath_off_w00004,session_20260812_134404_hold_breath_off_hold_breath_off,/Users/jandonyggarofalo/Documents/Desa/UNI/Semestre7/embebidos/esp-csi/examples/get-started/csi_send/data/raw/session_20260812_134404_hold_breath_off_hold_breath_off.csv,22.0,34.0,breathing,rejected,time_gap,not_evaluated,,1182,128.672,,,,,,,,,,,,
session_20260812_134404_hold_breath_off_hold_breath_off_w00005,session_20260812_134404_hold_breath_off_hold_breath_off,/Users/jandonyggarofalo/Documents/Desa/UNI/Semestre7/embebidos/esp-csi/examples/get-started/csi_send/data/raw/session_20260812_134404_hold_breath_off_hold_breath_off.csv,25.0,37.0,breathing,rejected,time_gap,not_evaluated,,1185,118.346,,,,,,,,,,,,
session_20260812_134404_hold_breath_off_hold_breath_off_w00006,session_20260812_134404_hold_breath_off_hold_breath_off,/Users/jandonyggarofalo/Documents/Desa/UNI/Semestre7/embebidos/esp-csi/examples/get-started/csi_send/data/raw/session_20260812_134404_hold_breath_off_hold_breath_off.csv,28.0,40.0,breathing,rejected,time_gap,not_evaluated,,1189,118.346,,,,,,,,,,,,
session_20260812_134404_hold_breath_off_hold_breath_off_w00007,session_20260812_134404_hold_breath_off_hold_breath_off,/Users/jandonyggarofalo/Documents/Desa/UNI/Semestre7/embebidos/esp-csi/examples/get-started/csi_send/data/raw/session_20260812_134404_hold_breath_off_hold_breath_off.csv,31.0,43.0,breathing,rejected,time_gap,not_evaluated,,1186,118.346,,,,,,,,,,,,
session_20260812_134404_hold_breath_off_hold_breath_off_w00008,session_20260812_134404_hold_breath_off_hold_breath_off,/Users/jandonyggarofalo/Documents/Desa/UNI/Semestre7/embebidos/esp-csi/examples/get-started/csi_send/data/raw/session_20260812_134404_hold_breath_off_hold_breath_off.csv,34.0,46.0,breathing,rejected,time_gap,not_evaluated,,1202,118.346,,,,,,,,,,,,
session_20260812_134404_hold_breath_off_hold_breath_off_w00009,session_20260812_134404_hold_breath_off_hold_breath_off,/Users/jandonyggarofalo/Documents/Desa/UNI/Semestre7/embebidos/esp-csi/examples/get-started/csi_send/data/raw/session_20260812_134404_hold_breath_off_hold_breath_off.csv,37.0,49.0,breathing,accepted,,trusted_breathing,breathing,1209,54.904,0.00066558,752.9080028159756,19.78179822105823,38.06064516492984,1041.5490438741485,9,1.9033341245750488,0.41666666666666663,1528.2008973081104,0.7724668383598328,3.0176797245789517,2.8465574002565597
session_20260812_134404_hold_breath_off_hold_breath_off_w00010,session_20260812_134404_hold_breath_off_hold_breath_off,/Users/jandonyggarofalo/Documents/Desa/UNI/Semestre7/embebidos/esp-csi/examples/get-started/csi_send/data/raw/session_20260812_134404_hold_breath_off_hold_breath_off.csv,40.0,52.0,breathing,accepted,,trusted_breathing,breathing,1204,54.904,3.244e-05,584.4878794150338,18.76072939965507,31.154859012344637,974.1591211505589,7,1.830736914895184,0.41666666666666663,928.2802443904714,0.8171037435531616,2.967679107920187,2.8465574002565597
session_20260812_134404_hold_breath_off_hold_breath_off_w00011,session_20260812_134404_hold_breath_off_hold_breath_off,/Users/jandonyggarofalo/Documents/Desa/UNI/Semestre7/embebidos/esp-csi/examples/get-started/csi_send/data/raw/session_20260812_134404_hold_breath_off_hold_breath_off.csv,43.0,55.0,breathing,accepted,,trusted_breathing,breathing,1197,64.117,3.916e-05,360.9258503268199,15.610208914756772,23.121141574575812,810.6751557376388,5,1.5501974161898455,0.16666666666666666,857.2094310519115,0.837760865688324,2.908846863665628,2.8465574002565597
session_20260812_134404_hold_breath_off_hold_breath_off_w00012,session_20260812_134404_hold_breath_off_hold_breath_off,/Users/jandonyggarofalo/Documents/Desa/UNI/Semestre7/embebidos/esp-csi/examples/get-started/csi_send/data/raw/session_20260812_134404_hold_breath_off_hold_breath_off.csv,46.0,58.0,breathing,accepted,,trusted_breathing,breathing,1189,64.117,0.00051908,353.5994879812923,12.121645203425649,29.17091550257005,702.3561672962093,6,1.6092539882655739,0.16666666666666666,892.2049599083732,0.8331120014190674,2.8465574002565597,2.8465574002565597
session_20260812_134404_hold_breath_off_hold_breath_off_w00013,session_20260812_134404_hold_breath_off_hold_breath_off,/Users/jandonyggarofalo/Documents/Desa/UNI/Semestre7/embebidos/esp-csi/examples/get-started/csi_send/data/raw/session_20260812_134404_hold_breath_off_hold_breath_off.csv,49.0,61.0,breathing,rejected,mixed_or_unknown_label,not_evaluated,,1190,,,,,,,,,,,,,
session_20260812_134404_hold_breath_off_hold_breath_off_w00014,session_20260812_134404_hold_breath_off_hold_breath_off,/Users/jandonyggarofalo/Documents/Desa/UNI/Semestre7/embebidos/esp-csi/examples/get-started/csi_send/data/raw/session_20260812_134404_hold_breath_off_hold_breath_off.csv,52.0,64.0,breathing,rejected,mixed_or_unknown_label,not_evaluated,,1196,,,,,,,,,,,,,
session_20260812_134404_hold_breath_off_hold_breath_off_w00015,session_20260812_134404_hold_breath_off_hold_breath_off,/Users/jandonyggarofalo/Documents/Desa/UNI/Semestre7/embebidos/esp-csi/examples/get-started/csi_send/data/raw/session_20260812_134404_hold_breath_off_hold_breath_off.csv,55.0,67.0,hold_breath,rejected,mixed_or_unknown_label,not_evaluated,,1187,,,,,,,,,,,,,
session_20260812_134404_hold_breath_off_hold_breath_off_w00016,session_20260812_134404_hold_breath_off_hold_breath_off,/Users/jandonyggarofalo/Documents/Desa/UNI/Semestre7/embebidos/esp-csi/examples/get-started/csi_send/data/raw/session_20260812_134404_hold_breath_off_hold_breath_off.csv,58.0,70.0,hold_breath,rejected,mixed_or_unknown_label,not_evaluated,,1180,,,,,,,,,,,,,
session_20260812_134404_hold_breath_off_hold_breath_off_w00017,session_20260812_134404_hold_breath_off_hold_breath_off,/Users/jandonyggarofalo/Documents/Desa/UNI/Semestre7/embebidos/esp-csi/examples/get-started/csi_send/data/raw/session_20260812_134404_hold_breath_off_hold_breath_off.csv,61.0,73.0,hold_breath,rejected,transition_guard,not_evaluated,,1177,,,,,,,,,,,,,
session_20260812_134404_hold_breath_off_hold_breath_off_w00018,session_20260812_134404_hold_breath_off_hold_breath_off,/Users/jandonyggarofalo/Documents/Desa/UNI/Semestre7/embebidos/esp-csi/examples/get-started/csi_send/data/raw/session_20260812_134404_hold_breath_off_hold_breath_off.csv,64.0,76.0,hold_breath,rejected,time_gap,not_evaluated,,1145,129.781,,,,,,,,,,,,
session_20260812_134404_hold_breath_off_hold_breath_off_w00019,session_20260812_134404_hold_breath_off_hold_breath_off,/Users/jandonyggarofalo/Documents/Desa/UNI/Semestre7/embebidos/esp-csi/examples/get-started/csi_send/data/raw/session_20260812_134404_hold_breath_off_hold_breath_off.csv,67.0,79.0,hold_breath,rejected,time_gap,not_evaluated,,1144,129.781,,,,,,,,,,,,
session_20260812_134404_hold_breath_off_hold_breath_off_w00020,session_20260812_134404_hold_breath_off_hold_breath_off,/Users/jandonyggarofalo/Documents/Desa/UNI/Semestre7/embebidos/esp-csi/examples/get-started/csi_send/data/raw/session_20260812_134404_hold_breath_off_hold_breath_off.csv,70.0,82.0,hold_breath,rejected,time_gap,not_evaluated,,1155,129.781,,,,,,,,,,,,
session_20260812_134404_hold_breath_off_hold_breath_off_w00021,session_20260812_134404_hold_breath_off_hold_breath_off,/Users/jandonyggarofalo/Documents/Desa/UNI/Semestre7/embebidos/esp-csi/examples/get-started/csi_send/data/raw/session_20260812_134404_hold_breath_off_hold_breath_off.csv,73.0,85.0,hold_breath,rejected,time_gap,not_evaluated,,1149,129.781,,,,,,,,,,,,
session_20260812_134404_hold_breath_off_hold_breath_off_w00022,session_20260812_134404_hold_breath_off_hold_breath_off,/Users/jandonyggarofalo/Documents/Desa/UNI/Semestre7/embebidos/esp-csi/examples/get-started/csi_send/data/raw/session_20260812_134404_hold_breath_off_hold_breath_off.csv,76.0,88.0,hold_breath,rejected,time_gap,not_evaluated,,1190,114.551,,,,,,,,,,,,
session_20260812_134404_hold_breath_off_hold_breath_off_w00023,session_20260812_134404_hold_breath_off_hold_breath_off,/Users/jandonyggarofalo/Documents/Desa/UNI/Semestre7/embebidos/esp-csi/examples/get-started/csi_send/data/raw/session_20260812_134404_hold_breath_off_hold_breath_off.csv,79.0,91.0,hold_breath,accepted,,high_confidence_hold,hold_breath,1196,62.871,0.00175716,101.91676995830396,1.7187467445709859,59.29714210669471,43.29428126528835,8,1.1220143782569556,0.3333333333333333,278.9061744033723,0.791443407535553,2.0082456511420457,2.8465574002565597
session_20260812_134404_hold_breath_off_hold_breath_off_w00024,session_20260812_134404_hold_breath_off_hold_breath_off,/Users/jandonyggarofalo/Documents/Desa/UNI/Semestre7/embebidos/esp-csi/examples/get-started/csi_send/data/raw/session_20260812_134404_hold_breath_off_hold_breath_off.csv,82.0,94.0,hold_breath,accepted,,high_confidence_hold,hold_breath,1196,62.871,0.0011366,138.82903140384127,2.558091649795415,54.27054633280631,57.376439657478244,8,1.3733261503808896,0.41666666666666663,301.0816417140515,0.7670571208000183,2.1424802936412517,2.8465574002565597
session_20260812_134404_hold_breath_off_hold_breath_off_w00025,session_20260812_134404_hold_breath_off_hold_breath_off,/Users/jandonyggarofalo/Documents/Desa/UNI/Semestre7/embebidos/esp-csi/examples/get-started/csi_send/data/raw/session_20260812_134404_hold_breath_off_hold_breath_off.csv,85.0,97.0,hold_breath,accepted,,high_confidence_hold,hold_breath,1200,61.909,0.00254557,246.0407084972856,8.727162227084058,28.19252147435618,541.6811582236047,6,1.7139137557015633,0.16666666666666666,438.0320785392856,0.8076568245887756,2.641505916491454,2.8465574002565597
session_20260812_134404_hold_breath_off_hold_breath_off_w00026,session_20260812_134404_hold_breath_off_hold_breath_off,/Users/jandonyggarofalo/Documents/Desa/UNI/Semestre7/embebidos/esp-csi/examples/get-started/csi_send/data/raw/session_20260812_134404_hold_breath_off_hold_breath_off.csv,88.0,100.0,hold_breath,accepted,,high_confidence_hold,hold_breath,1190,63.964,0.00303965,176.92791123272573,3.6130716871363586,48.968834983981715,142.27352837230777,6,1.9516511102413976,0.3333333333333333,249.02702498989387,0.7664119005203247,2.24779635036692,2.8465574002565597
session_20260812_134404_hold_breath_off_hold_breath_off_w00027,session_20260812_134404_hold_breath_off_hold_breath_off,/Users/jandonyggarofalo/Documents/Desa/UNI/Semestre7/embebidos/esp-csi/examples/get-started/csi_send/data/raw/session_20260812_134404_hold_breath_off_hold_breath_off.csv,91.0,103.0,hold_breath,accepted,,high_confidence_hold,hold_breath,1199,70.437,0.00230661,155.64994916457206,2.889981495324292,53.858458753574936,55.01624398950793,7,1.7689899277909875,0.25,244.67546125481408,0.7582422494888306,2.192148983177551,2.8465574002565597
session_20260812_134404_hold_breath_off_hold_breath_off_w00028,session_20260812_134404_hold_breath_off_hold_breath_off,/Users/jandonyggarofalo/Documents/Desa/UNI/Semestre7/embebidos/esp-csi/examples/get-started/csi_send/data/raw/session_20260812_134404_hold_breath_off_hold_breath_off.csv,94.0,106.0,hold_breath,accepted,,ambiguous_breathing_evidence,,1193,93.462,0.00294688,250.91762613574784,12.99397958498411,19.310298626734017,1000.0802017852806,4,1.484449124627784,0.16666666666666666,726.291780241066,0.7710074186325073,2.861111129090285,2.8465574002565597
session_20260812_134404_hold_breath_off_hold_breath_off_w00029,session_20260812_134404_hold_breath_off_hold_breath_off,/Users/jandonyggarofalo/Documents/Desa/UNI/Semestre7/embebidos/esp-csi/examples/get-started/csi_send/data/raw/session_20260812_134404_hold_breath_off_hold_breath_off.csv,97.0,109.0,hold_breath,accepted,,high_confidence_hold,hold_breath,1194,93.462,0.00100764,385.76334694409354,9.21633692517962,41.856471836453984,369.9236306740192,5,1.887894189548619,0.3333333333333333,594.6051035173291,0.7608956098556519,2.586320961057657,2.8465574002565597
session_20260812_134404_hold_breath_off_hold_breath_off_w00030,session_20260812_134404_hold_breath_off_hold_breath_off,/Users/jandonyggarofalo/Documents/Desa/UNI/Semestre7/embebidos/esp-csi/examples/get-started/csi_send/data/raw/session_20260812_134404_hold_breath_off_hold_breath_off.csv,100.0,112.0,hold_breath,accepted,,high_confidence_hold,hold_breath,1195,93.462,0.00077144,330.2030995796037,5.632851573079324,58.620948074978685,124.1302152441525,7,1.5003768782878615,0.41666666666666663,676.7123819706924,0.7469094395637512,2.51878114561969,2.8465574002565597
session_20260812_134404_hold_breath_off_hold_breath_off_w00031,session_20260812_134404_hold_breath_off_hold_breath_off,/Users/jandonyggarofalo/Documents/Desa/UNI/Semestre7/embebidos/esp-csi/examples/get-started/csi_send/data/raw/session_20260812_134404_hold_breath_off_hold_breath_off.csv,103.0,115.0,hold_breath,accepted,,high_confidence_hold,hold_breath,1193,93.462,0.00081203,324.9690958659326,8.302058102008235,39.143197008857925,565.2537200529393,6,1.8126317944554216,0.41666666666666663,760.1619013591263,0.7356091737747192,2.7522434292096096,2.8465574002565597
session_20260812_134404_hold_breath_off_hold_breath_off_w00032,session_20260812_134404_hold_breath_off_hold_breath_off,/Users/jandonyggarofalo/Documents/Desa/UNI/Semestre7/embebidos/esp-csi/examples/get-started/csi_send/data/raw/session_20260812_134404_hold_breath_off_hold_breath_off.csv,106.0,118.0,hold_breath,accepted,,high_confidence_hold,hold_breath,1204,76.001,0.00106416,135.59374325280947,2.5300278436935173,53.59377510043777,70.22681471117664,8,1.6805778884306009,0.41666666666666663,269.6616750280791,0.7276097536087036,2.1322396501986693,2.8465574002565597
session_20260812_134404_hold_breath_off_hold_breath_off_w00033,session_20260812_134404_hold_breath_off_hold_breath_off,/Users/jandonyggarofalo/Documents/Desa/UNI/Semestre7/embebidos/esp-csi/examples/get-started/csi_send/data/raw/session_20260812_134404_hold_breath_off_hold_breath_off.csv,109.0,121.0,hold_breath,accepted,,high_confidence_hold,hold_breath,1209,57.376,0.00152502,106.04773006470994,8.835853171829127,12.00197966199848,754.2074420573938,5,1.2421821227740435,0.16666666666666666,368.7491921415362,0.7256033420562744,2.5667310775316925,2.8465574002565597
session_20260812_134404_hold_breath_off_hold_breath_off_w00034,session_20260812_134404_hold_breath_off_hold_breath_off,/Users/jandonyggarofalo/Documents/Desa/UNI/Semestre7/embebidos/esp-csi/examples/get-started/csi_send/data/raw/session_20260812_134404_hold_breath_off_hold_breath_off.csv,112.0,124.0,hold_breath,accepted,,high_confidence_hold,hold_breath,1205,58.851,0.00130965,36.638624001400856,0.6183805417340715,59.24931579929578,10.112682318839786,7,1.3600650772010425,0.3333333333333333,85.13003494452626,0.6747984290122986,1.563939154957067,2.8465574002565597
session_20260812_134404_hold_breath_off_hold_breath_off_w00035,session_20260812_134404_hold_breath_off_hold_breath_off,/Users/jandonyggarofalo/Documents/Desa/UNI/Semestre7/embebidos/esp-csi/examples/get-started/csi_send/data/raw/session_20260812_134404_hold_breath_off_hold_breath_off.csv,115.0,127.0,hold_breath,accepted,,high_confidence_hold,hold_breath,1197,71.414,0.00154031,26.399147313896957,0.4662498706135939,56.62017080905255,11.57931125917861,7,1.6598799130639252,0.41666666666666663,38.07297487736599,0.6817184090614319,1.4215898994891711,2.8465574002565597
session_20260812_134404_hold_breath_off_hold_breath_off_w00036,session_20260812_134404_hold_breath_off_hold_breath_off,/Users/jandonyggarofalo/Documents/Desa/UNI/Semestre7/embebidos/esp-csi/examples/get-started/csi_send/data/raw/session_20260812_134404_hold_breath_off_hold_breath_off.csv,118.0,130.0,hold_breath,rejected,time_gap,not_evaluated,,1198,173.628,,,,,,,,,,,,
session_20260812_134404_hold_breath_off_hold_breath_off_w00037,session_20260812_134404_hold_breath_off_hold_breath_off,/Users/jandonyggarofalo/Documents/Desa/UNI/Semestre7/embebidos/esp-csi/examples/get-started/csi_send/data/raw/session_20260812_134404_hold_breath_off_hold_breath_off.csv,121.0,133.0,hold_breath,rejected,time_gap,not_evaluated,,1198,173.628,,,,,,,,,,,,
session_20260812_134940_hold_breath_off_hold_breath_off_w00000,session_20260812_134940_hold_breath_off_hold_breath_off,/Users/jandonyggarofalo/Documents/Desa/UNI/Semestre7/embebidos/esp-csi/examples/get-started/csi_send/data/raw/session_20260812_134940_hold_breath_off_hold_breath_off.csv,10.0,22.0,breathing,rejected,time_gap,not_evaluated,,1188,113.454,,,,,,,,,,,,
session_20260812_134940_hold_breath_off_hold_breath_off_w00001,session_20260812_134940_hold_breath_off_hold_breath_off,/Users/jandonyggarofalo/Documents/Desa/UNI/Semestre7/embebidos/esp-csi/examples/get-started/csi_send/data/raw/session_20260812_134940_hold_breath_off_hold_breath_off.csv,13.0,25.0,breathing,rejected,time_gap,not_evaluated,,946,113.454,,,,,,,,,,,,
session_20260812_134940_hold_breath_off_hold_breath_off_w00002,session_20260812_134940_hold_breath_off_hold_breath_off,/Users/jandonyggarofalo/Documents/Desa/UNI/Semestre7/embebidos/esp-csi/examples/get-started/csi_send/data/raw/session_20260812_134940_hold_breath_off_hold_breath_off.csv,16.0,28.0,breathing,rejected,time_gap,not_evaluated,,678,2632.927,,,,,,,,,,,,
session_20260812_134940_hold_breath_off_hold_breath_off_w00003,session_20260812_134940_hold_breath_off_hold_breath_off,/Users/jandonyggarofalo/Documents/Desa/UNI/Semestre7/embebidos/esp-csi/examples/get-started/csi_send/data/raw/session_20260812_134940_hold_breath_off_hold_breath_off.csv,19.0,31.0,breathing,rejected,insufficient_samples,not_evaluated,,383,,,,,,,,,,,,,
session_20260812_134940_hold_breath_off_hold_breath_off_w00004,session_20260812_134940_hold_breath_off_hold_breath_off,/Users/jandonyggarofalo/Documents/Desa/UNI/Semestre7/embebidos/esp-csi/examples/get-started/csi_send/data/raw/session_20260812_134940_hold_breath_off_hold_breath_off.csv,22.0,34.0,breathing,rejected,insufficient_samples,not_evaluated,,354,,,,,,,,,,,,,
session_20260812_134940_hold_breath_off_hold_breath_off_w00005,session_20260812_134940_hold_breath_off_hold_breath_off,/Users/jandonyggarofalo/Documents/Desa/UNI/Semestre7/embebidos/esp-csi/examples/get-started/csi_send/data/raw/session_20260812_134940_hold_breath_off_hold_breath_off.csv,25.0,37.0,breathing,rejected,time_gap,not_evaluated,,598,5924.267,,,,,,,,,,,,
session_20260812_134940_hold_breath_off_hold_breath_off_w00006,session_20260812_134940_hold_breath_off_hold_breath_off,/Users/jandonyggarofalo/Documents/Desa/UNI/Semestre7/embebidos/esp-csi/examples/get-started/csi_send/data/raw/session_20260812_134940_hold_breath_off_hold_breath_off.csv,28.0,40.0,breathing,rejected,time_gap,not_evaluated,,738,246.196,,,,,,,,,,,,
session_20260812_134940_hold_breath_off_hold_breath_off_w00007,session_20260812_134940_hold_breath_off_hold_breath_off,/Users/jandonyggarofalo/Documents/Desa/UNI/Semestre7/embebidos/esp-csi/examples/get-started/csi_send/data/raw/session_20260812_134940_hold_breath_off_hold_breath_off.csv,31.0,43.0,breathing,rejected,time_gap,not_evaluated,,896,2782.838,,,,,,,,,,,,
session_20260812_134940_hold_breath_off_hold_breath_off_w00008,session_20260812_134940_hold_breath_off_hold_breath_off,/Users/jandonyggarofalo/Documents/Desa/UNI/Semestre7/embebidos/esp-csi/examples/get-started/csi_send/data/raw/session_20260812_134940_hold_breath_off_hold_breath_off.csv,34.0,46.0,breathing,rejected,time_gap,not_evaluated,,930,2782.838,,,,,,,,,,,,
session_20260812_134940_hold_breath_off_hold_breath_off_w00009,session_20260812_134940_hold_breath_off_hold_breath_off,/Users/jandonyggarofalo/Documents/Desa/UNI/Semestre7/embebidos/esp-csi/examples/get-started/csi_send/data/raw/session_20260812_134940_hold_breath_off_hold_breath_off.csv,37.0,49.0,breathing,rejected,time_gap,not_evaluated,,700,2782.838,,,,,,,,,,,,
session_20260812_134940_hold_breath_off_hold_breath_off_w00010,session_20260812_134940_hold_breath_off_hold_breath_off,/Users/jandonyggarofalo/Documents/Desa/UNI/Semestre7/embebidos/esp-csi/examples/get-started/csi_send/data/raw/session_20260812_134940_hold_breath_off_hold_breath_off.csv,40.0,52.0,breathing,rejected,time_gap,not_evaluated,,591,4480.031,,,,,,,,,,,,
session_20260812_134940_hold_breath_off_hold_breath_off_w00011,session_20260812_134940_hold_breath_off_hold_breath_off,/Users/jandonyggarofalo/Documents/Desa/UNI/Semestre7/embebidos/esp-csi/examples/get-started/csi_send/data/raw/session_20260812_134940_hold_breath_off_hold_breath_off.csv,43.0,55.0,breathing,rejected,time_gap,not_evaluated,,738,4480.031,,,,,,,,,,,,
session_20260812_134940_hold_breath_off_hold_breath_off_w00012,session_20260812_134940_hold_breath_off_hold_breath_off,/Users/jandonyggarofalo/Documents/Desa/UNI/Semestre7/embebidos/esp-csi/examples/get-started/csi_send/data/raw/session_20260812_134940_hold_breath_off_hold_breath_off.csv,46.0,58.0,breathing,rejected,time_gap,not_evaluated,,737,4480.031,,,,,,,,,,,,
session_20260812_134940_hold_breath_off_hold_breath_off_w00013,session_20260812_134940_hold_breath_off_hold_breath_off,/Users/jandonyggarofalo/Documents/Desa/UNI/Semestre7/embebidos/esp-csi/examples/get-started/csi_send/data/raw/session_20260812_134940_hold_breath_off_hold_breath_off.csv,49.0,61.0,breathing,rejected,mixed_or_unknown_label,not_evaluated,,955,,,,,,,,,,,,,
session_20260812_134940_hold_breath_off_hold_breath_off_w00014,session_20260812_134940_hold_breath_off_hold_breath_off,/Users/jandonyggarofalo/Documents/Desa/UNI/Semestre7/embebidos/esp-csi/examples/get-started/csi_send/data/raw/session_20260812_134940_hold_breath_off_hold_breath_off.csv,52.0,64.0,breathing,rejected,mixed_or_unknown_label,not_evaluated,,940,,,,,,,,,,,,,
session_20260812_134940_hold_breath_off_hold_breath_off_w00015,session_20260812_134940_hold_breath_off_hold_breath_off,/Users/jandonyggarofalo/Documents/Desa/UNI/Semestre7/embebidos/esp-csi/examples/get-started/csi_send/data/raw/session_20260812_134940_hold_breath_off_hold_breath_off.csv,55.0,67.0,breathing,rejected,mixed_or_unknown_label,not_evaluated,,635,,,,,,,,,,,,,
session_20260812_134940_hold_breath_off_hold_breath_off_w00016,session_20260812_134940_hold_breath_off_hold_breath_off,/Users/jandonyggarofalo/Documents/Desa/UNI/Semestre7/embebidos/esp-csi/examples/get-started/csi_send/data/raw/session_20260812_134940_hold_breath_off_hold_breath_off.csv,58.0,70.0,breathing,rejected,mixed_or_unknown_label,not_evaluated,,373,,,,,,,,,,,,,
session_20260812_134940_hold_breath_off_hold_breath_off_w00017,session_20260812_134940_hold_breath_off_hold_breath_off,/Users/jandonyggarofalo/Documents/Desa/UNI/Semestre7/embebidos/esp-csi/examples/get-started/csi_send/data/raw/session_20260812_134940_hold_breath_off_hold_breath_off.csv,61.0,73.0,hold_breath,rejected,transition_guard,not_evaluated,,158,,,,,,,,,,,,,
session_20260812_134940_hold_breath_off_hold_breath_off_w00018,session_20260812_134940_hold_breath_off_hold_breath_off,/Users/jandonyggarofalo/Documents/Desa/UNI/Semestre7/embebidos/esp-csi/examples/get-started/csi_send/data/raw/session_20260812_134940_hold_breath_off_hold_breath_off.csv,64.0,76.0,hold_breath,rejected,insufficient_samples,not_evaluated,,294,,,,,,,,,,,,,
session_20260812_134940_hold_breath_off_hold_breath_off_w00019,session_20260812_134940_hold_breath_off_hold_breath_off,/Users/jandonyggarofalo/Documents/Desa/UNI/Semestre7/embebidos/esp-csi/examples/get-started/csi_send/data/raw/session_20260812_134940_hold_breath_off_hold_breath_off.csv,67.0,79.0,hold_breath,rejected,insufficient_samples,not_evaluated,,325,,,,,,,,,,,,,
session_20260812_134940_hold_breath_off_hold_breath_off_w00020,session_20260812_134940_hold_breath_off_hold_breath_off,/Users/jandonyggarofalo/Documents/Desa/UNI/Semestre7/embebidos/esp-csi/examples/get-started/csi_send/data/raw/session_20260812_134940_hold_breath_off_hold_breath_off.csv,70.0,82.0,hold_breath,rejected,insufficient_samples,not_evaluated,,290,,,,,,,,,,,,,
session_20260812_134940_hold_breath_off_hold_breath_off_w00021,session_20260812_134940_hold_breath_off_hold_breath_off,/Users/jandonyggarofalo/Documents/Desa/UNI/Semestre7/embebidos/esp-csi/examples/get-started/csi_send/data/raw/session_20260812_134940_hold_breath_off_hold_breath_off.csv,73.0,85.0,hold_breath,rejected,insufficient_samples,not_evaluated,,246,,,,,,,,,,,,,
session_20260812_134940_hold_breath_off_hold_breath_off_w00022,session_20260812_134940_hold_breath_off_hold_breath_off,/Users/jandonyggarofalo/Documents/Desa/UNI/Semestre7/embebidos/esp-csi/examples/get-started/csi_send/data/raw/session_20260812_134940_hold_breath_off_hold_breath_off.csv,76.0,88.0,hold_breath,rejected,insufficient_samples,not_evaluated,,95,,,,,,,,,,,,,
session_20260812_134940_hold_breath_off_hold_breath_off_w00023,session_20260812_134940_hold_breath_off_hold_breath_off,/Users/jandonyggarofalo/Documents/Desa/UNI/Semestre7/embebidos/esp-csi/examples/get-started/csi_send/data/raw/session_20260812_134940_hold_breath_off_hold_breath_off.csv,79.0,91.0,hold_breath,rejected,insufficient_samples,not_evaluated,,64,,,,,,,,,,,,,
session_20260812_134940_hold_breath_off_hold_breath_off_w00024,session_20260812_134940_hold_breath_off_hold_breath_off,/Users/jandonyggarofalo/Documents/Desa/UNI/Semestre7/embebidos/esp-csi/examples/get-started/csi_send/data/raw/session_20260812_134940_hold_breath_off_hold_breath_off.csv,82.0,94.0,hold_breath,rejected,insufficient_samples,not_evaluated,,201,,,,,,,,,,,,,
session_20260812_134940_hold_breath_off_hold_breath_off_w00025,session_20260812_134940_hold_breath_off_hold_breath_off,/Users/jandonyggarofalo/Documents/Desa/UNI/Semestre7/embebidos/esp-csi/examples/get-started/csi_send/data/raw/session_20260812_134940_hold_breath_off_hold_breath_off.csv,85.0,97.0,hold_breath,rejected,insufficient_samples,not_evaluated,,467,,,,,,,,,,,,,
session_20260812_134940_hold_breath_off_hold_breath_off_w00026,session_20260812_134940_hold_breath_off_hold_breath_off,/Users/jandonyggarofalo/Documents/Desa/UNI/Semestre7/embebidos/esp-csi/examples/get-started/csi_send/data/raw/session_20260812_134940_hold_breath_off_hold_breath_off.csv,88.0,100.0,hold_breath,rejected,time_gap,not_evaluated,,728,136.702,,,,,,,,,,,,
session_20260812_134940_hold_breath_off_hold_breath_off_w00027,session_20260812_134940_hold_breath_off_hold_breath_off,/Users/jandonyggarofalo/Documents/Desa/UNI/Semestre7/embebidos/esp-csi/examples/get-started/csi_send/data/raw/session_20260812_134940_hold_breath_off_hold_breath_off.csv,91.0,103.0,hold_breath,rejected,time_gap,not_evaluated,,1045,142.623,,,,,,,,,,,,
session_20260812_134940_hold_breath_off_hold_breath_off_w00028,session_20260812_134940_hold_breath_off_hold_breath_off,/Users/jandonyggarofalo/Documents/Desa/UNI/Semestre7/embebidos/esp-csi/examples/get-started/csi_send/data/raw/session_20260812_134940_hold_breath_off_hold_breath_off.csv,94.0,106.0,hold_breath,rejected,time_gap,not_evaluated,,1204,145.364,,,,,,,,,,,,
session_20260812_134940_hold_breath_off_hold_breath_off_w00029,session_20260812_134940_hold_breath_off_hold_breath_off,/Users/jandonyggarofalo/Documents/Desa/UNI/Semestre7/embebidos/esp-csi/examples/get-started/csi_send/data/raw/session_20260812_134940_hold_breath_off_hold_breath_off.csv,97.0,109.0,hold_breath,rejected,time_gap,not_evaluated,,1213,145.364,,,,,,,,,,,,
session_20260812_134940_hold_breath_off_hold_breath_off_w00030,session_20260812_134940_hold_breath_off_hold_breath_off,/Users/jandonyggarofalo/Documents/Desa/UNI/Semestre7/embebidos/esp-csi/examples/get-started/csi_send/data/raw/session_20260812_134940_hold_breath_off_hold_breath_off.csv,100.0,112.0,hold_breath,rejected,time_gap,not_evaluated,,1217,145.364,,,,,,,,,,,,
session_20260812_134940_hold_breath_off_hold_breath_off_w00031,session_20260812_134940_hold_breath_off_hold_breath_off,/Users/jandonyggarofalo/Documents/Desa/UNI/Semestre7/embebidos/esp-csi/examples/get-started/csi_send/data/raw/session_20260812_134940_hold_breath_off_hold_breath_off.csv,103.0,115.0,hold_breath,rejected,time_gap,not_evaluated,,1207,145.364,,,,,,,,,,,,
session_20260812_134940_hold_breath_off_hold_breath_off_w00032,session_20260812_134940_hold_breath_off_hold_breath_off,/Users/jandonyggarofalo/Documents/Desa/UNI/Semestre7/embebidos/esp-csi/examples/get-started/csi_send/data/raw/session_20260812_134940_hold_breath_off_hold_breath_off.csv,106.0,118.0,hold_breath,rejected,time_gap,not_evaluated,,1216,195.471,,,,,,,,,,,,
session_20260812_134940_hold_breath_off_hold_breath_off_w00033,session_20260812_134940_hold_breath_off_hold_breath_off,/Users/jandonyggarofalo/Documents/Desa/UNI/Semestre7/embebidos/esp-csi/examples/get-started/csi_send/data/raw/session_20260812_134940_hold_breath_off_hold_breath_off.csv,109.0,121.0,hold_breath,rejected,time_gap,not_evaluated,,1213,195.471,,,,,,,,,,,,
session_20260812_134940_hold_breath_off_hold_breath_off_w00034,session_20260812_134940_hold_breath_off_hold_breath_off,/Users/jandonyggarofalo/Documents/Desa/UNI/Semestre7/embebidos/esp-csi/examples/get-started/csi_send/data/raw/session_20260812_134940_hold_breath_off_hold_breath_off.csv,112.0,124.0,hold_breath,rejected,time_gap,not_evaluated,,1218,195.471,,,,,,,,,,,,
session_20260812_134940_hold_breath_off_hold_breath_off_w00035,session_20260812_134940_hold_breath_off_hold_breath_off,/Users/jandonyggarofalo/Documents/Desa/UNI/Semestre7/embebidos/esp-csi/examples/get-started/csi_send/data/raw/session_20260812_134940_hold_breath_off_hold_breath_off.csv,115.0,127.0,hold_breath,rejected,time_gap,not_evaluated,,1208,195.471,,,,,,,,,,,,
session_20260812_134940_hold_breath_off_hold_breath_off_w00036,session_20260812_134940_hold_breath_off_hold_breath_off,/Users/jandonyggarofalo/Documents/Desa/UNI/Semestre7/embebidos/esp-csi/examples/get-started/csi_send/data/raw/session_20260812_134940_hold_breath_off_hold_breath_off.csv,118.0,130.0,hold_breath,rejected,time_gap,not_evaluated,,1206,146.583,,,,,,,,,,,,
session_20260812_134940_hold_breath_off_hold_breath_off_w00037,session_20260812_134940_hold_breath_off_hold_breath_off,/Users/jandonyggarofalo/Documents/Desa/UNI/Semestre7/embebidos/esp-csi/examples/get-started/csi_send/data/raw/session_20260812_134940_hold_breath_off_hold_breath_off.csv,121.0,133.0,hold_breath,rejected,time_gap,not_evaluated,,1203,146.583,,,,,,,,,,,,
session_20260812_134940_hold_breath_off_hold_breath_off_w00038,session_20260812_134940_hold_breath_off_hold_breath_off,/Users/jandonyggarofalo/Documents/Desa/UNI/Semestre7/embebidos/esp-csi/examples/get-started/csi_send/data/raw/session_20260812_134940_hold_breath_off_hold_breath_off.csv,124.0,136.0,hold_breath,rejected,time_gap,not_evaluated,,1197,146.583,,,,,,,,,,,,
session_20260812_134940_hold_breath_off_hold_breath_off_w00039,session_20260812_134940_hold_breath_off_hold_breath_off,/Users/jandonyggarofalo/Documents/Desa/UNI/Semestre7/embebidos/esp-csi/examples/get-started/csi_send/data/raw/session_20260812_134940_hold_breath_off_hold_breath_off.csv,127.0,139.0,hold_breath,rejected,transition_guard,not_evaluated,,1198,,,,,,,,,,,,,
