window_id,session_id,source_file,start_s,end_s,scheduled_label,quality_status,quality_reason,confidence_status,final_label,sample_count,max_gap_ms,clip_fraction,psd_resp_band,psd_total,snr_resp,variance_filtered,zero_crossings,spectral_entropy,peak_freq_hz,peak_power,pc1_var_explained,activity_log,breathing_activity_threshold
session_20260812_131332_hold_breath_off_hold_breath_off_w00000,session_20260812_131332_hold_breath_off_hold_breath_off,/Users/jandonyggarofalo/Documents/Desa/UNI/Semestre7/embebidos/esp-csi/examples/get-started/csi_send/data/raw/session_20260812_131332_hold_breath_off_hold_breath_off.csv,10.0,30.0,breathing,accepted,,trusted_breathing,breathing,2042,86.362,0.00052032,36.038099851590616,0.7840772609054243,45.96243463294567,87.50568545676283,12,2.276243955771596,0.45,70.54321182962431,0.7638763785362244,1.8484552291920917,1.4335601549884112
session_20260812_131332_hold_breath_off_hold_breath_off_w00001,session_20260812_131332_hold_breath_off_hold_breath_off,/Users/jandonyggarofalo/Documents/Desa/UNI/Semestre7/embebidos/esp-csi/examples/get-started/csi_send/data/raw/session_20260812_131332_hold_breath_off_hold_breath_off.csv,15.0,35.0,breathing,accepted,,trusted_breathing,breathing,2029,86.362,0.00078164,19.736120900871374,0.3640422932186482,54.213813253185414,13.995176091753258,15,2.0929130034282517,0.30000000000000004,47.29338948582931,0.6637794971466064,1.2952617969205176,1.4335601549884112
session_20260812_131332_hold_breath_off_hold_breath_off_w00002,session_20260812_131332_hold_breath_off_hold_breath_off,/Users/jandonyggarofalo/Documents/Desa/UNI/Semestre7/embebidos/esp-csi/examples/get-started/csi_send/data/raw/session_20260812_131332_hold_breath_off_hold_breath_off.csv,20.0,40.0,breathing,rejected,time_gap,not_evaluated,,2017,227.485,,,,,,,,,,,,
session_20260812_131332_hold_breath_off_hold_breath_off_w00003,session_20260812_131332_hold_breath_off_hold_breath_off,/Users/jandonyggarofalo/Documents/Desa/UNI/Semestre7/embebidos/esp-csi/examples/get-started/csi_send/data/raw/session_20260812_131332_hold_breath_off_hold_breath_off.csv,25.0,45.0,breathing,rejected,time_gap,not_evaluated,,1870,360.548,,,,,,,,,,,,
session_20260812_131332_hold_breath_off_hold_breath_off_w00004,session_20260812_131332_hold_breath_off_hold_breath_off,/Users/jandonyggarofalo/Documents/Desa/UNI/Semestre7/embebidos/esp-csi/examples/get-started/csi_send/data/raw/session_20260812_131332_hold_breath_off_hold_breath_off.csv,30.0,50.0,breathing,rejected,time_gap,not_evaluated,,1412,633.137,,,,,,,,,,,,
session_20260812_131332_hold_breath_off_hold_breath_off_w00005,session_20260812_131332_hold_breath_off_hold_breath_off,/Users/jandonyggarofalo/Documents/Desa/UNI/Semestre7/embebidos/esp-csi/examples/get-started/csi_send/data/raw/session_20260812_131332_hold_breath_off_hold_breath_off.csv,35.0,55.0,breathing,rejected,time_gap,not_evaluated,,911,633.137,,,,,,,,,,,,
session_20260812_131332_hold_breath_off_hold_breath_off_w00006,session_20260812_131332_hold_breath_off_hold_breath_off,/Users/jandonyggarofalo/Documents/Desa/UNI/Semestre7/embebidos/esp-csi/examples/get-started/csi_send/data/raw/session_20260812_131332_hold_breath_off_hold_breath_off.csv,40.0,60.0,breathing,rejected,transition_guard,not_evaluated,,440,,,,,,,,,,,,,
session_20260812_131332_hold_breath_off_hold_breath_off_w00007,session_20260812_131332_hold_breath_off_hold_breath_off,/Users/jandonyggarofalo/Documents/Desa/UNI/Semestre7/embebidos/esp-csi/examples/get-started/csi_send/data/raw/session_20260812_131332_hold_breath_off_hold_breath_off.csv,45.0,65.0,breathing,rejected,mixed_or_unknown_label,not_evaluated,,111,,,,,,,,,,,,,
session_20260812_131332_hold_breath_off_hold_breath_off_w00008,session_20260812_131332_hold_breath_off_hold_breath_off,/Users/jandonyggarofalo/Documents/Desa/UNI/Semestre7/embebidos/esp-csi/examples/get-started/csi_send/data/raw/session_20260812_131332_hold_breath_off_hold_breath_off.csv,50.0,70.0,hold_breath,rejected,mixed_or_unknown_label,not_evaluated,,545,,,,,,,,,,,,,
session_20260812_131332_hold_breath_off_hold_breath_off_w00009,session_20260812_131332_hold_breath_off_hold_breath_off,/Users/jandonyggarofalo/Documents/Desa/UNI/Semestre7/embebidos/esp-csi/examples/get-started/csi_send/data/raw/session_20260812_131332_hold_breath_off_hold_breath_off.csv,55.0,75.0,hold_breath,rejected,mixed_or_unknown_label,not_evaluated,,1052,,,,,,,,,,,,,
session_20260812_131332_hold_breath_off_hold_breath_off_w00010,session_20260812_131332_hold_breath_off_hold_breath_off,/Users/jandonyggarofalo/Documents/Desa/UNI/Semestre7/embebidos/esp-csi/examples/get-started/csi_send/data/raw/session_20260812_131332_hold_breath_off_hold_breath_off.csv,60.0,80.0,hold_breath,rejected,transition_guard,not_evaluated,,1543,,,,,,,,,,,,,
session_20260812_131332_hold_breath_off_hold_breath_off_w00011,session_20260812_131332_hold_breath_off_hold_breath_off,/Users/jandonyggarofalo/Documents/Desa/UNI/Semestre7/embebidos/esp-csi/examples/get-started/csi_send/data/raw/session_20260812_131332_hold_breath_off_hold_breath_off.csv,65.0,85.0,hold_breath,rejected,time_gap,not_evaluated,,2011,134.974,,,,,,,,,,,,
session_20260812_131332_hold_breath_off_hold_breath_off_w00012,session_20260812_131332_hold_breath_off_hold_breath_off,/Users/jandonyggarofalo/Documents/Desa/UNI/Semestre7/embebidos/esp-csi/examples/get-started/csi_send/data/raw/session_20260812_131332_hold_breath_off_hold_breath_off.csv,70.0,90.0,hold_breath,rejected,time_gap,not_evaluated,,2030,122.258,,,,,,,,,,,,
session_20260812_131332_hold_breath_off_hold_breath_off_w00013,session_20260812_131332_hold_breath_off_hold_breath_off,/Users/jandonyggarofalo/Documents/Desa/UNI/Semestre7/embebidos/esp-csi/examples/get-started/csi_send/data/raw/session_20260812_131332_hold_breath_off_hold_breath_off.csv,75.0,95.0,hold_breath,accepted,,ambiguous_breathing_evidence,,2025,54.622,0.00047068,130.90458629526017,2.38832943504141,54.810104659173895,64.25534548060195,16,1.8201071296312843,0.4,405.50582171665553,0.5786628723144531,2.116954862500581,1.4335601549884112
session_20260812_131332_hold_breath_off_hold_breath_off_w00014,session_20260812_131332_hold_breath_off_hold_breath_off,/Users/jandonyggarofalo/Documents/Desa/UNI/Semestre7/embebidos/esp-csi/examples/get-started/csi_send/data/raw/session_20260812_131332_hold_breath_off_hold_breath_off.csv,80.0,100.0,hold_breath,accepted,,ambiguous_breathing_evidence,,2025,54.622,0.00137731,77.91437211487082,1.4165544569002606,55.002736912289244,25.390985051561902,13,1.976473670747817,0.30000000000000004,187.77259520618665,0.5303224325180054,1.8916175751882351,1.4335601549884112
session_20260812_131332_hold_breath_off_hold_breath_off_w00015,session_20260812_131332_hold_breath_off_hold_breath_off,/Users/jandonyggarofalo/Documents/Desa/UNI/Semestre7/embebidos/esp-csi/examples/get-started/csi_send/data/raw/session_20260812_131332_hold_breath_off_hold_breath_off.csv,85.0,105.0,hold_breath,accepted,,ambiguous_breathing_evidence,,2030,87.145,0.00165871,22.259042971122362,0.4429162659371022,50.25564577985735,58.60374856419036,13,1.9028732943262012,0.30000000000000004,80.3678738092549,0.5279889702796936,1.7679253963709185,1.4335601549884112
session_20260812_131528_hold_breath_off_hold_breath_off_w00000,session_20260812_131528_hold_breath_off_hold_breath_off,/Users/jandonyggarofalo/Documents/Desa/UNI/Semestre7/embebidos/esp-csi/examples/get-started/csi_send/data/raw/session_20260812_131528_hold_breath_off_hold_breath_off.csv,10.0,30.0,breathing,rejected,time_gap,not_evaluated,,2028,102.718,,,,,,,,,,,,
session_20260812_131528_hold_breath_off_hold_breath_off_w00001,session_20260812_131528_hold_breath_off_hold_breath_off,/Users/jandonyggarofalo/Documents/Desa/UNI/Semestre7/embebidos/esp-csi/examples/get-started/csi_send/data/raw/session_20260812_131528_hold_breath_off_hold_breath_off.csv,15.0,35.0,breathing,rejected,time_gap,not_evaluated,,2011,102.718,,,,,,,,,,,,
session_20260812_131528_hold_breath_off_hold_breath_off_w00002,session_20260812_131528_hold_breath_off_hold_breath_off,/Users/jandonyggarofalo/Documents/Desa/UNI/Semestre7/embebidos/esp-csi/examples/get-started/csi_send/data/raw/session_20260812_131528_hold_breath_off_hold_breath_off.csv,20.0,40.0,breathing,accepted,,trusted_breathing,breathing,2004,71.136,0.00070562,1045.9745740952521,19.09225961896594,54.78526874085367,351.99308468481337,12,1.5396954752523133,0.35000000000000003,3733.017690749214,0.43499743938446045,3.0195211276819838,1.9637901060042193
session_20260812_131528_hold_breath_off_hold_breath_off_w00003,session_20260812_131528_hold_breath_off_hold_breath_off,/Users/jandonyggarofalo/Documents/Desa/UNI/Semestre7/embebidos/esp-csi/examples/get-started/csi_send/data/raw/session_20260812_131528_hold_breath_off_hold_breath_off.csv,25.0,45.0,breathing,accepted,,trusted_breathing,breathing,1997,71.136,0.00102106,1310.9203343903853,23.895959704040298,54.859497196452075,385.6235269982699,12,1.7403788914845422,0.35000000000000003,4255.163513384885,0.4305975139141083,3.1175763000913697,1.9637901060042193
session_20260812_131528_hold_breath_off_hold_breath_off_w00004,session_20260812_131528_hold_breath_off_hold_breath_off,/Users/jandonyggarofalo/Documents/Desa/UNI/Semestre7/embebidos/esp-csi/examples/get-started/csi_send/data/raw/session_20260812_131528_hold_breath_off_hold_breath_off.csv,30.0,50.0,breathing,accepted,,trusted_breathing,breathing,1983,71.136,0.00082341,66.37941275833444,1.2319344201616147,53.882261646340226,69.12544506533992,13,1.9838923280641518,0.35000000000000003,188.73479852953827,0.4421805441379547,1.8396379405340841,1.9637901060042193
session_20260812_131528_hold_breath_off_hold_breath_off_w00005,session_20260812_131528_hold_breath_off_hold_breath_off,/Users/jandonyggarofalo/Documents/Desa/UNI/Semestre7/embebidos/esp-csi/examples/get-started/csi_send/data/raw/session_20260812_131528_hold_breath_off_hold_breath_off.csv,35.0,55.0,breathing,accepted,,trusted_breathing,breathing,1986,73.903,0.00068055,101.19852001067576,1.8722281834446226,54.052449859200074,80.5078164789603,13,2.0471585766722824,0.30000000000000004,271.69316168850304,0.5595844388008118,2.005174161160931,1.9637901060042193
session_20260812_131528_hold_breath_off_hold_breath_off_w00006,session_20260812_131528_hold_breath_off_hold_breath_off,/Users/jandonyggarofalo/Documents/Desa/UNI/Semestre7/embebidos/esp-csi/examples/get-started/csi_send/data/raw/session_20260812_131528_hold_breath_off_hold_breath_off.csv,40.0,60.0,breathing,rejected,transition_guard,not_evaluated,,1992,,,,,,,,,,,,,
session_20260812_131528_hold_breath_off_hold_breath_off_w00007,session_20260812_131528_hold_breath_off_hold_breath_off,/Users/jandonyggarofalo/Documents/Desa/UNI/Semestre7/embebidos/esp-csi/examples/get-started/csi_send/data/raw/session_20260812_131528_hold_breath_off_hold_breath_off.csv,45.0,65.0,breathing,rejected,mixed_or_unknown_label,not_evaluated,,2002,,,,,,,,,,,,,
session_20260812_131528_hold_breath_off_hold_breath_off_w00008,session_20260812_131528_hold_breath_off_hold_breath_off,/Users/jandonyggarofalo/Documents/Desa/UNI/Semestre7/embebidos/esp-csi/examples/get-started/csi_send/data/raw/session_20260812_131528_hold_breath_off_hold_breath_off.csv,50.0,70.0,hold_breath,rejected,mixed_or_unknown_label,not_evaluated,,2013,,,,,,,,,,,,,
session_20260812_131528_hold_breath_off_hold_breath_off_w00009,session_20260812_131528_hold_breath_off_hold_breath_off,/Users/jandonyggarofalo/Documents/Desa/UNI/Semestre7/embebidos/esp-csi/examples/get-started/csi_send/data/raw/session_20260812_131528_hold_breath_off_hold_breath_off.csv,55.0,75.0,hold_breath,rejected,mixed_or_unknown_label,not_evaluated,,2003,,,,,,,,,,,,,
session_20260812_131528_hold_breath_off_hold_breath_off_w00010,session_20260812_131528_hold_breath_off_hold_breath_off,/Users/jandonyggarofalo/Documents/Desa/UNI/Semestre7/embebidos/esp-csi/examples/get-started/csi_send/data/raw/session_20260812_131528_hold_breath_off_hold_breath_off.csv,60.0,80.0,hold_breath,rejected,transition_guard,not_evaluated,,2005,,,,,,,,,,,,,
session_20260812_131528_hold_breath_off_hold_breath_off_w00011,session_20260812_131528_hold_breath_off_hold_breath_off,/Users/jandonyggarofalo/Documents/Desa/UNI/Semestre7/embebidos/esp-csi/examples/get-started/csi_send/data/raw/session_20260812_131528_hold_breath_off_hold_breath_off.csv,65.0,85.0,hold_breath,accepted,,ambiguous_breathing_evidence,,2008,83.858,0.00088708,1535.709725866627,27.824749064235636,55.19222194317959,801.7398853671915,13,1.5727995533509063,0.30000000000000004,6296.5441677691615,0.513496458530426,3.1863091347269195,1.9637901060042193
session_20260812_131528_hold_breath_off_hold_breath_off_w00012,session_20260812_131528_hold_breath_off_hold_breath_off,/Users/jandonyggarofalo/Documents/Desa/UNI/Semestre7/embebidos/esp-csi/examples/get-started/csi_send/data/raw/session_20260812_131528_hold_breath_off_hold_breath_off.csv,70.0,90.0,hold_breath,rejected,time_gap,not_evaluated,,1990,107.36,,,,,,,,,,,,
session_20260812_131528_hold_breath_off_hold_breath_off_w00013,session_20260812_131528_hold_breath_off_hold_breath_off,/Users/jandonyggarofalo/Documents/Desa/UNI/Semestre7/embebidos/esp-csi/examples/get-started/csi_send/data/raw/session_20260812_131528_hold_breath_off_hold_breath_off.csv,75.0,95.0,hold_breath,rejected,time_gap,not_evaluated,,2001,107.36,,,,,,,,,,,,
session_20260812_131528_hold_breath_off_hold_breath_off_w00014,session_20260812_131528_hold_breath_off_hold_breath_off,/Users/jandonyggarofalo/Documents/Desa/UNI/Semestre7/embebidos/esp-csi/examples/get-started/csi_send/data/raw/session_20260812_131528_hold_breath_off_hold_breath_off.csv,80.0,100.0,hold_breath,rejected,transition_guard,not_evaluated,,1981,,,,,,,,,,,,,
session_20260812_131729_hold_breath_off_hold_breath_off_w00000,session_20260812_131729_hold_breath_off_hold_breath_off,/Users/jandonyggarofalo/Documents/Desa/UNI/Semestre7/embebidos/esp-csi/examples/get-started/csi_send/data/raw/session_20260812_131729_hold_breath_off_hold_breath_off.csv,10.0,30.0,breathing,accepted,,trusted_breathing,breathing,2036,45.979,0.00019953,27.568252821546093,0.5024007526760593,54.87303248382438,11.671499862259651,13,1.865979027913992,0.4,79.5601688809785,0.6434075236320496,1.4404092429282183,1.2005716890946223
session_20260812_131729_hold_breath_off_hold_breath_off_w00001,session_20260812_131729_hold_breath_off_hold_breath_off,/Users/jandonyggarofalo/Documents/Desa/UNI/Semestre7/embebidos/esp-csi/examples/get-started/csi_send/data/raw/session_20260812_131729_hold_breath_off_hold_breath_off.csv,15.0,35.0,breathing,accepted,,trusted_breathing,breathing,2026,45.979,0.00057456,16.946676866364086,0.3780485957574486,44.826715550590336,41.70733432612012,10,2.1306100353099753,0.15000000000000002,41.227356469368594,0.743433952331543,1.6151854883892232,1.2005716890946223
session_20260812_131729_hold_breath_off_hold_breath_off_w00002,session_20260812_131729_hold_breath_off_hold_breath_off,/Users/jandonyggarofalo/Documents/Desa/UNI/Semestre7/embebidos/esp-csi/examples/get-started/csi_send/data/raw/session_20260812_131729_hold_breath_off_hold_breath_off.csv,20.0,40.0,breathing,accepted,,trusted_breathing,breathing,2009,92.316,0.00081275,48.87296257735558,1.4034906919470023,34.82243441851502,288.4893533257446,11,1.6786359301970735,0.1,238.28392263761558,0.7807918190956116,2.3770947408554166,1.2005716890946223
session_20260812_131729_hold_breath_off_hold_breath_off_w00003,session_20260812_131729_hold_breath_off_hold_breath_off,/Users/jandonyggarofalo/Documents/Desa/UNI/Semestre7/embebidos/esp-csi/examples/get-started/csi_send/data/raw/session_20260812_131729_hold_breath_off_hold_breath_off.csv,25.0,45.0,breathing,accepted,,trusted_breathing,breathing,2012,92.316,0.00100957,10.54887667859985,0.20588517574427395,51.23669851612421,5.698321465147827,12,2.0821475824888545,0.2,28.360537712989892,0.7853639125823975,1.023206215248956,1.2005716890946223
session_20260812_131729_hold_breath_off_hold_breath_off_w00004,session_20260812_131729_hold_breath_off_hold_breath_off,/Users/jandonyggarofalo/Documents/Desa/UNI/Semestre7/embebidos/esp-csi/examples/get-started/csi_send/data/raw/session_20260812_131729_hold_breath_off_hold_breath_off.csv,30.0,50.0,breathing,accepted,,trusted_breathing,breathing,2020,92.316,0.00133431,15.869808606439973,0.3124557669610547,50.79057672943267,11.038892614343034,11,2.0930043677480286,0.35000000000000003,42.764435087380626,0.777729332447052,1.2005716890946223,1.2005716890946223
session_20260812_131729_hold_breath_off_hold_breath_off_w00005,session_20260812_131729_hold_breath_off_hold_breath_off,/Users/jandonyggarofalo/Documents/Desa/UNI/Semestre7/embebidos/esp-csi/examples/get-started/csi_send/data/raw/session_20260812_131729_hold_breath_off_hold_breath_off.csv,35.0,55.0,breathing,rejected,time_gap,not_evaluated,,1975,237.717,,,,,,,,,,,,
session_20260812_131729_hold_breath_off_hold_breath_off_w00006,session_20260812_131729_hold_breath_off_hold_breath_off,/Users/jandonyggarofalo/Documents/Desa/UNI/Semestre7/embebidos/esp-csi/examples/get-started/csi_send/data/raw/session_20260812_131729_hold_breath_off_hold_breath_off.csv,40.0,60.0,breathing,rejected,transition_guard,not_evaluated,,1835,,,,,,,,,,,,,
session_20260812_131729_hold_breath_off_hold_breath_off_w00007,session_20260812_131729_hold_breath_off_hold_breath_off,/Users/jandonyggarofalo/Documents/Desa/UNI/Semestre7/embebidos/esp-csi/examples/get-started/csi_send/data/raw/session_20260812_131729_hold_breath_off_hold_breath_off.csv,45.0,65.0,breathing,rejected,mixed_or_unknown_label,not_evaluated,,1559,,,,,,,,,,,,,
session_20260812_131729_hold_breath_off_hold_breath_off_w00008,session_20260812_131729_hold_breath_off_hold_breath_off,/Users/jandonyggarofalo/Documents/Desa/UNI/Semestre7/embebidos/esp-csi/examples/get-started/csi_send/data/raw/session_20260812_131729_hold_breath_off_hold_breath_off.csv,50.0,70.0,breathing,rejected,mixed_or_unknown_label,not_evaluated,,1550,,,,,,,,,,,,,
session_20260812_131729_hold_breath_off_hold_breath_off_w00009,session_20260812_131729_hold_breath_off_hold_breath_off,/Users/jandonyggarofalo/Documents/Desa/UNI/Semestre7/embebidos/esp-csi/examples/get-started/csi_send/data/raw/session_20260812_131729_hold_breath_off_hold_breath_off.csv,55.0,75.0,hold_breath,rejected,mixed_or_unknown_label,not_evaluated,,1590,,,,,,,,,,,,,
session_20260812_131729_hold_breath_off_hold_breath_off_w00010,session_20260812_131729_hold_breath_off_hold_breath_off,/Users/jandonyggarofalo/Documents/Desa/UNI/Semestre7/embebidos/esp-csi/examples/get-started/csi_send/data/raw/session_20260812_131729_hold_breath_off_hold_breath_off.csv,60.0,80.0,hold_breath,rejected,transition_guard,not_evaluated,,1748,,,,,,,,,,,,,
session_20260812_131729_hold_breath_off_hold_breath_off_w00011,session_20260812_131729_hold_breath_off_hold_breath_off,/Users/jandonyggarofalo/Documents/Desa/UNI/Semestre7/embebidos/esp-csi/examples/get-started/csi_send/data/raw/session_20260812_131729_hold_breath_off_hold_breath_off.csv,65.0,85.0,hold_breath,accepted,,high_confidence_hold,hold_breath,2024,54.06,0.00075655,15.812629514040102,0.29562237178684325,53.48928573439704,10.799611842424016,14,1.9026906843072011,0.4,47.63546858485977,0.8803110122680664,1.1990040956426145,1.2005716890946223
session_20260812_131729_hold_breath_off_hold_breath_off_w00012,session_20260812_131729_hold_breath_off_hold_breath_off,/Users/jandonyggarofalo/Documents/Desa/UNI/Semestre7/embebidos/esp-csi/examples/get-started/csi_send/data/raw/session_20260812_131729_hold_breath_off_hold_breath_off.csv,70.0,90.0,hold_breath,accepted,,ambiguous_breathing_evidence,,2031,62.018,0.00057315,30.598092657716766,0.5890156786348818,51.947840724002056,29.619150322202415,14,2.28607602645336,0.45,46.31609228014107,0.8731076121330261,1.485694355434344,1.2005716890946223
session_20260812_131729_hold_breath_off_hold_breath_off_w00013,session_20260812_131729_hold_breath_off_hold_breath_off,/Users/jandonyggarofalo/Documents/Desa/UNI/Semestre7/embebidos/esp-csi/examples/get-started/csi_send/data/raw/session_20260812_131729_hold_breath_off_hold_breath_off.csv,75.0,95.0,hold_breath,rejected,time_gap,not_evaluated,,2034,164.837,,,,,,,,,,,,
session_20260812_131923_hold_breath_off_hold_breath_off_w00000,session_20260812_131923_hold_breath_off_hold_breath_off,/Users/jandonyggarofalo/Documents/Desa/UNI/Semestre7/embebidos/esp-csi/examples/get-started/csi_send/data/raw/session_20260812_131923_hold_breath_off_hold_breath_off.csv,11.406646,31.406646,breathing,rejected,time_gap,not_evaluated,,957,4956.634,,,,,,,,,,,,
session_20260812_131923_hold_breath_off_hold_breath_off_w00001,session_20260812_131923_hold_breath_off_hold_breath_off,/Users/jandonyggarofalo/Documents/Desa/UNI/Semestre7/embebidos/esp-csi/examples/get-started/csi_send/data/raw/session_20260812_131923_hold_breath_off_hold_breath_off.csv,16.406646,36.406646,breathing,rejected,time_gap,not_evaluated,,918,4663.091,,,,,,,,,,,,
session_20260812_131923_hold_breath_off_hold_breath_off_w00002,session_20260812_131923_hold_breath_off_hold_breath_off,/Users/jandonyggarofalo/Documents/Desa/UNI/Semestre7/embebidos/esp-csi/examples/get-started/csi_send/data/raw/session_20260812_131923_hold_breath_off_hold_breath_off.csv,21.406646,41.406646,breathing,rejected,insufficient_samples,not_evaluated,,507,,,,,,,,,,,,,
session_20260812_131923_hold_breath_off_hold_breath_off_w00003,session_20260812_131923_hold_breath_off_hold_breath_off,/Users/jandonyggarofalo/Documents/Desa/UNI/Semestre7/embebidos/esp-csi/examples/get-started/csi_send/data/raw/session_20260812_131923_hold_breath_off_hold_breath_off.csv,26.406646,46.406646,breathing,rejected,insufficient_samples,not_evaluated,,113,,,,,,,,,,,,,
session_20260812_131923_hold_breath_off_hold_breath_off_w00004,session_20260812_131923_hold_breath_off_hold_breath_off,/Users/jandonyggarofalo/Documents/Desa/UNI/Semestre7/embebidos/esp-csi/examples/get-started/csi_send/data/raw/session_20260812_131923_hold_breath_off_hold_breath_off.csv,31.406646,51.406646,breathing,rejected,insufficient_samples,not_evaluated,,585,,,,,,,,,,,,,
session_20260812_131923_hold_breath_off_hold_breath_off_w00005,session_20260812_131923_hold_breath_off_hold_breath_off,/Users/jandonyggarofalo/Documents/Desa/UNI/Semestre7/embebidos/esp-csi/examples/get-started/csi_send/data/raw/session_20260812_131923_hold_breath_off_hold_breath_off.csv,36.406646,56.406646,breathing,rejected,time_gap,not_evaluated,,1052,9648.272,,,,,,,,,,,,
session_20260812_131923_hold_breath_off_hold_breath_off_w00006,session_20260812_131923_hold_breath_off_hold_breath_off,/Users/jandonyggarofalo/Documents/Desa/UNI/Semestre7/embebidos/esp-csi/examples/get-started/csi_send/data/raw/session_20260812_131923_hold_breath_off_hold_breath_off.csv,41.406646,61.406646,breathing,rejected,mixed_or_unknown_label,not_evaluated,,1500,,,,,,,,,,,,,
session_20260812_131923_hold_breath_off_hold_breath_off_w00007,session_20260812_131923_hold_breath_off_hold_breath_off,/Users/jandonyggarofalo/Documents/Desa/UNI/Semestre7/embebidos/esp-csi/examples/get-started/csi_send/data/raw/session_20260812_131923_hold_breath_off_hold_breath_off.csv,46.406646,66.406646,breathing,rejected,mixed_or_unknown_label,not_evaluated,,1697,,,,,,,,,,,,,
session_20260812_131923_hold_breath_off_hold_breath_off_w00008,session_20260812_131923_hold_breath_off_hold_breath_off,/Users/jandonyggarofalo/Documents/Desa/UNI/Semestre7/embebidos/esp-csi/examples/get-started/csi_send/data/raw/session_20260812_131923_hold_breath_off_hold_breath_off.csv,51.406646,71.406646,breathing,rejected,mixed_or_unknown_label,not_evaluated,,1224,,,,,,,,,,,,,
session_20260812_131923_hold_breath_off_hold_breath_off_w00009,session_20260812_131923_hold_breath_off_hold_breath_off,/Users/jandonyggarofalo/Documents/Desa/UNI/Semestre7/embebidos/esp-csi/examples/get-started/csi_send/data/raw/session_20260812_131923_hold_breath_off_hold_breath_off.csv,56.406646,76.406646,hold_breath,rejected,mixed_or_unknown_label,not_evaluated,,759,,,,,,,,,,,,,
session_20260812_131923_hold_breath_off_hold_breath_off_w00010,session_20260812_131923_hold_breath_off_hold_breath_off,/Users/jandonyggarofalo/Documents/Desa/UNI/Semestre7/embebidos/esp-csi/examples/get-started/csi_send/data/raw/session_20260812_131923_hold_breath_off_hold_breath_off.csv,61.406646,81.406646,hold_breath,rejected,transition_guard,not_evaluated,,297,,,,,,,,,,,,,
session_20260812_131923_hold_breath_off_hold_breath_off_w00011,session_20260812_131923_hold_breath_off_hold_breath_off,/Users/jandonyggarofalo/Documents/Desa/UNI/Semestre7/embebidos/esp-csi/examples/get-started/csi_send/data/raw/session_20260812_131923_hold_breath_off_hold_breath_off.csv,66.406646,86.406646,hold_breath,rejected,insufficient_samples,not_evaluated,,131,,,,,,,,,,,,,
session_20260812_131923_hold_breath_off_hold_breath_off_w00012,session_20260812_131923_hold_breath_off_hold_breath_off,/Users/jandonyggarofalo/Documents/Desa/UNI/Semestre7/embebidos/esp-csi/examples/get-started/csi_send/data/raw/session_20260812_131923_hold_breath_off_hold_breath_off.csv,71.406646,91.406646,hold_breath,rejected,insufficient_samples,not_evaluated,,130,,,,,,,,,,,,,
session_20260812_131923_hold_breath_off_hold_breath_off_w00013,session_20260812_131923_hold_breath_off_hold_breath_off,/Users/jandonyggarofalo/Documents/Desa/UNI/Semestre7/embebidos/esp-csi/examples/get-started/csi_send/data/raw/session_20260812_131923_hold_breath_off_hold_breath_off.csv,76.406646,96.406646,hold_breath,rejected,insufficient_samples,not_evaluated,,498,,,,,,,,,,,,,
session_20260812_131923_hold_breath_off_hold_breath_off_w00014,session_20260812_131923_hold_breath_off_hold_breath_off,/Users/jandonyggarofalo/Documents/Desa/UNI/Semestre7/embebidos/esp-csi/examples/get-started/csi_send/data/raw/session_20260812_131923_hold_breath_off_hold_breath_off.csv,81.406646,101.406646,hold_breath,rejected,time_gap,not_evaluated,,969,4899.312,,,,,,,,,,,,
session_20260812_131923_hold_breath_off_hold_breath_off_w00015,session_20260812_131923_hold_breath_off_hold_breath_off,/Users/jandonyggarofalo/Documents/Desa/UNI/Semestre7/embebidos/esp-csi/examples/get-started/csi_send/data/raw/session_20260812_131923_hold_breath_off_hold_breath_off.csv,86.406646,106.406646,hold_breath,rejected,transition_guard,not_evaluated,,1446,,,,,,,,,,,,,
session_20260812_132120_hold_breath_off_hold_breath_off_w00000,session_20260812_132120_hold_breath_off_hold_breath_off,/Users/jandonyggarofalo/Documents/Desa/UNI/Semestre7/embebidos/esp-csi/examples/get-started/csi_send/data/raw/session_20260812_132120_hold_breath_off_hold_breath_off.csv,10.0,30.0,breathing,accepted,,trusted_breathing,breathing,2048,49.001,0.00031662,14.850718549418865,0.3009461450706115,49.34676450460952,13.903949989862289,12,1.9210279188069503,0.4,43.20967512038959,0.5858262777328491,1.171747467424165,1.1804304376047332
session_20260812_132120_hold_breath_off_hold_breath_off_w00001,session_20260812_132120_hold_breath_off_hold_breath_off,/Users/jandonyggarofalo/Documents/Desa/UNI/Semestre7/embebidos/esp-csi/examples/get-started/csi_send/data/raw/session_20260812_132120_hold_breath_off_hold_breath_off.csv,15.0,35.0,breathing,accepted,,trusted_breathing,breathing,2039,63.037,0.00060155,13.838903004774727,0.2767923915943052,49.99741114635991,16.08715877366495,14,2.1287229921127686,0.45,28.80407462306812,0.5317937135696411,1.2064793481464375,1.1804304376047332
session_20260812_132120_hold_breath_off_hold_breath_off_w00002,session_20260812_132120_hold_breath_off_hold_breath_off,/Users/jandonyggarofalo/Documents/Desa/UNI/Semestre7/embebidos/esp-csi/examples/get-started/csi_send/data/raw/session_20260812_132120_hold_breath_off_hold_breath_off.csv,20.0,40.0,breathing,accepted,,trusted_breathing,breathing,2033,87.674,0.00070324,13.229814111084703,0.2644275856711488,50.03189844000513,12.925498767916046,15,2.1598920489781843,0.1,36.853143252271764,0.4979657828807831,1.1215537420637756,1.1804304376047332
session_20260812_132120_hold_breath_off_hold_breath_off_w00003,session_20260812_132120_hold_breath_off_hold_breath_off,/Users/jandonyggarofalo/Documents/Desa/UNI/Semestre7/embebidos/esp-csi/examples/get-started/csi_send/data/raw/session_20260812_132120_hold_breath_off_hold_breath_off.csv,25.0,45.0,breathing,accepted,,trusted_breathing,breathing,2018,87.674,0.00077815,31.795892015742044,0.6847129590765803,46.436819391553925,56.25478143773277,10,2.2132496296695012,0.4,82.24706484611089,0.5119274258613586,1.750159441694892,1.1804304376047332
session_20260812_132120_hold_breath_off_hold_breath_off_w00004,session_20260812_132120_hold_breath_off_hold_breath_off,/Users/jandonyggarofalo/Documents/Desa/UNI/Semestre7/embebidos/esp-csi/examples/get-started/csi_send/data/raw/session_20260812_132120_hold_breath_off_hold_breath_off.csv,30.0,50.0,breathing,accepted,,trusted_breathing,breathing,2016,87.674,0.0016121,32.84777476845622,0.6558498183332339,50.08429346200772,32.52401872326135,12,2.280425910529154,0.35000000000000003,71.67849443300126,0.5739296674728394,1.516505954154149,1.1804304376047332
session_20260812_132120_hold_breath_off_hold_breath_off_w00005,session_20260812_132120_hold_breath_off_hold_breath_off,/Users/jandonyggarofalo/Documents/Desa/UNI/Semestre7/embebidos/esp-csi/examples/get-started/csi_send/data/raw/session_20260812_132120_hold_breath_off_hold_breath_off.csv,35.0,55.0,breathing,accepted,,trusted_breathing,breathing,2025,87.674,0.00186728,10.017137844706761,0.21310174781519636,47.00636173733639,20.85051182349229,13,2.1313124498991822,0.2,26.48546012596309,0.6601109504699707,1.31911672019182,1.1804304376047332
session_20260812_132120_hold_breath_off_hold_breath_off_w00006,session_20260812_132120_hold_breath_off_hold_breath_off,/Users/jandonyggarofalo/Documents/Desa/UNI/Semestre7/embebidos/esp-csi/examples/get-started/csi_send/data/raw/session_20260812_132120_hold_breath_off_hold_breath_off.csv,40.0,60.0,breathing,rejected,transition_guard,not_evaluated,,2027,,,,,,,,,,,,,
session_20260812_132120_hold_breath_off_hold_breath_off_w00007,session_20260812_132120_hold_breath_off_hold_breath_off,/Users/jandonyggarofalo/Documents/Desa/UNI/Semestre7/embebidos/esp-csi/examples/get-started/csi_send/data/raw/session_20260812_132120_hold_breath_off_hold_breath_off.csv,45.0,65.0,breathing,rejected,mixed_or_unknown_label,not_evaluated,,2037,,,,,,,,,,,,,
session_20260812_132120_hold_breath_off_hold_breath_off_w00008,session_20260812_132120_hold_breath_off_hold_breath_off,/Users/jandonyggarofalo/Documents/Desa/UNI/Semestre7/embebidos/esp-csi/examples/get-started/csi_send/data/raw/session_20260812_132120_hold_breath_off_hold_breath_off.csv,50.0,70.0,breathing,rejected,mixed_or_unknown_label,not_evaluated,,2035,,,,,,,,,,,,,
session_20260812_132120_hold_breath_off_hold_breath_off_w00009,session_20260812_132120_hold_breath_off_hold_breath_off,/Users/jandonyggarofalo/Documents/Desa/UNI/Semestre7/embebidos/esp-csi/examples/get-started/csi_send/data/raw/session_20260812_132120_hold_breath_off_hold_breath_off.csv,55.0,75.0,hold_breath,rejected,mixed_or_unknown_label,not_evaluated,,2038,,,,,,,,,,,,,
session_20260812_132120_hold_breath_off_hold_breath_off_w00010,session_20260812_132120_hold_breath_off_hold_breath_off,/Users/jandonyggarofalo/Documents/Desa/UNI/Semestre7/embebidos/esp-csi/examples/get-started/csi_send/data/raw/session_20260812_132120_hold_breath_off_hold_breath_off.csv,60.0,80.0,hold_breath,rejected,transition_guard,not_evaluated,,2037,,,,,,,,,,,,,
session_20260812_132120_hold_breath_off_hold_breath_off_w00011,session_20260812_132120_hold_breath_off_hold_breath_off,/Users/jandonyggarofalo/Documents/Desa/UNI/Semestre7/embebidos/esp-csi/examples/get-started/csi_send/data/raw/session_20260812_132120_hold_breath_off_hold_breath_off.csv,65.0,85.0,hold_breath,accepted,,ambiguous_breathing_evidence,,2030,85.89,0.00037331,29.23769747125485,0.5480101194690915,53.35247732200052,24.101964090847773,12,1.9628387844348223,0.25,78.1998068862498,0.7413551211357117,1.465943168049775,1.1804304376047332
session_20260812_132120_hold_breath_off_hold_breath_off_w00012,session_20260812_132120_hold_breath_off_hold_breath_off,/Users/jandonyggarofalo/Documents/Desa/UNI/Semestre7/embebidos/esp-csi/examples/get-started/csi_send/data/raw/session_20260812_132120_hold_breath_off_hold_breath_off.csv,70.0,90.0,hold_breath,accepted,,ambiguous_breathing_evidence,,2017,85.89,0.00062361,17.000934475039053,0.33997198125729,50.0068694252859,14.972324530085434,15,1.9626713130810196,0.45,66.99743288752653,0.6755695343017578,1.2304727935076574,1.1804304376047332
session_20260812_132120_hold_breath_off_hold_breath_off_w00013,session_20260812_132120_hold_breath_off_hold_breath_off,/Users/jandonyggarofalo/Documents/Desa/UNI/Semestre7/embebidos/esp-csi/examples/get-started/csi_send/data/raw/session_20260812_132120_hold_breath_off_hold_breath_off.csv,75.0,95.0,hold_breath,accepted,,ambiguous_breathing_evidence,,2017,85.89,0.00025951,37.4103709810135,0.7234371594281335,51.71198423168384,13.663403599923074,17,1.722652222399229,0.45,147.9281677146295,0.657297670841217,1.572992014913218,1.1804304376047332
session_20260812_132120_hold_breath_off_hold_breath_off_w00014,session_20260812_132120_hold_breath_off_hold_breath_off,/Users/jandonyggarofalo/Documents/Desa/UNI/Semestre7/embebidos/esp-csi/examples/get-started/csi_send/data/raw/session_20260812_132120_hold_breath_off_hold_breath_off.csv,80.0,100.0,hold_breath,accepted,,ambiguous_breathing_evidence,,2007,85.89,7.785e-05,36.831155275188266,0.7200077076740581,51.15383471951705,28.77181454703719,14,2.129874079476097,0.45,88.1439462724069,0.6710494756698608,1.566215341493275,1.1804304376047332
session_20260812_132120_hold_breath_off_hold_breath_off_w00015,session_20260812_132120_hold_breath_off_hold_breath_off,/Users/jandonyggarofalo/Documents/Desa/UNI/Semestre7/embebidos/esp-csi/examples/get-started/csi_send/data/raw/session_20260812_132120_hold_breath_off_hold_breath_off.csv,85.0,105.0,hold_breath,accepted,,ambiguous_breathing_evidence,,2019,79.732,0.00031343,24.683413572730483,0.4745522484942139,52.014111514592116,24.744624097067383,10,2.1417002153859515,0.4,58.59659050055038,0.6866660118103027,1.3934808607008653,1.1804304376047332
session_20260812_132120_hold_breath_off_hold_breath_off_w00016,session_20260812_132120_hold_breath_off_hold_breath_off,/Users/jandonyggarofalo/Documents/Desa/UNI/Semestre7/embebidos/esp-csi/examples/get-started/csi_send/data/raw/session_20260812_132120_hold_breath_off_hold_breath_off.csv,90.0,110.0,hold_breath,accepted,,ambiguous_breathing_evidence,,2038,79.732,0.00045618,15.053385615646821,0.2946370651615272,51.09128278664838,16.68662470279072,14,2.1406202571902644,0.45,29.96912114000296,0.6905831694602966,1.222368498381013,1.1804304376047332
session_20260812_132120_hold_breath_off_hold_breath_off_w00017,session_20260812_132120_hold_breath_off_hold_breath_off,/Users/jandonyggarofalo/Documents/Desa/UNI/Semestre7/embebidos/esp-csi/examples/get-started/csi_send/data/raw/session_20260812_132120_hold_breath_off_hold_breath_off.csv,95.0,115.0,hold_breath,accepted,,ambiguous_breathing_evidence,,2029,63.023,0.00104731,20.059905469761045,0.3723551429251832,53.87304526565323,9.312147144766797,14,2.0284118059750966,0.30000000000000004,47.244006047101806,0.6973463296890259,1.3023288821212164,1.1804304376047332
session_20260812_132357_hold_breath_off_hold_breath_off_w00000,session_20260812_132357_hold_breath_off_hold_breath_off,/Users/jandonyggarofalo/Documents/Desa/UNI/Semestre7/embebidos/esp-csi/examples/get-started/csi_send/data/raw/session_20260812_132357_hold_breath_off_hold_breath_off.csv,10.0,30.0,breathing,accepted,,trusted_breathing,breathing,2034,60.49,0.00470133,24.71238523942814,0.5188520858311859,47.62895999500897,37.11516273583283,13,2.183045654081114,0.45,56.355650690994864,0.8775328397750854,1.5695513691085528,1.536709955110513
session_20260812_132357_hold_breath_off_hold_breath_off_w00001,session_20260812_132357_hold_breath_off_hold_breath_off,/Users/jandonyggarofalo/Documents/Desa/UNI/Semestre7/embebidos/esp-csi/examples/get-started/csi_send/data/raw/session_20260812_132357_hold_breath_off_hold_breath_off.csv,15.0,35.0,breathing,accepted,,trusted_breathing,breathing,2030,46.596,0.00597675,34.96336286636316,0.6579161435519586,53.14258239287118,22.976412465606685,13,2.1338530707027314,0.25,74.96052550944799,0.8700249195098877,1.5436131975340757,1.536709955110513
session_20260812_132357_hold_breath_off_hold_breath_off_w00002,session_20260812_132357_hold_breath_off_hold_breath_off,/Users/jandonyggarofalo/Documents/Desa/UNI/Semestre7/embebidos/esp-csi/examples/get-started/csi_send/data/raw/session_20260812_132357_hold_breath_off_hold_breath_off.csv,20.0,40.0,breathing,accepted,,trusted_breathing,breathing,2031,46.596,0.00692778,61.475797310958605,1.1424803833028838,53.809061590344086,34.743883426060506,9,2.160460408885083,0.25,122.86684597521084,0.8618618249893188,1.7887041700338477,1.536709955110513
session_20260812_132357_hold_breath_off_hold_breath_off_w00003,session_20260812_132357_hold_breath_off_hold_breath_off,/Users/jandonyggarofalo/Documents/Desa/UNI/Semestre7/embebidos/esp-csi/examples/get-started/csi_send/data/raw/session_20260812_132357_hold_breath_off_hold_breath_off.csv,25.0,45.0,breathing,accepted,,trusted_breathing,breathing,2026,88.096,0.00761198,34.23015567787897,0.6620802158154463,51.70091910338681,30.047094184676055,11,2.273860641074884,0.4,79.35321046480016,0.8509566783905029,1.534408874302659,1.536709955110513
session_20260812_132357_hold_breath_off_hold_breath_off_w00004,session_20260812_132357_hold_breath_off_hold_breath_off,/Users/jandonyggarofalo/Documents/Desa/UNI/Semestre7/embebidos/esp-csi/examples/get-started/csi_send/data/raw/session_20260812_132357_hold_breath_off_hold_breath_off.csv,30.0,50.0,breathing,accepted,,trusted_breathing,breathing,2034,88.096,0.00609559,12.008001906609415,0.2530326497021308,47.456333879037906,17.808261142194304,11,2.094888383586116,0.35000000000000003,36.315158414907835,0.8408880233764648,1.2506215155768226,1.536709955110513
session_20260812_132357_hold_breath_off_hold_breath_off_w00005,session_20260812_132357_hold_breath_off_hold_breath_off,/Users/jandonyggarofalo/Documents/Desa/UNI/Semestre7/embebidos/esp-csi/examples/get-started/csi_send/data/raw/session_20260812_132357_hold_breath_off_hold_breath_off.csv,35.0,55.0,breathing,accepted,,trusted_breathing,breathing,2034,88.096,0.0045016,20.621816891800954,0.44362879128289784,46.484397083696344,42.450239830468185,10,2.092882973957872,0.15000000000000002,53.527875312650224,0.826117753982544,1.627880148213779,1.536709955110513
session_20260812_132357_hold_breath_off_hold_breath_off_w00006,session_20260812_132357_hold_breath_off_hold_breath_off,/Users/jandonyggarofalo/Documents/Desa/UNI/Semestre7/embebidos/esp-csi/examples/get-started/csi_send/data/raw/session_20260812_132357_hold_breath_off_hold_breath_off.csv,40.0,60.0,breathing,rejected,transition_guard,not_evaluated,,2034,,,,,,,,,,,,,
session_20260812_132357_hold_breath_off_hold_breath_off_w00007,session_20260812_132357_hold_breath_off_hold_breath_off,/Users/jandonyggarofalo/Documents/Desa/UNI/Semestre7/embebidos/esp-csi/examples/get-started/csi_send/data/raw/session_20260812_132357_hold_breath_off_hold_breath_off.csv,45.0,65.0,breathing,rejected,mixed_or_unknown_label,not_evaluated,,2049,,,,,,,,,,,,,
session_20260812_132357_hold_breath_off_hold_breath_off_w00008,session_20260812_132357_hold_breath_off_hold_breath_off,/Users/jandonyggarofalo/Documents/Desa/UNI/Semestre7/embebidos/esp-csi/examples/get-started/csi_send/data/raw/session_20260812_132357_hold_breath_off_hold_breath_off.csv,50.0,70.0,hold_breath,rejected,mixed_or_unknown_label,not_evaluated,,2045,,,,,,,,,,,,,
session_20260812_132357_hold_breath_off_hold_breath_off_w00009,session_20260812_132357_hold_breath_off_hold_breath_off,/Users/jandonyggarofalo/Documents/Desa/UNI/Semestre7/embebidos/esp-csi/examples/get-started/csi_send/data/raw/session_20260812_132357_hold_breath_off_hold_breath_off.csv,55.0,75.0,hold_breath,rejected,mixed_or_unknown_label,not_evaluated,,2048,,,,,,,,,,,,,
session_20260812_132357_hold_breath_off_hold_breath_off_w00010,session_20260812_132357_hold_breath_off_hold_breath_off,/Users/jandonyggarofalo/Documents/Desa/UNI/Semestre7/embebidos/esp-csi/examples/get-started/csi_send/data/raw/session_20260812_132357_hold_breath_off_hold_breath_off.csv,60.0,80.0,hold_breath,rejected,transition_guard,not_evaluated,,2056,,,,,,,,,,,,,
session_20260812_132357_hold_breath_off_hold_breath_off_w00011,session_20260812_132357_hold_breath_off_hold_breath_off,/Users/jandonyggarofalo/Documents/Desa/UNI/Semestre7/embebidos/esp-csi/examples/get-started/csi_send/data/raw/session_20260812_132357_hold_breath_off_hold_breath_off.csv,65.0,85.0,hold_breath,accepted,,ambiguous_breathing_evidence,,2051,63.366,0.0088981,39.198097915637604,0.7407881923550614,52.91404252944269,20.038817322196714,12,1.8565469008157778,0.45,86.23327042594576,0.8505961894989014,1.5932649934290208,1.536709955110513
session_20260812_132357_hold_breath_off_hold_breath_off_w00012,session_20260812_132357_hold_breath_off_hold_breath_off,/Users/jandonyggarofalo/Documents/Desa/UNI/Semestre7/embebidos/esp-csi/examples/get-started/csi_send/data/raw/session_20260812_132357_hold_breath_off_hold_breath_off.csv,70.0,90.0,hold_breath,accepted,,ambiguous_breathing_evidence,,2049,63.366,0.00805271,48.35453617546988,0.9557658754075928,50.59244886180747,63.7202298968776,13,2.0446187957796056,0.30000000000000004,118.98662055547857,0.850584089756012,1.804277334027488,1.536709955110513
session_20260812_132357_hold_breath_off_hold_breath_off_w00013,session_20260812_132357_hold_breath_off_hold_breath_off,/Users/jandonyggarofalo/Documents/Desa/UNI/Semestre7/embebidos/esp-csi/examples/get-started/csi_send/data/raw/session_20260812_132357_hold_breath_off_hold_breath_off.csv,75.0,95.0,hold_breath,accepted,,ambiguous_breathing_evidence,,2050,63.366,0.00509527,43.49053797871259,0.7874002593135543,55.23307550923575,23.512236519230864,14,1.702228996288689,0.4,156.65569843803658,0.8579348921775818,1.638394779928882,1.536709955110513
session_20260812_132357_hold_breath_off_hold_breath_off_w00014,session_20260812_132357_hold_breath_off_hold_breath_off,/Users/jandonyggarofalo/Documents/Desa/UNI/Semestre7/embebidos/esp-csi/examples/get-started/csi_send/data/raw/session_20260812_132357_hold_breath_off_hold_breath_off.csv,80.0,100.0,hold_breath,accepted,,ambiguous_breathing_evidence,,2046,60.333,0.00360459,76.80645633319622,1.3835544910984654,55.51386434527826,23.81625885525722,16,1.3815865027714678,0.4,306.70162900325806,0.8631740808486938,1.8853977282610417,1.536709955110513
session_20260812_132357_hold_breath_off_hold_breath_off_w00015,session_20260812_132357_hold_breath_off_hold_breath_off,/Users/jandonyggarofalo/Documents/Desa/UNI/Semestre7/embebidos/esp-csi/examples/get-started/csi_send/data/raw/session_20260812_132357_hold_breath_off_hold_breath_off.csv,85.0,105.0,hold_breath,accepted,,ambiguous_breathing_evidence,,2050,60.333,0.00141768,57.47043150924211,1.080606794501443,53.18348154168688,37.87449804171138,12,1.7640028702104744,0.4,192.4076101591316,0.8863153457641602,1.759444457989442,1.536709955110513
session_20260812_132357_hold_breath_off_hold_breath_off_w00016,session_20260812_132357_hold_breath_off_hold_breath_off,/Users/jandonyggarofalo/Documents/Desa/UNI/Semestre7/embebidos/esp-csi/examples/get-started/csi_send/data/raw/session_20260812_132357_hold_breath_off_hold_breath_off.csv,90.0,110.0,hold_breath,accepted,,ambiguous_breathing_evidence,,2048,60.333,0.00165558,23.49652893912317,0.4735349360517647,49.619420131876005,34.61251535691139,14,2.2226414898874896,0.4,62.95971960794147,0.8835421204566956,1.5392331614418455,1.536709955110513
session_20260812_132610_hold_breath_off_hold_breath_off_w00000,session_20260812_132610_hold_breath_off_hold_breath_off,/Users/jandonyggarofalo/Documents/Desa/UNI/Semestre7/embebidos/esp-csi/examples/get-started/csi_send/data/raw/session_20260812_132610_hold_breath_off_hold_breath_off.csv,10.0,30.0,breathing,rejected,time_gap,not_evaluated,,2014,102.599,,,,,,,,,,,,
session_20260812_132610_hold_breath_off_hold_breath_off_w00001,session_20260812_132610_hold_breath_off_hold_breath_off,/Users/jandonyggarofalo/Documents/Desa/UNI/Semestre7/embebidos/esp-csi/examples/get-started/csi_send/data/raw/session_20260812_132610_hold_breath_off_hold_breath_off.csv,15.0,35.0,breathing,rejected,time_gap,not_evaluated,,2005,102.599,,,,,,,,,,,,
session_20260812_132610_hold_breath_off_hold_breath_off_w00002,session_20260812_132610_hold_breath_off_hold_breath_off,/Users/jandonyggarofalo/Documents/Desa/UNI/Semestre7/embebidos/esp-csi/examples/get-started/csi_send/data/raw/session_20260812_132610_hold_breath_off_hold_breath_off.csv,20.0,40.0,breathing,rejected,time_gap,not_evaluated,,2009,102.599,,,,,,,,,,,,
session_20260812_132610_hold_breath_off_hold_breath_off_w00003,session_20260812_132610_hold_breath_off_hold_breath_off,/Users/jandonyggarofalo/Documents/Desa/UNI/Semestre7/embebidos/esp-csi/examples/get-started/csi_send/data/raw/session_20260812_132610_hold_breath_off_hold_breath_off.csv,25.0,45.0,breathing,accepted,,trusted_breathing,breathing,2018,78.538,0.00162599,21.29695715568535,0.41355622213241133,51.49712666834221,28.53889003864154,13,2.139781833979872,0.1,54.982811564593526,0.8566891551017761,1.4554370781175656,1.5553823972322576
session_20260812_132610_hold_breath_off_hold_breath_off_w00004,session_20260812_132610_hold_breath_off_hold_breath_off,/Users/jandonyggarofalo/Documents/Desa/UNI/Semestre7/embebidos/esp-csi/examples/get-started/csi_send/data/raw/session_20260812_132610_hold_breath_off_hold_breath_off.csv,30.0,50.0,breathing,accepted,,trusted_breathing,breathing,2024,78.538,0.00230438,45.21970411884394,0.8778085442447019,51.51431301879283,40.69352621899954,15,1.9310586221583002,0.35000000000000003,118.33456389279203,0.8653968572616577,1.6553277163469495,1.5553823972322576
session_20260812_132610_hold_breath_off_hold_breath_off_w00005,session_20260812_132610_hold_breath_off_hold_breath_off,/Users/jandonyggarofalo/Documents/Desa/UNI/Semestre7/embebidos/esp-csi/examples/get-started/csi_send/data/raw/session_20260812_132610_hold_breath_off_hold_breath_off.csv,35.0,55.0,breathing,accepted,,trusted_breathing,breathing,2030,78.538,0.00237839,55.28088236884477,1.0010436482747045,55.22324872053878,20.4797086130204,11,1.886174467427643,0.45,121.82726763593628,0.8661288022994995,1.7425749664367356,1.5553823972322576
session_20260812_132610_hold_breath_off_hold_breath_off_w00006,session_20260812_132610_hold_breath_off_hold_breath_off,/Users/jandonyggarofalo/Documents/Desa/UNI/Semestre7/embebidos/esp-csi/examples/get-started/csi_send/data/raw/session_20260812_132610_hold_breath_off_hold_breath_off.csv,40.0,60.0,breathing,rejected,transition_guard,not_evaluated,,2037,,,,,,,,,,,,,
session_20260812_132610_hold_breath_off_hold_breath_off_w00007,session_20260812_132610_hold_breath_off_hold_breath_off,/Users/jandonyggarofalo/Documents/Desa/UNI/Semestre7/embebidos/esp-csi/examples/get-started/csi_send/data/raw/session_20260812_132610_hold_breath_off_hold_breath_off.csv,45.0,65.0,breathing,rejected,mixed_or_unknown_label,not_evaluated,,2027,,,,,,,,,,,,,
session_20260812_132610_hold_breath_off_hold_breath_off_w00008,session_20260812_132610_hold_breath_off_hold_breath_off,/Users/jandonyggarofalo/Documents/Desa/UNI/Semestre7/embebidos/esp-csi/examples/get-started/csi_send/data/raw/session_20260812_132610_hold_breath_off_hold_breath_off.csv,50.0,70.0,breathing,rejected,mixed_or_unknown_label,not_evaluated,,2021,,,,,,,,,,,,,
session_20260812_132610_hold_breath_off_hold_breath_off_w00009,session_20260812_132610_hold_breath_off_hold_breath_off,/Users/jandonyggarofalo/Documents/Desa/UNI/Semestre7/embebidos/esp-csi/examples/get-started/csi_send/data/raw/session_20260812_132610_hold_breath_off_hold_breath_off.csv,55.0,75.0,hold_breath,rejected,mixed_or_unknown_label,not_evaluated,,2022,,,,,,,,,,,,,
session_20260812_132610_hold_breath_off_hold_breath_off_w00010,session_20260812_132610_hold_breath_off_hold_breath_off,/Users/jandonyggarofalo/Documents/Desa/UNI/Semestre7/embebidos/esp-csi/examples/get-started/csi_send/data/raw/session_20260812_132610_hold_breath_off_hold_breath_off.csv,60.0,80.0,hold_breath,rejected,transition_guard,not_evaluated,,2034,,,,,,,,,,,,,
session_20260812_132610_hold_breath_off_hold_breath_off_w00011,session_20260812_132610_hold_breath_off_hold_breath_off,/Users/jandonyggarofalo/Documents/Desa/UNI/Semestre7/embebidos/esp-csi/examples/get-started/csi_send/data/raw/session_20260812_132610_hold_breath_off_hold_breath_off.csv,65.0,85.0,hold_breath,accepted,,ambiguous_breathing_evidence,,2027,69.971,0.00314119,24.290943268253525,0.5036816763516703,48.226775776622404,42.460799329245084,11,2.256810365468583,0.4,54.385676844771574,0.8248852491378784,1.6279881655486155,1.5553823972322576
session_20260812_132610_hold_breath_off_hold_breath_off_w00012,session_20260812_132610_hold_breath_off_hold_breath_off,/Users/jandonyggarofalo/Documents/Desa/UNI/Semestre7/embebidos/esp-csi/examples/get-started/csi_send/data/raw/session_20260812_132610_hold_breath_off_hold_breath_off.csv,70.0,90.0,hold_breath,accepted,,ambiguous_breathing_evidence,,2024,69.971,0.0089782,40.44001676393916,0.763454197815809,52.96980078121563,25.004507865777008,13,2.155631472260118,0.45,91.48758620174821,0.8688277006149292,1.6068113269507438,1.5553823972322576
session_20260812_132610_hold_breath_off_hold_breath_off_w00013,session_20260812_132610_hold_breath_off_hold_breath_off,/Users/jandonyggarofalo/Documents/Desa/UNI/Semestre7/embebidos/esp-csi/examples/get-started/csi_send/data/raw/session_20260812_132610_hold_breath_off_hold_breath_off.csv,75.0,95.0,hold_breath,rejected,time_gap,not_evaluated,,2030,116.296,,,,,,,,,,,,
session_20260812_132610_hold_breath_off_hold_breath_off_w00014,session_20260812_132610_hold_breath_off_hold_breath_off,/Users/jandonyggarofalo/Documents/Desa/UNI/Semestre7/embebidos/esp-csi/examples/get-started/csi_send/data/raw/session_20260812_132610_hold_breath_off_hold_breath_off.csv,80.0,100.0,hold_breath,rejected,time_gap,not_evaluated,,2014,116.296,,,,,,,,,,,,
session_20260812_132610_hold_breath_off_hold_breath_off_w00015,session_20260812_132610_hold_breath_off_hold_breath_off,/Users/jandonyggarofalo/Documents/Desa/UNI/Semestre7/embebidos/esp-csi/examples/get-started/csi_send/data/raw/session_20260812_132610_hold_breath_off_hold_breath_off.csv,85.0,105.0,hold_breath,rejected,time_gap,not_evaluated,,2032,116.296,,,,,,,,,,,,
session_20260812_133128_hold_breath_off_hold_breath_off_w00000,session_20260812_133128_hold_breath_off_hold_breath_off,/Users/jandonyggarofalo/Documents/Desa/UNI/Semestre7/embebidos/esp-csi/examples/get-started/csi_send/data/raw/session_20260812_133128_hold_breath_off_hold_breath_off.csv,10.0,30.0,breathing,rejected,time_gap,not_evaluated,,1942,240.293,,,,,,,,,,,,
session_20260812_133128_hold_breath_off_hold_breath_off_w00001,session_20260812_133128_hold_breath_off_hold_breath_off,/Users/jandonyggarofalo/Documents/Desa/UNI/Semestre7/embebidos/esp-csi/examples/get-started/csi_send/data/raw/session_20260812_133128_hold_breath_off_hold_breath_off.csv,15.0,35.0,breathing,rejected,time_gap,not_evaluated,,1474,3749.736,,,,,,,,,,,,
session_20260812_133128_hold_breath_off_hold_breath_off_w00002,session_20260812_133128_hold_breath_off_hold_breath_off,/Users/jandonyggarofalo/Documents/Desa/UNI/Semestre7/embebidos/esp-csi/examples/get-started/csi_send/data/raw/session_20260812_133128_hold_breath_off_hold_breath_off.csv,20.0,40.0,breathing,rejected,time_gap,not_evaluated,,1157,4859.298,,,,,,,,,,,,
session_20260812_133128_hold_breath_off_hold_breath_off_w00003,session_20260812_133128_hold_breath_off_hold_breath_off,/Users/jandonyggarofalo/Documents/Desa/UNI/Semestre7/embebidos/esp-csi/examples/get-started/csi_send/data/raw/session_20260812_133128_hold_breath_off_hold_breath_off.csv,25.0,45.0,breathing,rejected,time_gap,not_evaluated,,1162,4859.298,,,,,,,,,,,,
session_20260812_133128_hold_breath_off_hold_breath_off_w00004,session_20260812_133128_hold_breath_off_hold_breath_off,/Users/jandonyggarofalo/Documents/Desa/UNI/Semestre7/embebidos/esp-csi/examples/get-started/csi_send/data/raw/session_20260812_133128_hold_breath_off_hold_breath_off.csv,30.0,50.0,breathing,rejected,time_gap,not_evaluated,,1208,4859.298,,,,,,,,,,,,
session_20260812_133128_hold_breath_off_hold_breath_off_w00005,session_20260812_133128_hold_breath_off_hold_breath_off,/Users/jandonyggarofalo/Documents/Desa/UNI/Semestre7/embebidos/esp-csi/examples/get-started/csi_send/data/raw/session_20260812_133128_hold_breath_off_hold_breath_off.csv,35.0,55.0,breathing,rejected,time_gap,not_evaluated,,1682,113.897,,,,,,,,,,,,
session_20260812_133128_hold_breath_off_hold_breath_off_w00006,session_20260812_133128_hold_breath_off_hold_breath_off,/Users/jandonyggarofalo/Documents/Desa/UNI/Semestre7/embebidos/esp-csi/examples/get-started/csi_send/data/raw/session_20260812_133128_hold_breath_off_hold_breath_off.csv,40.0,60.0,breathing,rejected,transition_guard,not_evaluated,,1999,,,,,,,,,,,,,
session_20260812_133128_hold_breath_off_hold_breath_off_w00007,session_20260812_133128_hold_breath_off_hold_breath_off,/Users/jandonyggarofalo/Documents/Desa/UNI/Semestre7/embebidos/esp-csi/examples/get-started/csi_send/data/raw/session_20260812_133128_hold_breath_off_hold_breath_off.csv,45.0,65.0,breathing,rejected,mixed_or_unknown_label,not_evaluated,,2008,,,,,,,,,,,,,
session_20260812_133128_hold_breath_off_hold_breath_off_w00008,session_20260812_133128_hold_breath_off_hold_breath_off,/Users/jandonyggarofalo/Documents/Desa/UNI/Semestre7/embebidos/esp-csi/examples/get-started/csi_send/data/raw/session_20260812_133128_hold_breath_off_hold_breath_off.csv,50.0,70.0,breathing,rejected,mixed_or_unknown_label,not_evaluated,,2005,,,,,,,,,,,,,
session_20260812_133128_hold_breath_off_hold_breath_off_w00009,session_20260812_133128_hold_breath_off_hold_breath_off,/Users/jandonyggarofalo/Documents/Desa/UNI/Semestre7/embebidos/esp-csi/examples/get-started/csi_send/data/raw/session_20260812_133128_hold_breath_off_hold_breath_off.csv,55.0,75.0,hold_breath,rejected,mixed_or_unknown_label,not_evaluated,,1994,,,,,,,,,,,,,
session_20260812_133128_hold_breath_off_hold_breath_off_w00010,session_20260812_133128_hold_breath_off_hold_breath_off,/Users/jandonyggarofalo/Documents/Desa/UNI/Semestre7/embebidos/esp-csi/examples/get-started/csi_send/data/raw/session_20260812_133128_hold_breath_off_hold_breath_off.csv,60.0,80.0,hold_breath,rejected,transition_guard,not_evaluated,,1992,,,,,,,,,,,,,
session_20260812_133128_hold_breath_off_hold_breath_off_w00011,session_20260812_133128_hold_breath_off_hold_breath_off,/Users/jandonyggarofalo/Documents/Desa/UNI/Semestre7/embebidos/esp-csi/examples/get-started/csi_send/data/raw/session_20260812_133128_hold_breath_off_hold_breath_off.csv,65.0,85.0,hold_breath,accepted,,not_evaluated,,1992,54.133,0.0087067,28.19184426904524,0.5297762123249219,53.21462839048996,22.709676548102134,16,1.5702351439187823,0.4,133.4368088022155,0.7984718680381775,1.450123487708093,
session_20260812_133128_hold_breath_off_hold_breath_off_w00012,session_20260812_133128_hold_breath_off_hold_breath_off,/Users/jandonyggarofalo/Documents/Desa/UNI/Semestre7/embebidos/esp-csi/examples/get-started/csi_send/data/raw/session_20260812_133128_hold_breath_off_hold_breath_off.csv,70.0,90.0,hold_breath,accepted,,not_evaluated,,1992,54.133,0.00865179,36.68155640472423,0.6873980168564976,53.36290694060669,15.764821770806465,12,1.6055195476331827,0.4,143.33104788054996,0.7921038866043091,1.5644477545782314,
session_20260812_133128_hold_breath_off_hold_breath_off_w00013,session_20260812_133128_hold_breath_off_hold_breath_off,/Users/jandonyggarofalo/Documents/Desa/UNI/Semestre7/embebidos/esp-csi/examples/get-started/csi_send/data/raw/session_20260812_133128_hold_breath_off_hold_breath_off.csv,75.0,95.0,hold_breath,accepted,,not_evaluated,,1993,56.003,0.0075969,26.428955828763087,0.5252568453967493,50.31625205902806,33.669026714569085,16,2.0377041490648944,0.4,85.60709741209538,0.7985389232635498,1.5272305622270863,
session_20260812_133128_hold_breath_off_hold_breath_off_w00014,session_20260812_133128_hold_breath_off_hold_breath_off,/Users/jandonyggarofalo/Documents/Desa/UNI/Semestre7/embebidos/esp-csi/examples/get-started/csi_send/data/raw/session_20260812_133128_hold_breath_off_hold_breath_off.csv,80.0,100.0,hold_breath,accepted,,not_evaluated,,1992,56.003,0.00770661,13.91809622656991,0.2772875352801684,50.19373197737511,19.6727677588397,10,1.8915912746672623,0.15000000000000002,47.56876325697337,0.8308143615722656,1.293865465045499,
session_20260812_133128_hold_breath_off_hold_breath_off_w00015,session_20260812_133128_hold_breath_off_hold_breath_off,/Users/jandonyggarofalo/Documents/Desa/UNI/Semestre7/embebidos/esp-csi/examples/get-started/csi_send/data/raw/session_20260812_133128_hold_breath_off_hold_breath_off.csv,85.0,105.0,hold_breath,accepted,,not_evaluated,,1982,56.003,0.00546323,20.974734710777064,0.3927299160903461,53.40752983508009,14.465270791613124,11,2.0899254322381267,0.15000000000000002,40.96443138605413,0.8306887149810791,1.3216964765627734,
session_20260812_133128_hold_breath_off_hold_breath_off_w00016,session_20260812_133128_hold_breath_off_hold_breath_off,/Users/jandonyggarofalo/Documents/Desa/UNI/Semestre7/embebidos/esp-csi/examples/get-started/csi_send/data/raw/session_20260812_133128_hold_breath_off_hold_breath_off.csv,90.0,110.0,hold_breath,accepted,,not_evaluated,,2000,56.003,0.00508984,41.179809710376425,0.7674819661763774,53.65573593276993,20.35021041171366,10,2.070036506766849,0.30000000000000004,101.29765233815493,0.771295964717865,1.614684335435874,
session_20260812_133128_hold_breath_off_hold_breath_off_w00017,session_20260812_133128_hold_breath_off_hold_breath_off,/Users/jandonyggarofalo/Documents/Desa/UNI/Semestre7/embebidos/esp-csi/examples/get-started/csi_send/data/raw/session_20260812_133128_hold_breath_off_hold_breath_off.csv,95.0,115.0,hold_breath,accepted,,not_evaluated,,2007,48.07,0.00468283,72.15975626861581,1.4033063707403004,51.421241842219544,56.243424560569274,14,2.079058570509597,0.25,184.76823780566303,0.7840913534164429,1.8582950576356931,
session_20260812_133128_hold_breath_off_hold_breath_off_w00018,session_20260812_133128_hold_breath_off_hold_breath_off,/Users/jandonyggarofalo/Documents/Desa/UNI/Semestre7/embebidos/esp-csi/examples/get-started/csi_send/data/raw/session_20260812_133128_hold_breath_off_hold_breath_off.csv,100.0,120.0,hold_breath,rejected,time_gap,not_evaluated,,1793,183.154,,,,,,,,,,,,
session_20260812_133128_hold_breath_off_hold_breath_off_w00019,session_20260812_133128_hold_breath_off_hold_breath_off,/Users/jandonyggarofalo/Documents/Desa/UNI/Semestre7/embebidos/esp-csi/examples/get-started/csi_send/data/raw/session_20260812_133128_hold_breath_off_hold_breath_off.csv,105.0,125.0,hold_breath,rejected,time_gap,not_evaluated,,1835,1905.177,,,,,,,,,,,,
session_20260812_133128_hold_breath_off_hold_breath_off_w00020,session_20260812_133128_hold_breath_off_hold_breath_off,/Users/jandonyggarofalo/Documents/Desa/UNI/Semestre7/embebidos/esp-csi/examples/get-started/csi_send/data/raw/session_20260812_133128_hold_breath_off_hold_breath_off.csv,110.0,130.0,hold_breath,rejected,time_gap,not_evaluated,,1824,1905.177,,,,,,,,,,,,
session_20260812_133631_hold_breath_off_hold_breath_off_w00000,session_20260812_133631_hold_breath_off_hold_breath_off,/Users/jandonyggarofalo/Documents/Desa/UNI/Semestre7/embebidos/esp-csi/examples/get-started/csi_send/data/raw/session_20260812_133631_hold_breath_off_hold_breath_off.csv,10.0,30.0,breathing,accepted,,trusted_breathing,breathing,2001,89.81,0.00169447,33.45676396585556,0.7342419170948169,45.56640418758539,89.01843981151085,8,1.8217876673056,0.1,115.98940644768435,0.7365602254867554,1.9494799783177805,1.5788063822934355
session_20260812_133631_hold_breath_off_hold_breath_off_w00001,session_20260812_133631_hold_breath_off_hold_breath_off,/Users/jandonyggarofalo/Documents/Desa/UNI/Semestre7/embebidos/esp-csi/examples/get-started/csi_send/data/raw/session_20260812_133631_hold_breath_off_hold_breath_off.csv,15.0,35.0,breathing,accepted,,trusted_breathing,breathing,2008,89.81,0.00280908,21.6718910668002,0.39815136843899857,54.43128615057405,10.12287592396386,13,2.0026254737345535,0.30000000000000004,55.70715577203447,0.7225458025932312,1.33589680906064,1.5788063822934355
session_20260812_133631_hold_breath_off_hold_breath_off_w00002,session_20260812_133631_hold_breath_off_hold_breath_off,/Users/jandonyggarofalo/Documents/Desa/UNI/Semestre7/embebidos/esp-csi/examples/get-started/csi_send/data/raw/session_20260812_133631_hold_breath_off_hold_breath_off.csv,20.0,40.0,breathing,accepted,,trusted_breathing,breathing,2001,79.202,0.00340455,23.412379704009695,0.46769063856110515,50.05954315440235,36.347133757343194,12,2.140937510584278,0.35000000000000003,49.73902817147512,0.716447114944458,1.560470169185468,1.5788063822934355
session_20260812_133631_hold_breath_off_hold_breath_off_w00003,session_20260812_133631_hold_breath_off_hold_breath_off,/Users/jandonyggarofalo/Documents/Desa/UNI/Semestre7/embebidos/esp-csi/examples/get-started/csi_send/data/raw/session_20260812_133631_hold_breath_off_hold_breath_off.csv,25.0,45.0,breathing,accepted,,trusted_breathing,breathing,1992,79.202,0.00298852,33.070265535805746,0.699338532430978,47.28792137450594,60.365621046148966,13,2.2655333901927612,0.30000000000000004,61.73906832032558,0.6761853694915771,1.780789673046299,1.5788063822934355
session_20260812_133631_hold_breath_off_hold_breath_off_w00004,session_20260812_133631_hold_breath_off_hold_breath_off,/Users/jandonyggarofalo/Documents/Desa/UNI/Semestre7/embebidos/esp-csi/examples/get-started/csi_send/data/raw/session_20260812_133631_hold_breath_off_hold_breath_off.csv,30.0,50.0,breathing,accepted,,trusted_breathing,breathing,1993,58.531,0.00245782,33.71515133472536,0.6541379567980414,51.54134687384153,43.034327599919166,14,1.8270409064334976,0.30000000000000004,156.61600148361495,0.7017250657081604,1.6338150216173377,1.5788063822934355
session_20260812_133631_hold_breath_off_hold_breath_off_w00005,session_20260812_133631_hold_breath_off_hold_breath_off,/Users/jandonyggarofalo/Documents/Desa/UNI/Semestre7/embebidos/esp-csi/examples/get-started/csi_send/data/raw/session_20260812_133631_hold_breath_off_hold_breath_off.csv,35.0,55.0,breathing,accepted,,trusted_breathing,breathing,1985,94.237,0.0019364,74.37535565213669,1.372941184949997,54.17228098870913,42.7103186583213,12,1.8731562413090255,0.30000000000000004,224.2498722018294,0.7224346995353699,1.871429055474644,1.5788063822934355
session_20260812_133631_hold_breath_off_hold_breath_off_w00006,session_20260812_133631_hold_breath_off_hold_breath_off,/Users/jandonyggarofalo/Documents/Desa/UNI/Semestre7/embebidos/esp-csi/examples/get-started/csi_send/data/raw/session_20260812_133631_hold_breath_off_hold_breath_off.csv,40.0,60.0,breathing,rejected,transition_guard,not_evaluated,,2001,,,,,,,,,,,,,
session_20260812_133631_hold_breath_off_hold_breath_off_w00007,session_20260812_133631_hold_breath_off_hold_breath_off,/Users/jandonyggarofalo/Documents/Desa/UNI/Semestre7/embebidos/esp-csi/examples/get-started/csi_send/data/raw/session_20260812_133631_hold_breath_off_hold_breath_off.csv,45.0,65.0,breathing,rejected,mixed_or_unknown_label,not_evaluated,,2003,,,,,,,,,,,,,
session_20260812_133631_hold_breath_off_hold_breath_off_w00008,session_20260812_133631_hold_breath_off_hold_breath_off,/Users/jandonyggarofalo/Documents/Desa/UNI/Semestre7/embebidos/esp-csi/examples/get-started/csi_send/data/raw/session_20260812_133631_hold_breath_off_hold_breath_off.csv,50.0,70.0,hold_breath,rejected,mixed_or_unknown_label,not_evaluated,,2012,,,,,,,,,,,,,
session_20260812_133631_hold_breath_off_hold_breath_off_w00009,session_20260812_133631_hold_breath_off_hold_breath_off,/Users/jandonyggarofalo/Documents/Desa/UNI/Semestre7/embebidos/esp-csi/examples/get-started/csi_send/data/raw/session_20260812_133631_hold_breath_off_hold_breath_off.csv,55.0,75.0,hold_breath,rejected,mixed_or_unknown_label,not_evaluated,,2019,,,,,,,,,,,,,
session_20260812_133631_hold_breath_off_hold_breath_off_w00010,session_20260812_133631_hold_breath_off_hold_breath_off,/Users/jandonyggarofalo/Documents/Desa/UNI/Semestre7/embebidos/esp-csi/examples/get-started/csi_send/data/raw/session_20260812_133631_hold_breath_off_hold_breath_off.csv,60.0,80.0,hold_breath,rejected,transition_guard,not_evaluated,,2011,,,,,,,,,,,,,
session_20260812_133631_hold_breath_off_hold_breath_off_w00011,session_20260812_133631_hold_breath_off_hold_breath_off,/Users/jandonyggarofalo/Documents/Desa/UNI/Semestre7/embebidos/esp-csi/examples/get-started/csi_send/data/raw/session_20260812_133631_hold_breath_off_hold_breath_off.csv,65.0,85.0,hold_breath,accepted,,ambiguous_breathing_evidence,,2018,62.548,0.00616715,36.228304358679196,0.6805479857459256,53.23401893389978,40.14827653643642,15,1.7742260948765192,0.35000000000000003,84.30761236446908,0.650259792804718,1.6036669068555425,1.5788063822934355
session_20260812_133631_hold_breath_off_hold_breath_off_w00012,session_20260812_133631_hold_breath_off_hold_breath_off,/Users/jandonyggarofalo/Documents/Desa/UNI/Semestre7/embebidos/esp-csi/examples/get-started/csi_send/data/raw/session_20260812_133631_hold_breath_off_hold_breath_off.csv,70.0,90.0,hold_breath,accepted,,ambiguous_breathing_evidence,,2019,62.548,0.00431061,40.16007415464858,0.7819618321737464,51.358100232280826,36.83889191626831,12,1.960880046884371,0.30000000000000004,88.5283237919963,0.7548036575317383,1.6037945060524357,1.5788063822934355
session_20260812_133631_hold_breath_off_hold_breath_off_w00013,session_20260812_133631_hold_breath_off_hold_breath_off,/Users/jandonyggarofalo/Documents/Desa/UNI/Semestre7/embebidos/esp-csi/examples/get-started/csi_send/data/raw/session_20260812_133631_hold_breath_off_hold_breath_off.csv,75.0,95.0,hold_breath,accepted,,ambiguous_breathing_evidence,,2035,62.548,0.00390049,68.55948281821992,1.9026290694481531,36.03407722455811,367.6107376377597,9,1.7489483875485388,0.1,344.6785783740591,0.8204659819602966,2.5374142930307184,1.5788063822934355
session_20260812_133631_hold_breath_off_hold_breath_off_w00014,session_20260812_133631_hold_breath_off_hold_breath_off,/Users/jandonyggarofalo/Documents/Desa/UNI/Semestre7/embebidos/esp-csi/examples/get-started/csi_send/data/raw/session_20260812_133631_hold_breath_off_hold_breath_off.csv,80.0,100.0,hold_breath,accepted,,ambiguous_breathing_evidence,,2036,64.963,0.00212964,44.275605170058334,0.804796942273051,55.01462896336592,12.094170175773112,15,1.6540958902476766,0.4,147.6751047682225,0.8216284513473511,1.6461645059484187,1.5788063822934355
session_20260812_133631_hold_breath_off_hold_breath_off_w00015,session_20260812_133631_hold_breath_off_hold_breath_off,/Users/jandonyggarofalo/Documents/Desa/UNI/Semestre7/embebidos/esp-csi/examples/get-started/csi_send/data/raw/session_20260812_133631_hold_breath_off_hold_breath_off.csv,85.0,105.0,hold_breath,accepted,,ambiguous_breathing_evidence,,2043,64.963,0.00177053,109.23579521117705,2.916322738657625,37.45668946826527,529.2821956774261,9,1.8763183083458093,0.1,491.94347512647585,0.8400813937187195,2.6919152046963655,1.5788063822934355
session_20260812_133631_hold_breath_off_hold_breath_off_w00016,session_20260812_133631_hold_breath_off_hold_breath_off,/Users/jandonyggarofalo/Documents/Desa/UNI/Semestre7/embebidos/esp-csi/examples/get-started/csi_send/data/raw/session_20260812_133631_hold_breath_off_hold_breath_off.csv,90.0,110.0,hold_breath,accepted,,high_confidence_hold,hold_breath,2055,64.963,0.00192366,18.970643106760047,0.3462734983594507,54.785142947938525,17.106948841349944,14,1.826783118582276,0.4,72.95648992588666,0.8212511539459229,1.278082053766018,1.5788063822934355
session_20260812_133631_hold_breath_off_hold_breath_off_w00017,session_20260812_133631_hold_breath_off_hold_breath_off,/Users/jandonyggarofalo/Documents/Desa/UNI/Semestre7/embebidos/esp-csi/examples/get-started/csi_send/data/raw/session_20260812_133631_hold_breath_off_hold_breath_off.csv,95.0,115.0,hold_breath,accepted,,ambiguous_breathing_evidence,,2053,64.963,0.0016896,38.80880318614192,0.7503092012451232,51.72374685221474,21.247976213285135,13,2.0112053395556977,0.45,109.66302610359477,0.8242341876029968,1.5889302498601277,1.5788063822934355
session_20260812_133631_hold_breath_off_hold_breath_off_w00018,session_20260812_133631_hold_breath_off_hold_breath_off,/Users/jandonyggarofalo/Documents/Desa/UNI/Semestre7/embebidos/esp-csi/examples/get-started/csi_send/data/raw/session_20260812_133631_hold_breath_off_hold_breath_off.csv,100.0,120.0,hold_breath,accepted,,high_confidence_hold,hold_breath,2067,58.307,0.00253991,20.78595465773687,0.4459393086389728,46.61162237778487,15.93355747249088,15,2.1186886731170747,0.4,44.06560675886659,0.8183015584945679,1.3177699755858745,1.5788063822934355
session_20260812_133631_hold_breath_off_hold_breath_off_w00019,session_20260812_133631_hold_breath_off_hold_breath_off,/Users/jandonyggarofalo/Documents/Desa/UNI/Semestre7/embebidos/esp-csi/examples/get-started/csi_send/data/raw/session_20260812_133631_hold_breath_off_hold_breath_off.csv,105.0,125.0,hold_breath,accepted,,high_confidence_hold,hold_breath,2068,58.307,0.00327536,16.766310087702728,0.38395043164939513,43.66790269158817,24.583946248432184,17,2.274590400734129,0.5,35.85952507918808,0.8440966606140137,1.3906515976862333,1.5788063822934355
session_20260812_133631_hold_breath_off_hold_breath_off_w00020,session_20260812_133631_hold_breath_off_hold_breath_off,/Users/jandonyggarofalo/Documents/Desa/UNI/Semestre7/embebidos/esp-csi/examples/get-started/csi_send/data/raw/session_20260812_133631_hold_breath_off_hold_breath_off.csv,110.0,130.0,hold_breath,accepted,,ambiguous_breathing_evidence,,2064,48.817,0.00219916,66.1003765003126,1.9761320294922462,33.44937256913102,403.35251904180063,10,2.0498721950806242,0.1,255.50313917029098,0.8559685349464417,2.4073962403453324,1.5788063822934355
session_20260812_133631_hold_breath_off_hold_breath_off_w00021,session_20260812_133631_hold_breath_off_hold_breath_off,/Users/jandonyggarofalo/Documents/Desa/UNI/Semestre7/embebidos/esp-csi/examples/get-started/csi_send/data/raw/session_20260812_133631_hold_breath_off_hold_breath_off.csv,115.0,135.0,hold_breath,accepted,,ambiguous_breathing_evidence,,2064,48.817,0.00170709,53.69712948816448,0.9920332688058282,54.12835554673374,15.501988725150797,15,1.9549327763076518,0.4,123.21368888504033,0.8319693207740784,1.729951070042746,1.5788063822934355
session_20260812_133631_hold_breath_off_hold_breath_off_w00022,session_20260812_133631_hold_breath_off_hold_breath_off,/Users/jandonyggarofalo/Documents/Desa/UNI/Semestre7/embebidos/esp-csi/examples/get-started/csi_send/data/raw/session_20260812_133631_hold_breath_off_hold_breath_off.csv,120.0,140.0,hold_breath,accepted,,high_confidence_hold,hold_breath,2061,75.184,0.00213413,32.7982305090261,0.6299315119082548,52.0663435452184,29.70804932386573,13,2.147555199970681,0.45,55.08719563644426,0.8118984699249268,1.5158504138063438,1.5788063822934355
session_20260812_133631_hold_breath_off_hold_breath_off_w00023,session_20260812_133631_hold_breath_off_hold_breath_off,/Users/jandonyggarofalo/Documents/Desa/UNI/Semestre7/embebidos/esp-csi/examples/get-started/csi_send/data/raw/session_20260812_133631_hold_breath_off_hold_breath_off.csv,125.0,145.0,hold_breath,accepted,,high_confidence_hold,hold_breath,2051,80.262,0.00123415,31.866759089847253,0.5806003999763218,54.88587174774934,12.302015885595976,12,1.9671658301276473,0.2,70.64593186417494,0.8090049028396606,1.5033378971428253,1.5788063822934355
session_20260812_133631_hold_breath_off_hold_breath_off_w00024,session_20260812_133631_hold_breath_off_hold_breath_off,/Users/jandonyggarofalo/Documents/Desa/UNI/Semestre7/embebidos/esp-csi/examples/get-started/csi_send/data/raw/session_20260812_133631_hold_breath_off_hold_breath_off.csv,130.0,150.0,hold_breath,accepted,,high_confidence_hold,hold_breath,2043,80.262,0.00070745,37.31992709942844,0.6730387558576816,55.44989315186559,15.230185073092093,10,1.7396727601660913,0.35000000000000003,79.41746331320272,0.8147454857826233,1.571940786726487,1.5788063822934355
session_20260812_133631_hold_breath_off_hold_breath_off_w00025,session_20260812_133631_hold_breath_off_hold_breath_off,/Users/jandonyggarofalo/Documents/Desa/UNI/Semestre7/embebidos/esp-csi/examples/get-started/csi_send/data/raw/session_20260812_133631_hold_breath_off_hold_breath_off.csv,135.0,155.0,hold_breath,rejected,transition_guard,not_evaluated,,2047,,,,,,,,,,,,,
session_20260812_133911_hold_breath_off_hold_breath_off_w00000,session_20260812_133911_hold_breath_off_hold_breath_off,/Users/jandonyggarofalo/Documents/Desa/UNI/Semestre7/embebidos/esp-csi/examples/get-started/csi_send/data/raw/session_20260812_133911_hold_breath_off_hold_breath_off.csv,10.0,30.0,breathing,rejected,time_gap,not_evaluated,,2034,131.046,,,,,,,,,,,,
session_20260812_133911_hold_breath_off_hold_breath_off_w00001,session_20260812_133911_hold_breath_off_hold_breath_off,/Users/jandonyggarofalo/Documents/Desa/UNI/Semestre7/embebidos/esp-csi/examples/get-started/csi_send/data/raw/session_20260812_133911_hold_breath_off_hold_breath_off.csv,15.0,35.0,breathing,accepted,,trusted_breathing,breathing,2034,57.56,5.377e-05,12.704450258628235,0.2502135660862756,50.77442625231946,7.2623555278024545,16,2.0549092152738084,0.30000000000000004,30.38799340499839,0.5587599873542786,1.103955877193609,1.1603453214380866
session_20260812_133911_hold_breath_off_hold_breath_off_w00002,session_20260812_133911_hold_breath_off_hold_breath_off,/Users/jandonyggarofalo/Documents/Desa/UNI/Semestre7/embebidos/esp-csi/examples/get-started/csi_send/data/raw/session_20260812_133911_hold_breath_off_hold_breath_off.csv,20.0,40.0,breathing,accepted,,trusted_breathing,breathing,2049,48.79,0.00012201,21.094866214892548,0.4274230636766514,49.353598360807254,14.6013585334415,13,2.1686432828043745,0.30000000000000004,57.904132466823874,0.5615504384040833,1.3241767754008702,1.1603453214380866
session_20260812_133911_hold_breath_off_hold_breath_off_w00003,session_20260812_133911_hold_breath_off_hold_breath_off,/Users/jandonyggarofalo/Documents/Desa/UNI/Semestre7/embebidos/esp-csi/examples/get-started/csi_send/data/raw/session_20260812_133911_hold_breath_off_hold_breath_off.csv,25.0,45.0,breathing,accepted,,trusted_breathing,breathing,2051,48.79,0.00044948,21.428079294231637,0.5390350528684447,39.752663913345835,79.66241832252973,11,2.1605610959170183,0.1,63.54295277114093,0.618059515953064,1.8030673921470555,1.1603453214380866
session_20260812_133911_hold_breath_off_hold_breath_off_w00004,session_20260812_133911_hold_breath_off_hold_breath_off,/Users/jandonyggarofalo/Documents/Desa/UNI/Semestre7/embebidos/esp-csi/examples/get-started/csi_send/data/raw/session_20260812_133911_hold_breath_off_hold_breath_off.csv,30.0,50.0,breathing,accepted,,trusted_breathing,breathing,2035,74.162,0.00117092,13.37566723775473,0.2511535150197343,53.256938238154795,14.465895432051605,12,2.011922135194335,0.45,31.50379739239733,0.7465062737464905,1.1603453214380866,1.1603453214380866
session_20260812_133911_hold_breath_off_hold_breath_off_w00005,session_20260812_133911_hold_breath_off_hold_breath_off,/Users/jandonyggarofalo/Documents/Desa/UNI/Semestre7/embebidos/esp-csi/examples/get-started/csi_send/data/raw/session_20260812_133911_hold_breath_off_hold_breath_off.csv,35.0,55.0,breathing,accepted,,trusted_breathing,breathing,2033,74.162,0.00119128,16.059305385521657,0.34123108367259203,47.062844371128115,42.48774857309592,10,1.9839444259641166,0.1,56.67597905272044,0.7675318121910095,1.6282637184233268,1.1603453214380866
session_20260812_133911_hold_breath_off_hold_breath_off_w00006,session_20260812_133911_hold_breath_off_hold_breath_off,/Users/jandonyggarofalo/Documents/Desa/UNI/Semestre7/embebidos/esp-csi/examples/get-started/csi_send/data/raw/session_20260812_133911_hold_breath_off_hold_breath_off.csv,40.0,60.0,breathing,rejected,transition_guard,not_evaluated,,2029,,,,,,,,,,,,,
session_20260812_133911_hold_breath_off_hold_breath_off_w00007,session_20260812_133911_hold_breath_off_hold_breath_off,/Users/jandonyggarofalo/Documents/Desa/UNI/Semestre7/embebidos/esp-csi/examples/get-started/csi_send/data/raw/session_20260812_133911_hold_breath_off_hold_breath_off.csv,45.0,65.0,breathing,rejected,mixed_or_unknown_label,not_evaluated,,2010,,,,,,,,,,,,,
session_20260812_133911_hold_breath_off_hold_breath_off_w00008,session_20260812_133911_hold_breath_off_hold_breath_off,/Users/jandonyggarofalo/Documents/Desa/UNI/Semestre7/embebidos/esp-csi/examples/get-started/csi_send/data/raw/session_20260812_133911_hold_breath_off_hold_breath_off.csv,50.0,70.0,breathing,rejected,mixed_or_unknown_label,not_evaluated,,2005,,,,,,,,,,,,,
session_20260812_133911_hold_breath_off_hold_breath_off_w00009,session_20260812_133911_hold_breath_off_hold_breath_off,/Users/jandonyggarofalo/Documents/Desa/UNI/Semestre7/embebidos/esp-csi/examples/get-started/csi_send/data/raw/session_20260812_133911_hold_breath_off_hold_breath_off.csv,55.0,75.0,hold_breath,rejected,mixed_or_unknown_label,not_evaluated,,2011,,,,,,,,,,,,,
session_20260812_133911_hold_breath_off_hold_breath_off_w00010,session_20260812_133911_hold_breath_off_hold_breath_off,/Users/jandonyggarofalo/Documents/Desa/UNI/Semestre7/embebidos/esp-csi/examples/get-started/csi_send/data/raw/session_20260812_133911_hold_breath_off_hold_breath_off.csv,60.0,80.0,hold_breath,rejected,transition_guard,not_evaluated,,1997,,,,,,,,,,,,,
session_20260812_133911_hold_breath_off_hold_breath_off_w00011,session_20260812_133911_hold_breath_off_hold_breath_off,/Users/jandonyggarofalo/Documents/Desa/UNI/Semestre7/embebidos/esp-csi/examples/get-started/csi_send/data/raw/session_20260812_133911_hold_breath_off_hold_breath_off.csv,65.0,85.0,hold_breath,rejected,time_gap,not_evaluated,,2022,120.344,,,,,,,,,,,,
session_20260812_133911_hold_breath_off_hold_breath_off_w00012,session_20260812_133911_hold_breath_off_hold_breath_off,/Users/jandonyggarofalo/Documents/Desa/UNI/Semestre7/embebidos/esp-csi/examples/get-started/csi_send/data/raw/session_20260812_133911_hold_breath_off_hold_breath_off.csv,70.0,90.0,hold_breath,rejected,time_gap,not_evaluated,,2037,120.344,,,,,,,,,,,,
session_20260812_133911_hold_breath_off_hold_breath_off_w00013,session_20260812_133911_hold_breath_off_hold_breath_off,/Users/jandonyggarofalo/Documents/Desa/UNI/Semestre7/embebidos/esp-csi/examples/get-started/csi_send/data/raw/session_20260812_133911_hold_breath_off_hold_breath_off.csv,75.0,95.0,hold_breath,rejected,time_gap,not_evaluated,,2020,120.344,,,,,,,,,,,,
session_20260812_133911_hold_breath_off_hold_breath_off_w00014,session_20260812_133911_hold_breath_off_hold_breath_off,/Users/jandonyggarofalo/Documents/Desa/UNI/Semestre7/embebidos/esp-csi/examples/get-started/csi_send/data/raw/session_20260812_133911_hold_breath_off_hold_breath_off.csv,80.0,100.0,hold_breath,rejected,time_gap,not_evaluated,,2018,120.344,,,,,,,,,,,,
session_20260812_133911_hold_breath_off_hold_breath_off_w00015,session_20260812_133911_hold_breath_off_hold_breath_off,/Users/jandonyggarofalo/Documents/Desa/UNI/Semestre7/embebidos/esp-csi/examples/get-started/csi_send/data/raw/session_20260812_133911_hold_breath_off_hold_breath_off.csv,85.0,105.0,hold_breath,rejected,time_gap,not_evaluated,,1994,107.548,,,,,,,,,,,,
session_20260812_133911_hold_breath_off_hold_breath_off_w00016,session_20260812_133911_hold_breath_off_hold_breath_off,/Users/jandonyggarofalo/Documents/Desa/UNI/Semestre7/embebidos/esp-csi/examples/get-started/csi_send/data/raw/session_20260812_133911_hold_breath_off_hold_breath_off.csv,90.0,110.0,hold_breath,rejected,time_gap,not_evaluated,,1992,107.548,,,,,,,,,,,,
session_20260812_133911_hold_breath_off_hold_breath_off_w00017,session_20260812_133911_hold_breath_off_hold_breath_off,/Users/jandonyggarofalo/Documents/Desa/UNI/Semestre7/embebidos/esp-csi/examples/get-started/csi_send/data/raw/session_20260812_133911_hold_breath_off_hold_breath_off.csv,95.0,115.0,hold_breath,rejected,time_gap,not_evaluated,,2004,107.548,,,,,,,,,,,,
session_20260812_133911_hold_breath_off_hold_breath_off_w00018,session_20260812_133911_hold_breath_off_hold_breath_off,/Users/jandonyggarofalo/Documents/Desa/UNI/Semestre7/embebidos/esp-csi/examples/get-started/csi_send/data/raw/session_20260812_133911_hold_breath_off_hold_breath_off.csv,100.0,120.0,hold_breath,accepted,,ambiguous_breathing_evidence,,2014,94.745,0.00084952,137.15269740425032,3.1742007144351283,43.20857744769754,541.5181711797331,9,1.8915488506496372,0.1,618.319273438644,0.7863598465919495,2.7336130343882656,1.1603453214380866
session_20260812_133911_hold_breath_off_hold_breath_off_w00019,session_20260812_133911_hold_breath_off_hold_breath_off,/Users/jandonyggarofalo/Documents/Desa/UNI/Semestre7/embebidos/esp-csi/examples/get-started/csi_send/data/raw/session_20260812_133911_hold_breath_off_hold_breath_off.csv,105.0,125.0,hold_breath,accepted,,ambiguous_breathing_evidence,,2033,94.745,0.00063407,177.88619637749798,3.258480581969441,54.59176198924227,86.7488152190923,18,1.965042355044817,0.35000000000000003,386.75551030153895,0.7952287793159485,2.25014224898516,1.1603453214380866
session_20260812_134202_hold_breath_off_hold_breath_off_w00000,session_20260812_134202_hold_breath_off_hold_breath_off,/Users/jandonyggarofalo/Documents/Desa/UNI/Semestre7/embebidos/esp-csi/examples/get-started/csi_send/data/raw/session_20260812_134202_hold_breath_off_hold_breath_off.csv,10.0,30.0,breathing,accepted,,trusted_breathing,breathing,2046,58.636,0.00178702,28.753726322577474,0.5636778750199056,51.01091881868001,24.35163081629263,16,2.064797004851904,0.35000000000000003,57.52192310515119,0.7810858488082886,1.4586941348157842,1.239022141234164
session_20260812_134202_hold_breath_off_hold_breath_off_w00001,session_20260812_134202_hold_breath_off_hold_breath_off,/Users/jandonyggarofalo/Documents/Desa/UNI/Semestre7/embebidos/esp-csi/examples/get-started/csi_send/data/raw/session_20260812_134202_hold_breath_off_hold_breath_off.csv,15.0,35.0,breathing,accepted,,trusted_breathing,breathing,2046,58.636,0.00160374,6.820080216952044,0.1530312405266788,44.56658779890433,17.047819198972853,16,2.2363540502967383,0.2,15.93511868041524,0.7550854682922363,1.202355302328606,1.239022141234164
session_20260812_134202_hold_breath_off_hold_breath_off_w00002,session_20260812_134202_hold_breath_off_hold_breath_off,/Users/jandonyggarofalo/Documents/Desa/UNI/Semestre7/embebidos/esp-csi/examples/get-started/csi_send/data/raw/session_20260812_134202_hold_breath_off_hold_breath_off.csv,20.0,40.0,breathing,accepted,,trusted_breathing,breathing,2043,58.636,0.00183554,12.178000546034449,0.276866253839595,43.985138589861876,27.4739071468507,12,2.295417012639884,0.35000000000000003,26.60195154539297,0.7708038091659546,1.4249134980711662,1.239022141234164
session_20260812_134202_hold_breath_off_hold_breath_off_w00003,session_20260812_134202_hold_breath_off_hold_breath_off,/Users/jandonyggarofalo/Documents/Desa/UNI/Semestre7/embebidos/esp-csi/examples/get-started/csi_send/data/raw/session_20260812_134202_hold_breath_off_hold_breath_off.csv,25.0,45.0,breathing,accepted,,trusted_breathing,breathing,2038,58.636,0.00267572,12.075732881755108,0.27562556222698714,43.81209342175061,34.26816802929871,14,2.0559314003026206,0.4,38.213866562038035,0.7505548596382141,1.5348908877379357,1.239022141234164
session_20260812_134202_hold_breath_off_hold_breath_off_w00004,session_20260812_134202_hold_breath_off_hold_breath_off,/Users/jandonyggarofalo/Documents/Desa/UNI/Semestre7/embebidos/esp-csi/examples/get-started/csi_send/data/raw/session_20260812_134202_hold_breath_off_hold_breath_off.csv,30.0,50.0,breathing,accepted,,trusted_breathing,breathing,2044,71.607,0.00171615,9.5093054735399,0.17600095861073128,54.029850453928496,6.663628818115503,17,1.776232189085918,0.45,30.580774132444873,0.772819459438324,0.9781487987435739,1.239022141234164
session_20260812_134202_hold_breath_off_hold_breath_off_w00005,session_20260812_134202_hold_breath_off_hold_breath_off,/Users/jandonyggarofalo/Documents/Desa/UNI/Semestre7/embebidos/esp-csi/examples/get-started/csi_send/data/raw/session_20260812_134202_hold_breath_off_hold_breath_off.csv,35.0,55.0,breathing,accepted,,trusted_breathing,breathing,2042,71.607,0.00139263,22.33688755487215,0.4126287563657299,54.13313350129169,10.54464072697527,12,2.042859405026931,0.45,47.01345691620071,0.7926841974258423,1.3490226579508382,1.239022141234164
session_20260812_134202_hold_breath_off_hold_breath_off_w00006,session_20260812_134202_hold_breath_off_hold_breath_off,/Users/jandonyggarofalo/Documents/Desa/UNI/Semestre7/embebidos/esp-csi/examples/get-started/csi_send/data/raw/session_20260812_134202_hold_breath_off_hold_breath_off.csv,40.0,60.0,breathing,rejected,transition_guard,not_evaluated,,2037,,,,,,,,,,,,,
session_20260812_134202_hold_breath_off_hold_breath_off_w00007,session_20260812_134202_hold_breath_off_hold_breath_off,/Users/jandonyggarofalo/Documents/Desa/UNI/Semestre7/embebidos/esp-csi/examples/get-started/csi_send/data/raw/session_20260812_134202_hold_breath_off_hold_breath_off.csv,45.0,65.0,breathing,rejected,mixed_or_unknown_label,not_evaluated,,2036,,,,,,,,,,,,,
session_20260812_134202_hold_breath_off_hold_breath_off_w00008,session_20260812_134202_hold_breath_off_hold_breath_off,/Users/jandonyggarofalo/Documents/Desa/UNI/Semestre7/embebidos/esp-csi/examples/get-started/csi_send/data/raw/session_20260812_134202_hold_breath_off_hold_breath_off.csv,50.0,70.0,breathing,rejected,mixed_or_unknown_label,not_evaluated,,2029,,,,,,,,,,,,,
session_20260812_134202_hold_breath_off_hold_breath_off_w00009,session_20260812_134202_hold_breath_off_hold_breath_off,/Users/jandonyggarofalo/Documents/Desa/UNI/Semestre7/embebidos/esp-csi/examples/get-started/csi_send/data/raw/session_20260812_134202_hold_breath_off_hold_breath_off.csv,55.0,75.0,hold_breath,rejected,mixed_or_unknown_label,not_evaluated,,2025,,,,,,,,,,,,,
session_20260812_134202_hold_breath_off_hold_breath_off_w00010,session_20260812_134202_hold_breath_off_hold_breath_off,/Users/jandonyggarofalo/Documents/Desa/UNI/Semestre7/embebidos/esp-csi/examples/get-started/csi_send/data/raw/session_20260812_134202_hold_breath_off_hold_breath_off.csv,60.0,80.0,hold_breath,rejected,transition_guard,not_evaluated,,2032,,,,,,,,,,,,,
session_20260812_134202_hold_breath_off_hold_breath_off_w00011,session_20260812_134202_hold_breath_off_hold_breath_off,/Users/jandonyggarofalo/Documents/Desa/UNI/Semestre7/embebidos/esp-csi/examples/get-started/csi_send/data/raw/session_20260812_134202_hold_breath_off_hold_breath_off.csv,65.0,85.0,hold_breath,accepted,,ambiguous_breathing_evidence,,2029,61.321,0.01415799,962.6442158530808,17.53898186968967,54.885980440896525,239.48233116983008,12,1.8053183708987988,0.25,2531.8223044979486,0.5923287868499756,2.983465805668779,1.239022141234164
session_20260812_134202_hold_breath_off_hold_breath_off_w00012,session_20260812_134202_hold_breath_off_hold_breath_off,/Users/jandonyggarofalo/Documents/Desa/UNI/Semestre7/embebidos/esp-csi/examples/get-started/csi_send/data/raw/session_20260812_134202_hold_breath_off_hold_breath_off.csv,70.0,90.0,hold_breath,accepted,,ambiguous_breathing_evidence,,2040,74.659,0.01456036,104.18174253019177,2.0478590644663224,50.87349238913125,382.2643499263957,14,2.1883931379167665,0.30000000000000004,266.78662769955895,0.6044416427612305,2.426164057396551,1.239022141234164
session_20260812_134202_hold_breath_off_hold_breath_off_w00013,session_20260812_134202_hold_breath_off_hold_breath_off,/Users/jandonyggarofalo/Documents/Desa/UNI/Semestre7/embebidos/esp-csi/examples/get-started/csi_send/data/raw/session_20260812_134202_hold_breath_off_hold_breath_off.csv,75.0,95.0,hold_breath,accepted,,ambiguous_breathing_evidence,,2045,74.659,0.00086721,11.658943411241147,0.2655835540911067,43.89934252931085,31.168924202831132,10,2.2629738277347506,0.1,27.129144740910117,0.6873303055763245,1.43343610263894,1.239022141234164
session_20260812_134202_hold_breath_off_hold_breath_off_w00014,session_20260812_134202_hold_breath_off_hold_breath_off,/Users/jandonyggarofalo/Documents/Desa/UNI/Semestre7/embebidos/esp-csi/examples/get-started/csi_send/data/raw/session_20260812_134202_hold_breath_off_hold_breath_off.csv,80.0,100.0,hold_breath,accepted,,ambiguous_breathing_evidence,,2052,74.659,0.00161428,29.425122943097808,0.5565111326696857,52.87427549182573,24.38844194192225,14,2.1144041946588104,0.45,60.561740526605476,0.7622199058532715,1.4687182860744479,1.239022141234164
session_20260812_134202_hold_breath_off_hold_breath_off_w00015,session_20260812_134202_hold_breath_off_hold_breath_off,/Users/jandonyggarofalo/Documents/Desa/UNI/Semestre7/embebidos/esp-csi/examples/get-started/csi_send/data/raw/session_20260812_134202_hold_breath_off_hold_breath_off.csv,85.0,105.0,hold_breath,rejected,transition_guard,not_evaluated,,2059,,,,,,,,,,,,,
session_20260812_134404_hold_breath_off_hold_breath_off_w00000,session_20260812_134404_hold_breath_off_hold_breath_off,/Users/jandonyggarofalo/Documents/Desa/UNI/Semestre7/embebidos/esp-csi/examples/get-started/csi_send/data/raw/session_20260812_134404_hold_breath_off_hold_breath_off.csv,10.0,30.0,breathing,rejected,time_gap,not_evaluated,,1966,128.672,,,,,,,,,,,,
session_20260812_134404_hold_breath_off_hold_breath_off_w00001,session_20260812_134404_hold_breath_off_hold_breath_off,/Users/jandonyggarofalo/Documents/Desa/UNI/Semestre7/embebidos/esp-csi/examples/get-started/csi_send/data/raw/session_20260812_134404_hold_breath_off_hold_breath_off.csv,15.0,35.0,breathing,rejected,time_gap,not_evaluated,,1992,128.672,,,,,,,,,,,,
session_20260812_134404_hold_breath_off_hold_breath_off_w00002,session_20260812_134404_hold_breath_off_hold_breath_off,/Users/jandonyggarofalo/Documents/Desa/UNI/Semestre7/embebidos/esp-csi/examples/get-started/csi_send/data/raw/session_20260812_134404_hold_breath_off_hold_breath_off.csv,20.0,40.0,breathing,rejected,time_gap,not_evaluated,,1983,128.672,,,,,,,,,,,,
session_20260812_134404_hold_breath_off_hold_breath_off_w00003,session_20260812_134404_hold_breath_off_hold_breath_off,/Users/jandonyggarofalo/Documents/Desa/UNI/Semestre7/embebidos/esp-csi/examples/get-started/csi_send/data/raw/session_20260812_134404_hold_breath_off_hold_breath_off.csv,25.0,45.0,breathing,rejected,time_gap,not_evaluated,,1991,118.346,,,,,,,,,,,,
session_20260812_134404_hold_breath_off_hold_breath_off_w00004,session_20260812_134404_hold_breath_off_hold_breath_off,/Users/jandonyggarofalo/Documents/Desa/UNI/Semestre7/embebidos/esp-csi/examples/get-started/csi_send/data/raw/session_20260812_134404_hold_breath_off_hold_breath_off.csv,30.0,50.0,breathing,rejected,time_gap,not_evaluated,,1993,118.346,,,,,,,,,,,,
session_20260812_134404_hold_breath_off_hold_breath_off_w00005,session_20260812_134404_hold_breath_off_hold_breath_off,/Users/jandonyggarofalo/Documents/Desa/UNI/Semestre7/embebidos/esp-csi/examples/get-started/csi_send/data/raw/session_20260812_134404_hold_breath_off_hold_breath_off.csv,35.0,55.0,breathing,rejected,time_gap,not_evaluated,,1985,118.346,,,,,,,,,,,,
session_20260812_134404_hold_breath_off_hold_breath_off_w00006,session_20260812_134404_hold_breath_off_hold_breath_off,/Users/jandonyggarofalo/Documents/Desa/UNI/Semestre7/embebidos/esp-csi/examples/get-started/csi_send/data/raw/session_20260812_134404_hold_breath_off_hold_breath_off.csv,40.0,60.0,breathing,rejected,transition_guard,not_evaluated,,1997,,,,,,,,,,,,,
session_20260812_134404_hold_breath_off_hold_breath_off_w00007,session_20260812_134404_hold_breath_off_hold_breath_off,/Users/jandonyggarofalo/Documents/Desa/UNI/Semestre7/embebidos/esp-csi/examples/get-started/csi_send/data/raw/session_20260812_134404_hold_breath_off_hold_breath_off.csv,45.0,65.0,breathing,rejected,mixed_or_unknown_label,not_evaluated,,1991,,,,,,,,,,,,,
session_20260812_134404_hold_breath_off_hold_breath_off_w00008,session_20260812_134404_hold_breath_off_hold_breath_off,/Users/jandonyggarofalo/Documents/Desa/UNI/Semestre7/embebidos/esp-csi/examples/get-started/csi_send/data/raw/session_20260812_134404_hold_breath_off_hold_breath_off.csv,50.0,70.0,breathing,rejected,mixed_or_unknown_label,not_evaluated,,1969,,,,,,,,,,,,,
session_20260812_134404_hold_breath_off_hold_breath_off_w00009,session_20260812_134404_hold_breath_off_hold_breath_off,/Users/jandonyggarofalo/Documents/Desa/UNI/Semestre7/embebidos/esp-csi/examples/get-started/csi_send/data/raw/session_20260812_134404_hold_breath_off_hold_breath_off.csv,55.0,75.0,hold_breath,rejected,mixed_or_unknown_label,not_evaluated,,1949,,,,,,,,,,,,,
session_20260812_134404_hold_breath_off_hold_breath_off_w00010,session_20260812_134404_hold_breath_off_hold_breath_off,/Users/jandonyggarofalo/Documents/Desa/UNI/Semestre7/embebidos/esp-csi/examples/get-started/csi_send/data/raw/session_20260812_134404_hold_breath_off_hold_breath_off.csv,60.0,80.0,hold_breath,rejected,transition_guard,not_evaluated,,1929,,,,,,,,,,,,,
session_20260812_134404_hold_breath_off_hold_breath_off_w00011,session_20260812_134404_hold_breath_off_hold_breath_off,/Users/jandonyggarofalo/Documents/Desa/UNI/Semestre7/embebidos/esp-csi/examples/get-started/csi_send/data/raw/session_20260812_134404_hold_breath_off_hold_breath_off.csv,65.0,85.0,hold_breath,rejected,time_gap,not_evaluated,,1928,129.781,,,,,,,,,,,,
session_20260812_134404_hold_breath_off_hold_breath_off_w00012,session_20260812_134404_hold_breath_off_hold_breath_off,/Users/jandonyggarofalo/Documents/Desa/UNI/Semestre7/embebidos/esp-csi/examples/get-started/csi_send/data/raw/session_20260812_134404_hold_breath_off_hold_breath_off.csv,70.0,90.0,hold_breath,rejected,time_gap,not_evaluated,,1952,129.781,,,,,,,,,,,,
session_20260812_134404_hold_breath_off_hold_breath_off_w00013,session_20260812_134404_hold_breath_off_hold_breath_off,/Users/jandonyggarofalo/Documents/Desa/UNI/Semestre7/embebidos/esp-csi/examples/get-started/csi_send/data/raw/session_20260812_134404_hold_breath_off_hold_breath_off.csv,75.0,95.0,hold_breath,rejected,time_gap,not_evaluated,,1981,129.781,,,,,,,,,,,,
session_20260812_134404_hold_breath_off_hold_breath_off_w00014,session_20260812_134404_hold_breath_off_hold_breath_off,/Users/jandonyggarofalo/Documents/Desa/UNI/Semestre7/embebidos/esp-csi/examples/get-started/csi_send/data/raw/session_20260812_134404_hold_breath_off_hold_breath_off.csv,80.0,100.0,hold_breath,accepted,,not_evaluated,,1999,63.964,0.00237228,133.32794471580792,2.4675570538278753,54.03236553696893,59.0664908023712,13,1.4826119915950486,0.35000000000000003,480.62885333017744,0.7706151604652405,2.124921184402195,
session_20260812_134404_hold_breath_off_hold_breath_off_w00015,session_20260812_134404_hold_breath_off_hold_breath_off,/Users/jandonyggarofalo/Documents/Desa/UNI/Semestre7/embebidos/esp-csi/examples/get-started/csi_send/data/raw/session_20260812_134404_hold_breath_off_hold_breath_off.csv,85.0,105.0,hold_breath,accepted,,not_evaluated,,2003,70.437,0.00214912,227.2114763989195,4.7659396169799875,47.674014918142824,410.1085268257164,9,2.1640067292905663,0.1,565.4964476089264,0.7863621115684509,2.6128987990725605,
session_20260812_134404_hold_breath_off_hold_breath_off_w00016,session_20260812_134404_hold_breath_off_hold_breath_off,/Users/jandonyggarofalo/Documents/Desa/UNI/Semestre7/embebidos/esp-csi/examples/get-started/csi_send/data/raw/session_20260812_134404_hold_breath_off_hold_breath_off.csv,90.0,110.0,hold_breath,accepted,,not_evaluated,,1989,93.462,0.00199928,190.53219274683582,3.5638929350233015,53.46181723765409,102.34945684714883,13,1.9261788559663369,0.30000000000000004,689.6132962764727,0.7566712498664856,2.2799683655817184,
session_20260812_134404_hold_breath_off_hold_breath_off_w00017,session_20260812_134404_hold_breath_off_hold_breath_off,/Users/jandonyggarofalo/Documents/Desa/UNI/Semestre7/embebidos/esp-csi/examples/get-started/csi_send/data/raw/session_20260812_134404_hold_breath_off_hold_breath_off.csv,95.0,115.0,hold_breath,accepted,,not_evaluated,,1989,93.462,0.00121371,303.60818663272954,5.640776527333099,53.82382818420544,139.53959605250247,12,1.9764487661820265,0.4,719.0704336484703,0.7463736534118652,2.482313477900271,
session_20260812_134404_hold_breath_off_hold_breath_off_w00018,session_20260812_134404_hold_breath_off_hold_breath_off,/Users/jandonyggarofalo/Documents/Desa/UNI/Semestre7/embebidos/esp-csi/examples/get-started/csi_send/data/raw/session_20260812_134404_hold_breath_off_hold_breath_off.csv,100.0,120.0,hold_breath,accepted,,not_evaluated,,2002,93.462,0.00103022,211.07185458529926,3.86058008621753,54.673611185733975,80.27587950222832,12,1.7502999095588352,0.4,730.1695886088969,0.7193217277526855,2.324430326092003,
session_20260812_134404_hold_breath_off_hold_breath_off_w00019,session_20260812_134404_hold_breath_off_hold_breath_off,/Users/jandonyggarofalo/Documents/Desa/UNI/Semestre7/embebidos/esp-csi/examples/get-started/csi_send/data/raw/session_20260812_134404_hold_breath_off_hold_breath_off.csv,105.0,125.0,hold_breath,accepted,,not_evaluated,,1995,93.462,0.00121397,52.300347756840246,0.9713527935829825,53.8427933726001,57.53356318699959,14,1.7184030744526406,0.35000000000000003,228.28029284096178,0.7095842361450195,1.7599212717229107,
session_20260812_134404_hold_breath_off_hold_breath_off_w00020,session_20260812_134404_hold_breath_off_hold_breath_off,/Users/jandonyggarofalo/Documents/Desa/UNI/Semestre7/embebidos/esp-csi/examples/get-started/csi_send/data/raw/session_20260812_134404_hold_breath_off_hold_breath_off.csv,110.0,130.0,hold_breath,rejected,time_gap,not_evaluated,,2005,173.628,,,,,,,,,,,,
session_20260812_134940_hold_breath_off_hold_breath_off_w00000,session_20260812_134940_hold_breath_off_hold_breath_off,/Users/jandonyggarofalo/Documents/Desa/UNI/Semestre7/embebidos/esp-csi/examples/get-started/csi_send/data/raw/session_20260812_134940_hold_breath_off_hold_breath_off.csv,10.0,30.0,breathing,rejected,time_gap,not_evaluated,,1278,2632.927,,,,,,,,,,,,
session_20260812_134940_hold_breath_off_hold_breath_off_w00001,session_20260812_134940_hold_breath_off_hold_breath_off,/Users/jandonyggarofalo/Documents/Desa/UNI/Semestre7/embebidos/esp-csi/examples/get-started/csi_send/data/raw/session_20260812_134940_hold_breath_off_hold_breath_off.csv,15.0,35.0,breathing,rejected,time_gap,not_evaluated,,1138,5924.267,,,,,,,,,,,,
session_20260812_134940_hold_breath_off_hold_breath_off_w00002,session_20260812_134940_hold_breath_off_hold_breath_off,/Users/jandonyggarofalo/Documents/Desa/UNI/Semestre7/embebidos/esp-csi/examples/get-started/csi_send/data/raw/session_20260812_134940_hold_breath_off_hold_breath_off.csv,20.0,40.0,breathing,rejected,time_gap,not_evaluated,,1021,5924.267,,,,,,,,,,,,
session_20260812_134940_hold_breath_off_hold_breath_off_w00003,session_20260812_134940_hold_breath_off_hold_breath_off,/Users/jandonyggarofalo/Documents/Desa/UNI/Semestre7/embebidos/esp-csi/examples/get-started/csi_send/data/raw/session_20260812_134940_hold_breath_off_hold_breath_off.csv,25.0,45.0,breathing,rejected,time_gap,not_evaluated,,1129,5924.267,,,,,,,,,,,,
session_20260812_134940_hold_breath_off_hold_breath_off_w00004,session_20260812_134940_hold_breath_off_hold_breath_off,/Users/jandonyggarofalo/Documents/Desa/UNI/Semestre7/embebidos/esp-csi/examples/get-started/csi_send/data/raw/session_20260812_134940_hold_breath_off_hold_breath_off.csv,30.0,50.0,breathing,rejected,time_gap,not_evaluated,,1267,2782.838,,,,,,,,,,,,
session_20260812_134940_hold_breath_off_hold_breath_off_w00005,session_20260812_134940_hold_breath_off_hold_breath_off,/Users/jandonyggarofalo/Documents/Desa/UNI/Semestre7/embebidos/esp-csi/examples/get-started/csi_send/data/raw/session_20260812_134940_hold_breath_off_hold_breath_off.csv,35.0,55.0,breathing,rejected,time_gap,not_evaluated,,1273,4480.031,,,,,,,,,,,,
session_20260812_134940_hold_breath_off_hold_breath_off_w00006,session_20260812_134940_hold_breath_off_hold_breath_off,/Users/jandonyggarofalo/Documents/Desa/UNI/Semestre7/embebidos/esp-csi/examples/get-started/csi_send/data/raw/session_20260812_134940_hold_breath_off_hold_breath_off.csv,40.0,60.0,breathing,rejected,transition_guard,not_evaluated,,1388,,,,,,,,,,,,,
session_20260812_134940_hold_breath_off_hold_breath_off_w00007,session_20260812_134940_hold_breath_off_hold_breath_off,/Users/jandonyggarofalo/Documents/Desa/UNI/Semestre7/embebidos/esp-csi/examples/get-started/csi_send/data/raw/session_20260812_134940_hold_breath_off_hold_breath_off.csv,45.0,65.0,breathing,rejected,mixed_or_unknown_label,not_evaluated,,1171,,,,,,,,,,,,,
session_20260812_134940_hold_breath_off_hold_breath_off_w00008,session_20260812_134940_hold_breath_off_hold_breath_off,/Users/jandonyggarofalo/Documents/Desa/UNI/Semestre7/embebidos/esp-csi/examples/get-started/csi_send/data/raw/session_20260812_134940_hold_breath_off_hold_breath_off.csv,50.0,70.0,breathing,rejected,mixed_or_unknown_label,not_evaluated,,1037,,,,,,,,,,,,,
session_20260812_134940_hold_breath_off_hold_breath_off_w00009,session_20260812_134940_hold_breath_off_hold_breath_off,/Users/jandonyggarofalo/Documents/Desa/UNI/Semestre7/embebidos/esp-csi/examples/get-started/csi_send/data/raw/session_20260812_134940_hold_breath_off_hold_breath_off.csv,55.0,75.0,breathing,rejected,mixed_or_unknown_label,not_evaluated,,899,,,,,,,,,,,,,
session_20260812_134940_hold_breath_off_hold_breath_off_w00010,session_20260812_134940_hold_breath_off_hold_breath_off,/Users/jandonyggarofalo/Documents/Desa/UNI/Semestre7/embebidos/esp-csi/examples/get-started/csi_send/data/raw/session_20260812_134940_hold_breath_off_hold_breath_off.csv,60.0,80.0,hold_breath,rejected,transition_guard,not_evaluated,,468,,,,,,,,,,,,,
session_20260812_134940_hold_breath_off_hold_breath_off_w00011,session_20260812_134940_hold_breath_off_hold_breath_off,/Users/jandonyggarofalo/Documents/Desa/UNI/Semestre7/embebidos/esp-csi/examples/get-started/csi_send/data/raw/session_20260812_134940_hold_breath_off_hold_breath_off.csv,65.0,85.0,hold_breath,rejected,insufficient_samples,not_evaluated,,357,,,,,,,,,,,,,
session_20260812_134940_hold_breath_off_hold_breath_off_w00012,session_20260812_134940_hold_breath_off_hold_breath_off,/Users/jandonyggarofalo/Documents/Desa/UNI/Semestre7/embebidos/esp-csi/examples/get-started/csi_send/data/raw/session_20260812_134940_hold_breath_off_hold_breath_off.csv,70.0,90.0,hold_breath,rejected,insufficient_samples,not_evaluated,,354,,,,,,,,,,,,,
session_20260812_134940_hold_breath_off_hold_breath_off_w00013,session_20260812_134940_hold_breath_off_hold_breath_off,/Users/jandonyggarofalo/Documents/Desa/UNI/Semestre7/embebidos/esp-csi/examples/get-started/csi_send/data/raw/session_20260812_134940_hold_breath_off_hold_breath_off.csv,75.0,95.0,hold_breath,rejected,insufficient_samples,not_evaluated,,359,,,,,,,,,,,,,
session_20260812_134940_hold_breath_off_hold_breath_off_w00014,session_20260812_134940_hold_breath_off_hold_breath_off,/Users/jandonyggarofalo/Documents/Desa/UNI/Semestre7/embebidos/esp-csi/examples/get-started/csi_send/data/raw/session_20260812_134940_hold_breath_off_hold_breath_off.csv,80.0,100.0,hold_breath,rejected,insufficient_samples,not_evaluated,,792,,,,,,,,,,,,,
session_20260812_134940_hold_breath_off_hold_breath_off_w00015,session_20260812_134940_hold_breath_off_hold_breath_off,/Users/jandonyggarofalo/Documents/Desa/UNI/Semestre7/embebidos/esp-csi/examples/get-started/csi_send/data/raw/session_20260812_134940_hold_breath_off_hold_breath_off.csv,85.0,105.0,hold_breath,rejected,time_gap,not_evaluated,,1269,5708.982,,,,,,,,,,,,
session_20260812_134940_hold_breath_off_hold_breath_off_w00016,session_20260812_134940_hold_breath_off_hold_breath_off,/Users/jandonyggarofalo/Documents/Desa/UNI/Semestre7/embebidos/esp-csi/examples/get-started/csi_send/data/raw/session_20260812_134940_hold_breath_off_hold_breath_off.csv,90.0,110.0,hold_breath,rejected,time_gap,not_evaluated,,1751,145.364,,,,,,,,,,,,
session_20260812_134940_hold_breath_off_hold_breath_off_w00017,session_20260812_134940_hold_breath_off_hold_breath_off,/Users/jandonyggarofalo/Documents/Desa/UNI/Semestre7/embebidos/esp-csi/examples/get-started/csi_send/data/raw/session_20260812_134940_hold_breath_off_hold_breath_off.csv,95.0,115.0,hold_breath,rejected,time_gap,not_evaluated,,2018,145.364,,,,,,,,,,,,
session_20260812_134940_hold_breath_off_hold_breath_off_w00018,session_20260812_134940_hold_breath_off_hold_breath_off,/Users/jandonyggarofalo/Documents/Desa/UNI/Semestre7/embebidos/esp-csi/examples/get-started/csi_send/data/raw/session_20260812_134940_hold_breath_off_hold_breath_off.csv,100.0,120.0,hold_breath,rejected,time_gap,not_evaluated,,2030,195.471,,,,,,,,,,,,
session_20260812_134940_hold_breath_off_hold_breath_off_w00019,session_20260812_134940_hold_breath_off_hold_breath_off,/Users/jandonyggarofalo/Documents/Desa/UNI/Semestre7/embebidos/esp-csi/examples/get-started/csi_send/data/raw/session_20260812_134940_hold_breath_off_hold_breath_off.csv,105.0,125.0,hold_breath,rejected,time_gap,not_evaluated,,2029,195.471,,,,,,,,,,,,
session_20260812_134940_hold_breath_off_hold_breath_off_w00020,session_20260812_134940_hold_breath_off_hold_breath_off,/Users/jandonyggarofalo/Documents/Desa/UNI/Semestre7/embebidos/esp-csi/examples/get-started/csi_send/data/raw/session_20260812_134940_hold_breath_off_hold_breath_off.csv,110.0,130.0,hold_breath,rejected,time_gap,not_evaluated,,2012,195.471,,,,,,,,,,,,
session_20260812_134940_hold_breath_off_hold_breath_off_w00021,session_20260812_134940_hold_breath_off_hold_breath_off,/Users/jandonyggarofalo/Documents/Desa/UNI/Semestre7/embebidos/esp-csi/examples/get-started/csi_send/data/raw/session_20260812_134940_hold_breath_off_hold_breath_off.csv,115.0,135.0,hold_breath,rejected,time_gap,not_evaluated,,2008,195.471,,,,,,,,,,,,
